Date,BZ=F,CL=F,HO=F,NG=F,RB=F
2018-01-02,66.56999969482422,60.369998931884766,2.0583999156951904,3.055999994277954,1.763100028038025
2018-01-03,67.83999633789062,61.630001068115234,2.0880000591278076,3.007999897003174,1.7973999977111816
2018-01-04,68.06999969482422,62.0099983215332,2.0769999027252197,2.880000114440918,1.8066999912261963
2018-01-05,67.62000274658203,61.439998626708984,2.0587000846862793,2.7950000762939453,1.7857999801635742
2018-01-08,67.77999877929688,61.72999954223633,2.0453999042510986,2.8350000381469727,1.7918000221252441
2018-01-09,68.81999969482422,62.959999084472656,2.066200017929077,2.9230000972747803,1.8361999988555908
2018-01-10,69.19999694824219,63.56999969482422,2.080699920654297,2.9059998989105225,1.8327000141143799
2018-01-11,69.26000213623047,63.79999923706055,2.07669997215271,3.0840001106262207,1.8370000123977661
2018-01-12,69.87000274658203,64.30000305175781,2.0850000381469727,3.200000047683716,1.8494999408721924
2018-01-16,69.1500015258789,63.72999954223633,2.0634000301361084,3.128999948501587,1.8384000062942505
2018-01-17,69.37999725341797,63.970001220703125,2.0690999031066895,3.2320001125335693,1.8583999872207642
2018-01-18,69.30999755859375,63.95000076293945,2.0617001056671143,3.188999891281128,1.8834999799728394
2018-01-19,68.61000061035156,63.369998931884766,2.0583999156951904,3.184999942779541,1.8636000156402588
2018-01-22,69.02999877929688,63.4900016784668,2.0569000244140625,3.2239999771118164,1.8801000118255615
2018-01-23,69.95999908447266,64.47000122070312,2.0861001014709473,3.444000005722046,1.9086999893188477
2018-01-24,70.52999877929688,65.61000061035156,2.106100082397461,3.509000062942505,1.9163999557495117
2018-01-25,70.41999816894531,65.51000213623047,2.1154000759124756,3.447000026702881,1.9154000282287598
2018-01-26,70.5199966430664,66.13999938964844,2.135999917984009,3.505000114440918,1.9377000331878662
2018-01-29,69.45999908447266,65.55999755859375,2.10479998588562,3.63100004196167,1.9349000453948975
2018-01-30,69.0199966430664,64.5,2.071700096130371,3.194999933242798,1.895400047302246
2018-01-31,69.05000305175781,64.7300033569336,2.069200038909912,2.994999885559082,1.9075000286102295
2018-02-01,69.08000183105469,65.80000305175781,2.090399980545044,2.8559999465942383,1.895799994468689
2018-02-02,68.58000183105469,65.44999694824219,2.053499937057495,2.8459999561309814,1.871999979019165
2018-02-05,67.62000274658203,64.1500015258789,2.0195999145507812,2.746999979019165,1.84660005569458
2018-02-06,66.86000061035156,63.38999938964844,1.9851000308990479,2.759000062942505,1.8051999807357788
2018-02-07,65.51000213623047,61.790000915527344,1.9313000440597534,2.7019999027252197,1.7660000324249268
2018-02-08,64.80999755859375,61.150001525878906,1.9213000535964966,2.697000026702881,1.7649999856948853
2018-02-09,62.790000915527344,59.20000076293945,1.8551000356674194,2.5840001106262207,1.7001999616622925
2018-02-12,62.59000015258789,59.290000915527344,1.8388999700546265,2.552000045776367,1.6785000562667847
2018-02-13,62.720001220703125,59.189998626708984,1.836899995803833,2.5940001010894775,1.6852999925613403
2018-02-14,64.36000061035156,60.599998474121094,1.8844000101089478,2.5869998931884766,1.7130000591278076
2018-02-15,64.33000183105469,61.34000015258789,1.8916000127792358,2.5799999237060547,1.73580002784729
2018-02-16,64.83999633789062,61.68000030517578,1.9104000329971313,2.558000087738037,1.7509000301361084
2018-02-20,65.25,61.900001525878906,1.9277000427246094,2.615999937057495,1.7503000497817993
2018-02-21,65.41999816894531,61.68000030517578,1.9322999715805054,2.6589999198913574,1.7573000192642212
2018-02-22,66.38999938964844,62.77000045776367,1.9527000188827515,2.634000062942505,1.7656999826431274
2018-02-23,67.30999755859375,63.54999923706055,1.9694000482559204,2.625,1.808500051498413
2018-02-26,67.5,63.90999984741211,1.9859000444412231,2.6389999389648438,1.82669997215271
2018-02-27,66.62999725341797,63.0099983215332,1.9630000591278076,2.683000087738037,1.8034000396728516
2018-02-28,65.77999877929688,61.63999938964844,1.913599967956543,2.6670000553131104,1.757699966430664
2018-03-01,65.70999908447266,60.9900016784668,1.8854999542236328,2.697999954223633,1.896399974822998
2018-03-02,64.37000274658203,61.25,1.8796000480651855,2.694999933242798,1.9013999700546265
2018-03-05,65.54000091552734,62.56999969482422,1.8967000246047974,2.7039999961853027,1.9349000453948975
2018-03-06,65.79000091552734,62.599998474121094,1.9033000469207764,2.749000072479248,1.9330999851226807
2018-03-07,64.33999633789062,61.150001525878906,1.8746000528335571,2.7769999504089355,1.9103000164031982
2018-03-08,63.61000061035156,60.119998931884766,1.8590999841690063,2.75600004196167,1.8676999807357788
2018-03-09,65.48999786376953,62.040000915527344,1.8866000175476074,2.7320001125335693,1.9042999744415283
2018-03-12,64.94999694824219,61.36000061035156,1.8646999597549438,2.7780001163482666,1.8940000534057617
2018-03-13,64.63999938964844,60.709999084472656,1.873900055885315,2.7860000133514404,1.886299967765808
2018-03-14,64.88999938964844,60.959999084472656,1.8870999813079834,2.7309999465942383,1.924299955368042
2018-03-15,65.12000274658203,61.189998626708984,1.892899990081787,2.680999994277954,1.9248000383377075
2018-03-16,66.20999908447266,62.34000015258789,1.9118000268936157,2.687999963760376,1.9458999633789062
2018-03-19,66.05000305175781,62.060001373291016,1.906999945640564,2.6510000228881836,1.9249000549316406
2018-03-20,67.41999816894531,63.400001525878906,1.9494999647140503,2.674999952316284,1.96589994430542
2018-03-21,69.47000122070312,65.16999816894531,2.003700017929077,2.638000011444092,2.012200117111206
2018-03-22,68.91000366210938,64.30000305175781,1.992300033569336,2.617000102996826,2.0095999240875244
2018-03-23,70.44999694824219,65.87999725341797,2.018399953842163,2.5910000801086426,2.033600091934204
2018-03-26,70.12000274658203,65.55000305175781,2.015000104904175,2.618000030517578,2.0104000568389893
2018-03-27,70.11000061035156,65.25,2.02239990234375,2.690999984741211,2.0134999752044678
2018-03-28,69.52999877929688,64.37999725341797,2.0148000717163086,2.697999954223633,2.0116000175476074
2018-03-29,70.2699966430664,64.94000244140625,2.02839994430542,2.7330000400543213,2.017899990081787
2018-04-02,67.63999938964844,63.0099983215332,1.9802000522613525,2.683000087738037,1.9660999774932861
2018-04-03,68.12000274658203,63.5099983215332,1.9950000047683716,2.697000026702881,1.9740999937057495
2018-04-04,68.0199966430664,63.369998931884766,1.9773000478744507,2.7179999351501465,1.9767999649047852
2018-04-05,68.33000183105469,63.540000915527344,1.9765000343322754,2.674999952316284,1.981600046157837
2018-04-06,67.11000061035156,62.060001373291016,1.957800030708313,2.7009999752044678,1.954699993133545
2018-04-09,68.6500015258789,63.41999816894531,1.9966000318527222,2.693000078201294,1.9842000007629395
2018-04-10,71.04000091552734,65.51000213623047,2.0648000240325928,2.6559998989105225,2.0408999919891357
2018-04-11,72.05999755859375,66.81999969482422,2.0927000045776367,2.674999952316284,2.0676000118255615
2018-04-12,72.0199966430664,67.06999969482422,2.0838000774383545,2.686000108718872,2.0546000003814697
2018-04-13,72.58000183105469,67.38999938964844,2.1001999378204346,2.734999895095825,2.0653998851776123
2018-04-16,71.41999816894531,66.22000122070312,2.0703001022338867,2.752000093460083,2.039900064468384
2018-04-17,71.58000183105469,66.5199966430664,2.0571000576019287,2.73799991607666,2.0411999225616455
2018-04-18,73.4800033569336,68.47000122070312,2.091099977493286,2.739000082015991,2.0683000087738037
2018-04-19,73.77999877929688,68.29000091552734,2.1094000339508057,2.6600000858306885,2.077399969100952
2018-04-20,74.05999755859375,68.37999725341797,2.122999906539917,2.739000082015991,2.095900058746338
2018-04-23,74.70999908447266,68.63999938964844,2.140899896621704,2.740000009536743,2.123699903488159
2018-04-24,73.86000061035156,67.69999694824219,2.1275999546051025,2.7809998989105225,2.094899892807007
2018-04-25,74.0,68.05000305175781,2.135999917984009,2.7860000133514404,2.0896999835968018
2018-04-26,74.73999786376953,68.19000244140625,2.1600000858306885,2.821000099182129,2.112299919128418
2018-04-27,74.63999938964844,68.0999984741211,2.150899887084961,2.7709999084472656,2.1268999576568604
2018-04-30,75.16999816894531,68.56999969482422,2.1673998832702637,2.763000011444092,2.129199981689453
2018-05-01,75.16999816894531,67.25,2.0996999740600586,2.802000045776367,2.087599992752075
2018-05-02,73.36000061035156,67.93000030517578,2.121500015258789,2.753999948501587,2.0797998905181885
2018-05-03,73.62000274658203,68.43000030517578,2.1126999855041504,2.7260000705718994,2.0875000953674316
2018-05-04,74.87000274658203,69.72000122070312,2.1540000438690186,2.7109999656677246,2.114000082015991
2018-05-07,76.16999816894531,70.7300033569336,2.184999942779541,2.740999937057495,2.134000062942505
2018-05-08,74.8499984741211,69.05999755859375,2.1577000617980957,2.7320001125335693,2.1113998889923096
2018-05-09,77.20999908447266,71.13999938964844,2.2179999351501465,2.736999988555908,2.16729998588562
2018-05-10,77.47000122070312,71.36000061035156,2.2228000164031982,2.813999891281128,2.188999891281128
2018-05-11,77.12000274658203,70.69999694824219,2.2219998836517334,2.805999994277954,2.188800096511841
2018-05-14,78.2300033569336,70.95999908447266,2.2495999336242676,2.8420000076293945,2.200200080871582
2018-05-15,78.43000030517578,71.30999755859375,2.249000072479248,2.8359999656677246,2.2047998905181885
2018-05-16,79.27999877929688,71.48999786376953,2.269200086593628,2.815000057220459,2.2499001026153564
2018-05-17,79.30000305175781,71.48999786376953,2.2808001041412354,2.8589999675750732,2.2430999279022217
2018-05-18,78.51000213623047,71.27999877929688,2.265500068664551,2.8469998836517334,2.233299970626831
2018-05-21,79.22000122070312,72.23999786376953,2.2737998962402344,2.809999942779541,2.256500005722046
2018-05-22,79.56999969482422,72.12999725341797,2.2799999713897705,2.9079999923706055,2.27020001411438
2018-05-23,79.80000305175781,71.83999633789062,2.289599895477295,2.9140000343322754,2.2600998878479004
2018-05-24,78.79000091552734,70.70999908447266,2.266700029373169,2.940000057220459,2.233799934387207
2018-05-25,76.44000244140625,67.87999725341797,2.2098000049591064,2.938999891281128,2.1814000606536865
2018-05-29,75.38999938964844,66.7300033569336,2.1858999729156494,2.875,2.1440999507904053
2018-05-30,77.5,68.20999908447266,2.2316999435424805,2.884999990463257,2.1842000484466553
2018-05-31,77.58999633789062,67.04000091552734,2.1914000511169434,2.9519999027252197,2.1603000164031982
2018-06-01,77.58999633789062,65.80999755859375,2.176300048828125,2.9619998931884766,2.143399953842163
2018-06-04,75.29000091552734,64.75,2.1524999141693115,2.930000066757202,2.1224000453948975
2018-06-05,75.37999725341797,65.5199966430664,2.1415998935699463,2.890000104904175,2.1061999797821045
2018-06-06,75.36000061035156,64.7300033569336,2.1266000270843506,2.8959999084472656,2.069999933242798
2018-06-07,77.31999969482422,65.94999694824219,2.1798999309539795,2.930000066757202,2.114799976348877
2018-06-08,76.45999908447266,65.73999786376953,2.164299964904785,2.890000104904175,2.115299940109253
2018-06-11,76.45999908447266,66.0999984741211,2.1607000827789307,2.9489998817443848,2.1048998832702637
2018-06-12,75.87999725341797,66.36000061035156,2.161799907684326,2.938999891281128,2.089900016784668
2018-06-13,76.73999786376953,66.63999938964844,2.1851000785827637,2.9630000591278076,2.125200033187866
2018-06-14,75.94000244140625,66.88999938964844,2.1586999893188477,2.9649999141693115,2.0910000801086426
2018-06-15,73.44000244140625,65.05999755859375,2.0869998931884766,3.0220000743865967,2.023200035095215
2018-06-18,75.33999633789062,65.8499984741211,2.1315999031066895,2.9509999752044678,2.0546000003814697
2018-06-19,75.08000183105469,65.06999969482422,2.121799945831299,2.9000000953674316,2.037899971008301
2018-06-20,74.73999786376953,66.22000122070312,2.107100009918213,2.9639999866485596,2.0234999656677246
2018-06-21,73.05000305175781,65.54000091552734,2.0701000690460205,2.9749999046325684,2.0123000144958496
2018-06-22,75.55000305175781,68.58000183105469,2.1254000663757324,2.944999933242798,2.070499897003174
2018-06-25,74.7300033569336,68.08000183105469,2.100399971008301,2.9230000972747803,2.051500082015991
2018-06-26,76.30999755859375,70.52999877929688,2.128999948501587,2.938999891281128,2.0745999813079834
2018-06-27,77.62000274658203,72.76000213623047,2.1772000789642334,2.996000051498413,2.1335999965667725
2018-06-28,77.8499984741211,73.44999694824219,2.1782000064849854,2.940000057220459,2.1328999996185303
2018-06-29,79.44000244140625,74.1500015258789,2.2093000411987305,2.9240000247955322,2.1791000366210938
2018-07-02,77.30000305175781,73.94000244140625,2.1558001041412354,2.861999988555908,2.10479998588562
2018-07-03,77.76000213623047,74.13999938964844,2.1642000675201416,2.869999885559082,2.1175999641418457
2018-07-05,77.38999938964844,72.94000244140625,2.1786999702453613,2.8369998931884766,2.129300117492676
2018-07-06,77.11000061035156,73.80000305175781,2.1684000492095947,2.8580000400543213,2.1085000038146973
2018-07-09,78.06999969482422,73.8499984741211,2.19569993019104,2.828000068664551,2.1484999656677246
2018-07-10,78.86000061035156,74.11000061035156,2.2218000888824463,2.7880001068115234,2.1603000164031982
2018-07-11,73.4000015258789,70.37999725341797,2.100800037384033,2.8289999961853027,2.0613999366760254
2018-07-12,74.44999694824219,70.33000183105469,2.1231000423431396,2.796999931335449,2.071700096130371
2018-07-13,75.33000183105469,71.01000213623047,2.1333999633789062,2.752000093460083,2.1066999435424805
2018-07-16,71.83999633789062,68.05999755859375,2.05430006980896,2.759000062942505,2.00219988822937
2018-07-17,72.16000366210938,68.08000183105469,2.0701000690460205,2.740000009536743,2.026099920272827
2018-07-18,72.9000015258789,68.76000213623047,2.0903000831604004,2.7209999561309814,2.0443999767303467
2018-07-19,72.58000183105469,69.45999908447266,2.090100049972534,2.7690000534057617,2.0434999465942383
2018-07-20,73.06999969482422,70.45999908447266,2.1043999195098877,2.756999969482422,2.069000005722046
2018-07-23,73.05999755859375,67.88999938964844,2.118000030517578,2.7209999561309814,2.091399908065796
2018-07-24,73.44000244140625,68.5199966430664,2.1326000690460205,2.7320001125335693,2.095599889755249
2018-07-25,73.93000030517578,69.30000305175781,2.15120005607605,2.7750000953674316,2.1231000423431396
2018-07-26,74.54000091552734,69.61000061035156,2.1768999099731445,2.7799999713897705,2.1623001098632812
2018-07-27,74.29000091552734,68.69000244140625,2.1552000045776367,2.822000026702881,2.161900043487549
2018-07-30,74.97000122070312,70.12999725341797,2.1710000038146973,2.796999931335449,2.1603000164031982
2018-07-31,74.25,68.76000213623047,2.1319000720977783,2.7820000648498535,2.1291000843048096
2018-08-01,74.25,67.66000366210938,2.097399950027466,2.757999897003174,2.045099973678589
2018-08-02,73.44999694824219,68.95999908447266,2.1317999362945557,2.815999984741211,2.0680999755859375
2018-08-03,73.20999908447266,68.48999786376953,2.1268999576568604,2.8529999256134033,2.065500020980835
2018-08-06,73.75,69.01000213623047,2.1393001079559326,2.859999895095825,2.0650999546051025
2018-08-07,74.6500015258789,69.16999816894531,2.169100046157837,2.8970000743865967,2.1040000915527344
2018-08-08,72.27999877929688,66.94000244140625,2.1157000064849854,2.9489998817443848,2.0195000171661377
2018-08-09,72.06999969482422,66.80999755859375,2.1119000911712646,2.9549999237060547,1.999899983406067
2018-08-10,72.80999755859375,67.62999725341797,2.139699935913086,2.944000005722046,2.0392000675201416
2018-08-13,72.61000061035156,67.19999694824219,2.13700008392334,2.930000066757202,2.014699935913086
2018-08-14,72.45999908447266,67.04000091552734,2.128700017929077,2.9590001106262207,2.03410005569458
2018-08-15,70.76000213623047,65.01000213623047,2.090399980545044,2.940000057220459,1.9974000453948975
2018-08-16,71.43000030517578,65.45999908447266,2.096400022506714,2.9079999923706055,1.9874000549316406
2018-08-17,71.83000183105469,65.91000366210938,2.0982000827789307,2.946000099182129,1.9809000492095947
2018-08-20,72.20999908447266,66.43000030517578,2.113800048828125,2.940999984741211,2.0151000022888184
2018-08-21,72.62999725341797,67.3499984741211,2.1236000061035156,2.9800000190734863,2.017899990081787
2018-08-22,74.77999877929688,67.86000061035156,2.168299913406372,2.9560000896453857,2.068000078201294
2018-08-23,74.7300033569336,67.83000183105469,2.1754000186920166,2.9639999866485596,2.0592000484466553
2018-08-24,75.81999969482422,68.72000122070312,2.202199935913086,2.9170000553131104,2.077899932861328
2018-08-27,76.20999908447266,68.87000274658203,2.214900016784668,2.875999927520752,2.089600086212158
2018-08-28,75.94999694824219,68.52999877929688,2.211400032043457,2.8519999980926514,2.078700065612793
2018-08-29,77.13999938964844,69.51000213623047,2.2421000003814697,2.8949999809265137,2.1059999465942383
2018-08-30,77.7699966430664,70.25,2.248300075531006,2.874000072479248,2.1435000896453857
2018-08-31,77.41999816894531,69.80000305175781,2.241300106048584,2.9159998893737793,2.143699884414673
2018-09-04,78.16999816894531,69.87000274658203,2.254699945449829,2.822999954223633,1.9941999912261963
2018-09-05,77.2699966430664,68.72000122070312,2.234499931335449,2.7950000762939453,1.9648000001907349
2018-09-06,76.5,67.7699966430664,2.2091000080108643,2.7720000743865967,1.9509999752044678
2018-09-07,76.83000183105469,67.75,2.2181999683380127,2.7760000228881836,1.9700000286102295
2018-09-10,77.37000274658203,67.54000091552734,2.2177999019622803,2.803999900817871,1.9592000246047974
2018-09-11,79.05999755859375,69.25,2.252000093460083,2.828000068664551,2.01419997215271
2018-09-12,79.73999786376953,70.37000274658203,2.257699966430664,2.8289999961853027,2.0348000526428223
2018-09-13,78.18000030517578,68.58999633789062,2.2235000133514404,2.816999912261963,1.992900013923645
2018-09-14,78.08999633789062,68.98999786376953,2.209199905395508,2.7669999599456787,1.9701999425888062
2018-09-17,78.05000305175781,68.91000366210938,2.206399917602539,2.813999891281128,1.9767999649047852
2018-09-18,79.02999877929688,69.8499984741211,2.2356998920440674,2.933000087738037,2.0048999786376953
2018-09-19,79.4000015258789,71.12000274658203,2.2465999126434326,2.9079999923706055,2.020699977874756
2018-09-20,78.69999694824219,70.80000305175781,2.2279999256134033,2.9760000705718994,2.0146000385284424
2018-09-21,78.80000305175781,70.77999877929688,2.2260000705718994,2.9769999980926514,2.0171000957489014
2018-09-24,81.19999694824219,72.08000183105469,2.285900115966797,3.0380001068115234,2.0546998977661133
2018-09-25,81.87000274658203,72.27999877929688,2.305299997329712,3.0820000171661377,2.067699909210205
2018-09-26,81.33999633789062,71.56999969482422,2.299799919128418,3.0209999084472656,2.058500051498413
2018-09-27,81.72000122070312,72.12000274658203,2.3231000900268555,3.055999994277954,2.08240008354187
2018-09-28,82.72000122070312,73.25,2.351799964904785,3.007999897003174,2.1012001037597656
2018-10-01,84.9800033569336,75.30000305175781,2.407900094985962,3.0940001010894775,2.127500057220459
2018-10-02,84.80000305175781,75.2300033569336,2.407599925994873,3.1659998893737793,2.1268999576568604
2018-10-03,86.29000091552734,76.41000366210938,2.4372000694274902,3.2300000190734863,2.1377999782562256
2018-10-04,84.58000183105469,74.33000183105469,2.3996999263763428,3.1649999618530273,2.100399971008301
2018-10-05,84.16000366210938,74.33999633789062,2.3922998905181885,3.1429998874664307,2.0861001014709473
2018-10-08,83.91000366210938,74.29000091552734,2.394200086593628,3.2669999599456787,2.0936999320983887
2018-10-09,85.0,74.95999908447266,2.423799991607666,3.2660000324249268,2.077399969100952
2018-10-10,83.08999633789062,73.16999816894531,2.39490008354187,3.2839999198913574,2.020400047302246
2018-10-11,80.26000213623047,70.97000122070312,2.332200050354004,3.2219998836517334,1.9327000379562378
2018-10-12,80.43000030517578,71.33999633789062,2.3213000297546387,3.1610000133514404,1.9420000314712524
2018-10-15,80.77999877929688,71.77999877929688,2.325700044631958,3.242000102996826,1.9443000555038452
2018-10-16,81.41000366210938,71.91999816894531,2.3401999473571777,3.239000082015991,1.9773000478744507
2018-10-17,80.05000305175781,69.75,2.3111000061035156,3.319999933242798,1.9186999797821045
2018-10-18,79.29000091552734,68.6500015258789,2.2948999404907227,3.197999954223633,1.8911000490188599
2018-10-19,79.77999877929688,69.12000274658203,2.302000045776367,3.25,1.9139000177383423
2018-10-22,79.83000183105469,69.16999816894531,2.3180999755859375,3.138000011444092,1.9067000150680542
2018-10-23,76.44000244140625,66.43000030517578,2.2483999729156494,3.2119998931884766,1.8367999792099
2018-10-24,76.16999816894531,66.81999969482422,2.2520999908447266,3.1659998893737793,1.8222999572753906
2018-10-25,76.88999938964844,67.33000183105469,2.27810001373291,3.2019999027252197,1.8128999471664429
2018-10-26,77.62000274658203,67.58999633789062,2.302999973297119,3.184999942779541,1.815000057220459
2018-10-29,77.33999633789062,67.04000091552734,2.2843000888824463,3.184999942779541,1.8249000310897827
2018-10-30,75.91000366210938,66.18000030517578,2.2597999572753906,3.187000036239624,1.805899977684021
2018-10-31,75.47000122070312,65.30999755859375,2.2618000507354736,3.260999917984009,1.7680000066757202
2018-11-01,75.5,63.689998626708984,2.2007999420166016,3.236999988555908,1.7165000438690186
2018-11-02,72.83000183105469,63.13999938964844,2.172800064086914,3.2839999198913574,1.708299994468689
2018-11-05,73.16999816894531,63.099998474121094,2.1963000297546387,3.566999912261963,1.6919000148773193
2018-11-06,72.12999725341797,62.209999084472656,2.1882998943328857,3.555000066757202,1.694000005722046
2018-11-07,72.06999969482422,61.66999816894531,2.2370998859405518,3.555000066757202,1.6474000215530396
2018-11-08,70.6500015258789,60.66999816894531,2.168299913406372,3.5429999828338623,1.6442999839782715
2018-11-09,70.18000030517578,60.189998626708984,2.172800064086914,3.7190001010894775,1.621399998664856
2018-11-12,70.12000274658203,59.93000030517578,2.155600070953369,3.7880001068115234,1.6367000341415405
2018-11-13,65.47000122070312,55.689998626708984,2.0625,4.10099983215332,1.5427000522613525
2018-11-14,66.12000274658203,56.25,2.095900058746338,4.836999893188477,1.5606000423431396
2018-11-15,66.62000274658203,56.459999084472656,2.0741000175476074,4.038000106811523,1.5565999746322632
2018-11-16,66.76000213623047,56.459999084472656,2.073699951171875,4.271999835968018,1.5770000219345093
2018-11-19,66.79000091552734,56.7599983215332,2.086400032043457,4.699999809265137,1.582900047302246
2018-11-20,62.529998779296875,53.43000030517578,1.9902000427246094,4.5229997634887695,1.49590003490448
2018-11-21,63.47999954223633,54.630001068115234,1.9701999425888062,4.451000213623047,1.510699987411499
2018-11-23,58.79999923706055,50.41999816894531,1.8761999607086182,4.308000087738037,1.3912999629974365
2018-11-26,60.47999954223633,51.630001068115234,1.8930000066757202,4.248000144958496,1.4426000118255615
2018-11-27,60.209999084472656,51.560001373291016,1.8860000371932983,4.26200008392334,1.420799970626831
2018-11-28,58.7599983215332,50.290000915527344,1.8384000062942505,4.715000152587891,1.3978999853134155
2018-11-29,59.5099983215332,51.45000076293945,1.8436000347137451,4.645999908447266,1.454699993133545
2018-11-30,58.709999084472656,50.93000030517578,1.8454999923706055,4.611999988555908,1.4413000345230103
2018-12-03,61.689998626708984,52.95000076293945,1.8875000476837158,4.339000225067139,1.431399941444397
2018-12-04,62.08000183105469,53.25,1.9009000062942505,4.456999778747559,1.4434000253677368
2018-12-06,60.060001373291016,51.4900016784668,1.858199954032898,4.327000141143799,1.43340003490448
2018-12-07,61.66999816894531,52.61000061035156,1.886199951171875,4.48799991607666,1.48580002784729
2018-12-10,59.970001220703125,51.0,1.844099998474121,4.545000076293945,1.4189000129699707
2018-12-11,60.20000076293945,51.650001525878906,1.847100019454956,4.4070000648498535,1.4398000240325928
2018-12-12,60.150001525878906,51.150001525878906,1.8509000539779663,4.136000156402588,1.4204000234603882
2018-12-13,61.45000076293945,52.58000183105469,1.8765000104904175,4.124000072479248,1.4781999588012695
2018-12-14,60.279998779296875,51.20000076293945,1.8452999591827393,3.8269999027252197,1.4342999458312988
2018-12-17,59.61000061035156,49.880001068115234,1.82669997215271,3.5280001163482666,1.4104000329971313
2018-12-18,56.2599983215332,46.2400016784668,1.7539000511169434,3.8380000591278076,1.3504999876022339
2018-12-19,57.2400016784668,47.20000076293945,1.805400013923645,3.7260000705718994,1.386299967765808
2018-12-20,54.349998474121094,45.880001068115234,1.7496999502182007,3.5829999446868896,1.3223999738693237
2018-12-21,53.81999969482422,45.59000015258789,1.732699990272522,3.815999984741211,1.3183000087738037
2018-12-24,50.470001220703125,42.529998779296875,1.6621999740600586,3.4670000076293945,1.2488000392913818
2018-12-26,54.470001220703125,46.220001220703125,1.7336000204086304,3.5429999828338623,1.330399990081787
2018-12-27,52.15999984741211,44.61000061035156,1.6783000230789185,3.6419999599456787,1.3040000200271606
2018-12-28,52.20000076293945,45.33000183105469,1.6647000312805176,3.302999973297119,1.326200008392334
2018-12-31,53.79999923706055,45.40999984741211,1.680799961090088,2.940000057220459,1.323699951171875
2019-01-02,54.90999984741211,46.540000915527344,1.700600028038025,2.9579999446868896,1.325600028038025
2019-01-03,55.95000076293945,47.09000015258789,1.7419999837875366,2.944999933242798,1.3494999408721924
2019-01-04,57.060001373291016,47.959999084472656,1.7691999673843384,3.0439999103546143,1.3478000164031982
2019-01-07,57.33000183105469,48.52000045776367,1.77839994430542,2.944000005722046,1.3408000469207764
2019-01-08,58.720001220703125,49.779998779296875,1.8270000219345093,2.9670000076293945,1.3625999689102173
2019-01-09,61.439998626708984,52.36000061035156,1.8808000087738037,2.9839999675750732,1.4254000186920166
2019-01-10,61.68000030517578,52.59000015258789,1.9061000347137451,2.9690001010894775,1.4306999444961548
2019-01-11,60.47999954223633,51.59000015258789,1.879699945449829,3.0989999771118164,1.4006999731063843
2019-01-14,58.9900016784668,50.5099983215332,1.8524999618530273,3.5910000801086426,1.363800048828125
2019-01-15,60.63999938964844,52.11000061035156,1.8722000122070312,3.500999927520752,1.4113999605178833
2019-01-16,61.31999969482422,52.310001373291016,1.8946000337600708,3.384000062942505,1.4158999919891357
2019-01-17,61.18000030517578,52.06999969482422,1.8842999935150146,3.4130001068115234,1.4299999475479126
2019-01-18,62.70000076293945,53.79999923706055,1.9160000085830688,3.4820001125335693,1.4528000354766846
2019-01-22,61.5,52.56999969482422,1.9011000394821167,3.0399999618530273,1.4014999866485596
2019-01-23,61.13999938964844,52.619998931884766,1.8885999917984009,2.9800000190734863,1.385699987411499
2019-01-24,61.09000015258789,53.130001068115234,1.885599970817566,3.0989999771118164,1.3875999450683594
2019-01-25,61.63999938964844,53.689998626708984,1.8918999433517456,3.177999973297119,1.3894000053405762
2019-01-28,59.93000030517578,51.9900016784668,1.8377000093460083,2.9110000133514404,1.3330999612808228
2019-01-29,61.31999969482422,53.310001373291016,1.8975000381469727,2.950000047683716,1.3509000539779663
2019-01-30,61.650001525878906,54.22999954223633,1.8983999490737915,2.8540000915527344,1.3823000192642212
2019-01-31,61.88999938964844,53.790000915527344,1.8788000345230103,2.813999891281128,1.3626999855041504
2019-02-01,61.869998931884766,55.2599983215332,1.9127000570297241,2.7339999675750732,1.436900019645691
2019-02-04,62.5099983215332,54.560001373291016,1.9074000120162964,2.6600000858306885,1.4322999715805054
2019-02-05,61.97999954223633,53.65999984741211,1.8975000381469727,2.6619999408721924,1.4258999824523926
2019-02-06,62.689998626708984,54.0099983215332,1.9121999740600586,2.6619999408721924,1.4591000080108643
2019-02-07,61.630001068115234,52.63999938964844,1.9005000591278076,2.5510001182556152,1.4257999658584595
2019-02-08,62.099998474121094,52.720001220703125,1.9084999561309814,2.5829999446868896,1.4464000463485718
2019-02-11,61.5099983215332,52.40999984741211,1.892199993133545,2.6419999599456787,1.4191999435424805
2019-02-12,62.41999816894531,53.099998474121094,1.9071999788284302,2.687999963760376,1.4271999597549438
2019-02-13,63.61000061035156,53.900001525878906,1.9387999773025513,2.575000047683716,1.4651000499725342
2019-02-14,64.56999969482422,54.40999984741211,1.97160005569458,2.572999954223633,1.5084999799728394
2019-02-15,66.25,55.59000015258789,2.0202999114990234,2.625,1.5729000568389893
2019-02-19,66.44999694824219,56.09000015258789,1.9946000576019287,2.6619999408721924,1.5637999773025513
2019-02-20,67.08000183105469,56.91999816894531,2.0183000564575195,2.635999917984009,1.598099946975708
2019-02-21,67.06999969482422,56.959999084472656,2.03629994392395,2.697000026702881,1.614400029182434
2019-02-22,67.12000274658203,57.2599983215332,2.031100034713745,2.7170000076293945,1.611199975013733
2019-02-25,64.76000213623047,55.47999954223633,1.9745999574661255,2.8359999656677246,1.545199990272522
2019-02-26,65.20999908447266,55.5,1.9984999895095825,2.8550000190734863,1.586300015449524
2019-02-27,66.38999938964844,56.939998626708984,2.0216000080108643,2.7990000247955322,1.6339999437332153
2019-02-28,66.02999877929688,57.220001220703125,2.0234999656677246,2.812000036239624,1.6292999982833862
2019-03-01,65.06999969482422,55.79999923706055,2.000999927520752,2.8589999675750732,1.730299949645996
2019-03-04,65.66999816894531,56.59000015258789,2.0143001079559326,2.8570001125335693,1.7489999532699585
2019-03-05,65.86000061035156,56.560001373291016,2.016400098800659,2.884000062942505,1.7674000263214111
2019-03-06,65.98999786376953,56.220001220703125,2.016200065612793,2.8410000801086426,1.7890000343322754
2019-03-07,66.30000305175781,56.65999984741211,2.012700080871582,2.865999937057495,1.805400013923645
2019-03-08,65.73999786376953,56.06999969482422,1.9997999668121338,2.865000009536743,1.8016999959945679
2019-03-11,66.58000183105469,56.790000915527344,1.9941999912261963,2.7720000743865967,1.8259999752044678
2019-03-12,66.66999816894531,56.869998931884766,1.985700011253357,2.7839999198913574,1.815500020980835
2019-03-13,67.55000305175781,58.2599983215332,1.9921000003814697,2.819999933242798,1.8567999601364136
2019-03-14,67.2300033569336,58.61000061035156,1.9848999977111816,2.8550000190734863,1.8494999408721924
2019-03-15,67.16000366210938,58.52000045776367,1.9677000045776367,2.7950000762939453,1.857699990272522
2019-03-18,67.54000091552734,59.09000015258789,1.968999981880188,2.8499999046325684,1.8827999830245972
2019-03-19,67.61000061035156,59.029998779296875,1.990399956703186,2.874000072479248,1.8931000232696533
2019-03-20,68.5,59.83000183105469,2.0081000328063965,2.819999933242798,1.916599988937378
2019-03-21,67.86000061035156,59.97999954223633,1.9871000051498413,2.821000099182129,1.920300006866455
2019-03-22,67.02999877929688,59.040000915527344,1.96589994430542,2.753000020980835,1.9258999824523926
2019-03-25,67.20999908447266,58.81999969482422,1.9803999662399292,2.755000114440918,1.9378999471664429
2019-03-26,67.97000122070312,59.939998626708984,1.98989999294281,2.740000009536743,1.9557000398635864
2019-03-27,67.83000183105469,59.40999984741211,1.9805999994277954,2.7130000591278076,1.8954999446868896
2019-03-28,67.81999969482422,59.29999923706055,1.972000002861023,2.7119998931884766,1.8798999786376953
2019-03-29,68.38999938964844,60.13999938964844,1.9733999967575073,2.6619999408721924,1.8955999612808228
2019-04-01,69.01000213623047,61.59000015258789,1.9881000518798828,2.7079999446868896,1.898900032043457
2019-04-02,69.37000274658203,62.58000183105469,2.0088999271392822,2.684000015258789,1.9285000562667847
2019-04-03,69.30999755859375,62.459999084472656,2.0067999362945557,2.677000045776367,1.951200008392334
2019-04-04,69.4000015258789,62.099998474121094,2.013400077819824,2.6429998874664307,1.9399000406265259
2019-04-05,70.33999633789062,63.08000183105469,2.0423998832702637,2.6640000343322754,1.9687000513076782
2019-04-08,71.0999984741211,64.4000015258789,2.0571000576019287,2.7079999446868896,1.9880000352859497
2019-04-09,70.61000061035156,63.97999954223633,2.0448999404907227,2.6989998817443848,1.9989999532699585
2019-04-10,71.7300033569336,64.61000061035156,2.087599992752075,2.700000047683716,2.069200038909912
2019-04-11,70.83000183105469,63.58000183105469,2.067199945449829,2.6640000343322754,2.030900001525879
2019-04-12,71.55000305175781,63.88999938964844,2.07069993019104,2.6600000858306885,2.0369999408721924
2019-04-15,71.18000030517578,63.400001525878906,2.061000108718872,2.5899999141693115,2.0118000507354736
2019-04-16,71.72000122070312,64.05000305175781,2.082200050354004,2.572000026702881,2.0316998958587646
2019-04-17,71.62000274658203,63.7599983215332,2.069200038909912,2.5169999599456787,2.041800022125244
2019-04-18,71.97000122070312,64.0,2.0708999633789062,2.490000009536743,2.072200059890747
2019-04-22,74.04000091552734,65.69999694824219,2.1040000915527344,2.5239999294281006,2.1298000812530518
2019-04-23,74.51000213623047,66.30000305175781,2.118000030517578,2.4549999237060547,2.1315999031066895
2019-04-24,74.56999969482422,65.88999938964844,2.0987000465393066,2.4619998931884766,2.128499984741211
2019-04-25,74.3499984741211,65.20999908447266,2.098099946975708,2.5139999389648438,2.1321001052856445
2019-04-26,72.1500015258789,63.29999923706055,2.0511999130249023,2.565999984741211,2.100600004196167
2019-04-29,72.04000091552734,63.5,2.0548999309539795,2.5929999351501465,2.0827999114990234
2019-04-30,72.80000305175781,63.90999984741211,2.081199884414673,2.575000047683716,2.123199939727783
2019-05-01,72.18000030517578,63.599998474121094,2.0941998958587646,2.619999885559082,2.064199924468994
2019-05-02,70.75,61.810001373291016,2.0778000354766846,2.5889999866485596,2.0183000564575195
2019-05-03,70.8499984741211,61.939998626708984,2.070199966430664,2.566999912261963,2.0264999866485596
2019-05-06,71.23999786376953,62.25,2.0676000118255615,2.5239999294281006,1.9966000318527222
2019-05-07,69.87999725341797,61.400001525878906,2.037600040435791,2.5369999408721924,1.948699951171875
2019-05-08,70.37000274658203,62.119998931884766,2.0562000274658203,2.609999895095825,1.975000023841858
2019-05-09,70.38999938964844,61.70000076293945,2.043600082397461,2.5950000286102295,1.9753999710083008
2019-05-10,70.62000274658203,61.65999984741211,2.0504000186920166,2.61899995803833,1.9890999794006348
2019-05-13,70.2300033569336,61.040000915527344,2.0383999347686768,2.621000051498413,1.9637000560760498
2019-05-14,71.23999786376953,61.779998779296875,2.0589001178741455,2.6589999198913574,1.976699948310852
2019-05-15,71.7699966430664,62.02000045776367,2.0862998962402344,2.6010000705718994,2.012700080871582
2019-05-16,72.62000274658203,62.869998931884766,2.123199939727783,2.6389999389648438,2.061800003051758
2019-05-17,72.20999908447266,62.7599983215332,2.0954999923706055,2.63100004196167,2.047300100326538
2019-05-20,71.97000122070312,63.099998474121094,2.0736000537872314,2.6730000972747803,2.0099000930786133
2019-05-21,72.18000030517578,62.9900016784668,2.079400062561035,2.61299991607666,2.0192999839782715
2019-05-22,70.98999786376953,61.41999816894531,2.049099922180176,2.5429999828338623,1.9911999702453613
2019-05-23,67.76000213623047,57.90999984741211,1.962399959564209,2.578000068664551,1.9133000373840332
2019-05-24,68.69000244140625,58.630001068115234,1.9713000059127808,2.5980000495910645,1.934499979019165
2019-05-28,70.11000061035156,59.13999938964844,1.9924999475479126,2.5820000171661377,1.9566999673843384
2019-05-29,69.44999694824219,58.810001373291016,1.9674999713897705,2.632999897003174,1.945199966430664
2019-05-30,66.87000274658203,56.59000015258789,1.9149999618530273,2.546999931335449,1.878600001335144
2019-05-31,64.48999786376953,53.5,1.8417999744415283,2.4539999961853027,1.8020000457763672
2019-06-03,61.279998779296875,53.25,1.80649995803833,2.4030001163482666,1.7412999868392944
2019-06-04,61.970001220703125,53.47999954223633,1.8214999437332153,2.4159998893737793,1.7242000102996826
2019-06-05,60.630001068115234,51.68000030517578,1.7799999713897705,2.378000020980835,1.6928000450134277
2019-06-06,61.66999816894531,52.59000015258789,1.7883000373840332,2.3239998817443848,1.7075999975204468
2019-06-07,63.290000915527344,53.9900016784668,1.8248000144958496,2.3369998931884766,1.7388999462127686
2019-06-10,62.290000915527344,53.2599983215332,1.8063000440597534,2.3570001125335693,1.730299949645996
2019-06-11,62.290000915527344,53.27000045776367,1.822100043296814,2.3989999294281006,1.7562999725341797
2019-06-12,59.970001220703125,51.13999938964844,1.7798999547958374,2.385999917984009,1.6861000061035156
2019-06-13,61.310001373291016,52.279998779296875,1.8065999746322632,2.325000047683716,1.7199000120162964
2019-06-14,62.0099983215332,52.5099983215332,1.8293999433517456,2.38700008392334,1.7324999570846558
2019-06-17,60.939998626708984,51.93000030517578,1.7994999885559082,2.385999917984009,1.6907999515533447
2019-06-18,62.13999938964844,53.900001525878906,1.8278000354766846,2.328000068664551,1.7214000225067139
2019-06-19,61.81999969482422,53.7599983215332,1.8293999433517456,2.2760000228881836,1.7354999780654907
2019-06-20,64.44999694824219,56.650001525878906,1.8842999935150146,2.184999942779541,1.7862999439239502
2019-06-21,65.19999694824219,57.43000030517578,1.9157999753952026,2.186000108718872,1.8560999631881714
2019-06-24,64.86000061035156,57.900001525878906,1.9089000225067139,2.302999973297119,1.8549000024795532
2019-06-25,65.05000305175781,57.83000183105469,1.9234000444412231,2.308000087738037,1.8772000074386597
2019-06-26,66.48999786376953,59.380001068115234,1.9713000059127808,2.2909998893737793,1.9703999757766724
2019-06-27,66.55000305175781,59.43000030517578,1.9524999856948853,2.3239998817443848,1.9465999603271484
2019-06-28,66.55000305175781,58.470001220703125,1.944599986076355,2.308000087738037,1.9424999952316284
2019-07-01,65.05999755859375,59.09000015258789,1.9537999629974365,2.2669999599456787,1.9305000305175781
2019-07-02,62.400001525878906,56.25,1.886299967765808,2.240000009536743,1.870300054550171
2019-07-03,63.81999969482422,57.34000015258789,1.8986999988555908,2.2899999618530273,1.916700005531311
2019-07-05,64.2300033569336,57.5099983215332,1.9049999713897705,2.4179999828338623,1.9294999837875366
2019-07-08,64.11000061035156,57.65999984741211,1.895300030708313,2.4030001163482666,1.9012999534606934
2019-07-09,64.16000366210938,57.83000183105469,1.910599946975708,2.424999952316284,1.926900029182434
2019-07-10,67.01000213623047,60.43000030517578,1.9910000562667847,2.444000005722046,2.005199909210205
2019-07-11,66.5199966430664,60.20000076293945,1.978600025177002,2.4159998893737793,1.9895000457763672
2019-07-12,66.72000122070312,60.209999084472656,1.9801000356674194,2.453000068664551,1.9769999980926514
2019-07-15,66.4800033569336,59.58000183105469,1.9515999555587769,2.4079999923706055,1.930299997329712
2019-07-16,64.3499984741211,57.619998931884766,1.9048999547958374,2.305999994277954,1.891800045967102
2019-07-17,63.65999984741211,56.779998779296875,1.8926000595092773,2.303999900817871,1.8787000179290771
2019-07-18,61.93000030517578,55.29999923706055,1.8624999523162842,2.2869999408721924,1.8342000246047974
2019-07-19,62.470001220703125,55.630001068115234,1.8896000385284424,2.250999927520752,1.840499997138977
2019-07-22,63.2599983215332,56.220001220703125,1.8995000123977661,2.312000036239624,1.8279000520706177
2019-07-23,63.83000183105469,56.77000045776367,1.9217000007629395,2.299999952316284,1.8604999780654907
2019-07-24,63.18000030517578,55.880001068115234,1.9086999893188477,2.2200000286102295,1.8551000356674194
2019-07-25,63.38999938964844,56.02000045776367,1.9142999649047852,2.24399995803833,1.8803000450134277
2019-07-26,63.459999084472656,56.20000076293945,1.9043999910354614,2.1689999103546143,1.874400019645691
2019-07-29,63.709999084472656,56.869998931884766,1.910599946975708,2.1410000324249268,1.8633999824523926
2019-07-30,64.72000122070312,58.04999923706055,1.944000005722046,2.13700008392334,1.8969000577926636
2019-07-31,65.16999816894531,58.58000183105469,1.9550000429153442,2.2330000400543213,1.9019999504089355
2019-08-01,60.5,53.95000076293945,1.8529000282287598,2.2019999027252197,1.749899983406067
2019-08-02,61.88999938964844,55.65999984741211,1.8902000188827515,2.121000051498413,1.781499981880188
2019-08-05,59.810001373291016,54.689998626708984,1.8356000185012817,2.069999933242798,1.718000054359436
2019-08-06,58.939998626708984,53.630001068115234,1.8240000009536743,2.1110000610351562,1.6872999668121338
2019-08-07,56.22999954223633,51.09000015258789,1.7532000541687012,2.0829999446868896,1.620300054550171
2019-08-08,57.380001068115234,52.540000915527344,1.7766000032424927,2.128000020980835,1.6456999778747559
2019-08-09,58.529998779296875,54.5,1.8079999685287476,2.11899995803833,1.6740000247955322
2019-08-12,58.56999969482422,54.93000030517578,1.805799961090088,2.1050000190734863,1.6651999950408936
2019-08-13,61.29999923706055,57.099998474121094,1.8773000240325928,2.1470000743865967,1.7364000082015991
2019-08-14,59.47999954223633,55.22999954223633,1.8437000513076782,2.1429998874664307,1.6757999658584595
2019-08-15,58.22999954223633,54.470001220703125,1.8107000589370728,2.2320001125335693,1.6363999843597412
2019-08-16,58.63999938964844,54.869998931884766,1.8128000497817993,2.200000047683716,1.6568000316619873
2019-08-19,59.7400016784668,56.209999084472656,1.8330999612808228,2.2100000381469727,1.6643999814987183
2019-08-20,60.029998779296875,56.34000015258789,1.8543000221252441,2.2179999351501465,1.6811000108718872
2019-08-21,60.29999923706055,55.68000030517578,1.857300043106079,2.1700000762939453,1.6937999725341797
2019-08-22,59.91999816894531,55.349998474121094,1.8413000106811523,2.1589999198913574,1.6675000190734863
2019-08-23,59.34000015258789,54.16999816894531,1.815600037574768,2.1519999504089355,1.642799973487854
2019-08-26,58.70000076293945,53.63999938964844,1.7924000024795532,2.2300000190734863,1.6165000200271606
2019-08-27,59.5099983215332,54.93000030517578,1.8158999681472778,2.2019999027252197,1.649899959564209
2019-08-28,60.4900016784668,55.779998779296875,1.8509999513626099,2.250999927520752,1.6823999881744385
2019-08-29,61.08000183105469,56.709999084472656,1.8639999628067017,2.2960000038146973,1.6847000122070312
2019-08-30,60.43000030517578,55.099998474121094,1.8281999826431274,2.2850000858306885,1.6133999824523926
2019-09-03,58.2599983215332,53.939998626708984,1.8033000230789185,2.3580000400543213,1.4704999923706055
2019-09-04,60.70000076293945,56.2599983215332,1.8802000284194946,2.444999933242798,1.5328999757766724
2019-09-05,60.95000076293945,56.29999923706055,1.8884999752044678,2.434999942779541,1.5460000038146973
2019-09-06,61.540000915527344,56.52000045776367,1.9003000259399414,2.496000051498413,1.5742000341415405
2019-09-09,62.59000015258789,57.849998474121094,1.9277000427246094,2.5850000381469727,1.5845999717712402
2019-09-10,62.380001068115234,57.400001525878906,1.9312000274658203,2.5799999237060547,1.5908000469207764
2019-09-11,60.810001373291016,55.75,1.9032000303268433,2.552000045776367,1.5699000358581543
2019-09-12,60.380001068115234,55.09000015258789,1.88510000705719,2.5739998817443848,1.5529999732971191
2019-09-13,60.220001220703125,54.849998474121094,1.8777999877929688,2.614000082015991,1.5530999898910522
2019-09-16,69.0199966430664,62.900001525878906,2.0838000774383545,2.680999994277954,1.7524000406265259
2019-09-17,64.55000305175781,59.34000015258789,1.9895999431610107,2.6679999828338623,1.6750999689102173
2019-09-18,63.599998474121094,58.11000061035156,1.9732999801635742,2.63700008392334,1.6576999425888062
2019-09-19,64.4000015258789,58.130001068115234,2.0048999786376953,2.5380001068115234,1.700700044631958
2019-09-20,64.27999877929688,58.09000015258789,1.986299991607666,2.5339999198913574,1.6784000396728516
2019-09-23,64.7699966430664,58.63999938964844,1.996999979019165,2.5269999504089355,1.6837999820709229
2019-09-24,63.099998474121094,57.290000915527344,1.9675999879837036,2.503000020980835,1.6542999744415283
2019-09-25,62.38999938964844,56.4900016784668,1.9538999795913696,2.502000093460083,1.6252000331878662
2019-09-26,62.7400016784668,56.40999984741211,1.9551000595092773,2.427999973297119,1.6612000465393066
2019-09-27,61.90999984741211,55.90999984741211,1.94159996509552,2.4040000438690186,1.6513999700546265
2019-09-30,60.779998779296875,54.06999969482422,1.9055999517440796,2.3299999237060547,1.6049000024795532
2019-10-01,58.88999938964844,53.619998931884766,1.8984999656677246,2.2829999923706055,1.573699951171875
2019-10-02,57.689998626708984,52.63999938964844,1.8730000257492065,2.246999979019165,1.5455000400543213
2019-10-03,57.709999084472656,52.45000076293945,1.8760000467300415,2.3289999961853027,1.555899977684021
2019-10-04,58.369998931884766,52.810001373291016,1.8945000171661377,2.3519999980926514,1.5734000205993652
2019-10-07,58.349998474121094,52.75,1.9033000469207764,2.302999973297119,1.5693999528884888
2019-10-08,58.2400016784668,52.630001068115234,1.910099983215332,2.2880001068115234,1.580899953842163
2019-10-09,58.31999969482422,52.59000015258789,1.9192999601364136,2.2339999675750732,1.5871000289916992
2019-10-10,59.099998474121094,53.54999923706055,1.920799970626831,2.2179999351501465,1.6232999563217163
2019-10-11,60.5099983215332,54.70000076293945,1.9575999975204468,2.2139999866485596,1.638800024986267
2019-10-14,59.349998474121094,53.59000015258789,1.9150999784469604,2.2799999713897705,1.6131999492645264
2019-10-15,58.7400016784668,52.810001373291016,1.909999966621399,2.3389999866485596,1.614400029182434
2019-10-16,59.41999816894531,53.36000061035156,1.9426000118255615,2.302999973297119,1.6247999668121338
2019-10-17,59.90999984741211,53.93000030517578,1.948099970817566,2.318000078201294,1.622499942779541
2019-10-18,59.41999816894531,53.779998779296875,1.947100043296814,2.319999933242798,1.6230000257492065
2019-10-21,58.959999084472656,53.310001373291016,1.940600037574768,2.23799991607666,1.607200026512146
2019-10-22,59.70000076293945,54.15999984741211,1.9436999559402466,2.2720000743865967,1.6088999509811401
2019-10-23,61.16999816894531,55.970001220703125,1.9643000364303589,2.2820000648498535,1.651900053024292
2019-10-24,61.66999816894531,56.22999954223633,1.986299991607666,2.315999984741211,1.6632000207901
2019-10-25,62.02000045776367,56.65999984741211,1.979599952697754,2.299999952316284,1.6729999780654907
2019-10-28,61.56999969482422,55.810001373291016,1.9617999792099,2.446000099182129,1.6727999448776245
2019-10-29,61.59000015258789,55.540000915527344,1.9563000202178955,2.5969998836517334,1.6857000589370728
2019-10-30,60.61000061035156,55.060001373291016,1.913599967956543,2.690999984741211,1.6644999980926514
2019-10-31,60.22999954223633,54.18000030517578,1.878000020980835,2.632999897003174,1.6311999559402466
2019-11-01,61.689998626708984,56.20000076293945,1.9330999851226807,2.7139999866485596,1.6556999683380127
2019-11-04,62.130001068115234,56.540000915527344,1.940500020980835,2.821000099182129,1.663699984550476
2019-11-05,62.959999084472656,57.22999954223633,1.9565999507904053,2.861999988555908,1.6746000051498413
2019-11-06,61.7400016784668,56.349998474121094,1.9278000593185425,2.828000068664551,1.6261999607086182
2019-11-07,62.290000915527344,57.150001525878906,1.920300006866455,2.7720000743865967,1.6354999542236328
2019-11-08,62.5099983215332,57.2400016784668,1.9180999994277954,2.7890000343322754,1.6337000131607056
2019-11-11,62.18000030517578,56.86000061035156,1.914199948310852,2.63700008392334,1.6098999977111816
2019-11-12,62.060001373291016,56.79999923706055,1.8976000547409058,2.621000051498413,1.614400029182434
2019-11-13,62.369998931884766,57.119998931884766,1.912500023841858,2.5999999046325684,1.6365000009536743
2019-11-14,62.279998779296875,56.77000045776367,1.9178999662399292,2.6470000743865967,1.6158000230789185
2019-11-15,63.29999923706055,57.720001220703125,1.9479999542236328,2.687999963760376,1.6349999904632568
2019-11-18,62.439998626708984,57.04999923706055,1.9047000408172607,2.565999984741211,1.621000051498413
2019-11-19,60.90999984741211,55.209999084472656,1.8573999404907227,2.509999990463257,1.603700041770935
2019-11-20,62.400001525878906,57.11000061035156,1.8920999765396118,2.559000015258789,1.6562999486923218
2019-11-21,63.970001220703125,58.58000183105469,1.944700002670288,2.566999912261963,1.7043999433517456
2019-11-22,63.38999938964844,57.77000045776367,1.9293999671936035,2.6649999618530273,1.674299955368042
2019-11-25,63.650001525878906,58.0099983215332,1.9443000555038452,2.5309998989105225,1.6748000383377075
2019-11-26,64.2699966430664,58.40999984741211,1.9606000185012817,2.4700000286102295,1.704699993133545
2019-11-27,64.05999755859375,58.11000061035156,1.9464999437332153,2.500999927520752,1.6792000532150269
2019-11-29,62.43000030517578,55.16999816894531,1.8789000511169434,2.2809998989105225,1.597000002861023
2019-12-02,60.91999816894531,55.959999084472656,1.8860000371932983,2.3289999961853027,1.5733000040054321
2019-12-03,60.81999969482422,56.099998474121094,1.8798999786376953,2.440999984741211,1.5628999471664429
2019-12-04,63.0,58.43000030517578,1.9228999614715576,2.3989999294281006,1.604200005531311
2019-12-05,63.38999938964844,58.43000030517578,1.9329999685287476,2.427000045776367,1.6210999488830566
2019-12-06,64.38999938964844,59.20000076293945,1.9521000385284424,2.3340001106262207,1.6474000215530396
2019-12-09,64.25,59.02000045776367,1.944200038909912,2.2320001125335693,1.6548000574111938
2019-12-10,64.33999633789062,59.2400016784668,1.965499997138977,2.2639999389648438,1.652500033378601
2019-12-11,63.720001220703125,58.7599983215332,1.9287999868392944,2.243000030517578,1.626099944114685
2019-12-12,64.19999694824219,59.18000030517578,1.9507999420166016,2.328000068664551,1.6282999515533447
2019-12-13,65.22000122070312,60.06999969482422,1.9864000082015991,2.2960000038146973,1.6632000207901
2019-12-16,65.33999633789062,60.209999084472656,2.004499912261963,2.3410000801086426,1.6627000570297241
2019-12-17,66.0999984741211,60.939998626708984,2.033400058746338,2.319000005722046,1.6857000589370728
2019-12-18,66.16999816894531,60.93000030517578,2.0202999114990234,2.2860000133514404,1.6837999820709229
2019-12-19,66.54000091552734,61.220001220703125,2.0295000076293945,2.2730000019073486,1.7067999839782715
2019-12-20,66.13999938964844,60.439998626708984,2.0218000411987305,2.328000068664551,1.7058000564575195
2019-12-23,66.38999938964844,60.52000045776367,2.022200107574463,2.2139999866485596,1.7051000595092773
2019-12-24,67.19999694824219,61.11000061035156,2.03629994392395,2.171999931335449,1.7269999980926514
2019-12-26,67.91999816894531,61.68000030517578,2.0520999431610107,2.2939999103546143,1.7537000179290771
2019-12-27,68.16000366210938,61.720001220703125,2.0495998859405518,2.1579999923706055,1.7473000288009644
2019-12-30,68.44000244140625,61.68000030517578,2.040600061416626,2.186000108718872,1.7282999753952026
2019-12-31,66.0,61.060001373291016,2.0283000469207764,2.188999891281128,1.6978000402450562
2020-01-02,66.25,61.18000030517578,2.0241000652313232,2.121999979019165,1.704200029373169
2020-01-03,68.5999984741211,63.04999923706055,2.0613999366760254,2.130000114440918,1.7488000392913818
2020-01-06,68.91000366210938,63.27000045776367,2.033900022506714,2.134999990463257,1.7544000148773193
2020-01-07,68.2699966430664,62.70000076293945,2.032399892807007,2.1619999408721924,1.7222000360488892
2020-01-08,65.44000244140625,59.61000061035156,1.9581999778747559,2.1410000324249268,1.648800015449524
2020-01-09,65.37000274658203,59.560001373291016,1.9500999450683594,2.1659998893737793,1.6526999473571777
2020-01-10,64.9800033569336,59.040000915527344,1.9284000396728516,2.2019999027252197,1.659600019454956
2020-01-13,64.19999694824219,58.08000183105469,1.8980000019073486,2.181999921798706,1.6572999954223633
2020-01-14,64.48999786376953,58.22999954223633,1.9103000164031982,2.187000036239624,1.6543999910354614
2020-01-15,64.0,57.810001373291016,1.8779000043869019,2.119999885559082,1.6368000507354736
2020-01-16,64.62000274658203,58.52000045776367,1.8600000143051147,2.0769999027252197,1.6548000574111938
2020-01-17,64.8499984741211,58.540000915527344,1.8592000007629395,2.003000020980835,1.6405999660491943
2020-01-21,64.58999633789062,58.34000015258789,1.829200029373169,1.8949999809265137,1.6365000009536743
2020-01-22,63.209999084472656,56.7400016784668,1.8001999855041504,1.9049999713897705,1.5795999765396118
2020-01-23,62.040000915527344,55.59000015258789,1.791599988937378,1.9259999990463257,1.5601999759674072
2020-01-24,60.689998626708984,54.189998626708984,1.7339999675750732,1.8930000066757202,1.5152000188827515
2020-01-27,59.31999969482422,53.13999938964844,1.6794999837875366,1.9019999504089355,1.4839999675750732
2020-01-28,59.5099983215332,53.47999954223633,1.71589994430542,1.934000015258789,1.5032000541687012
2020-01-29,59.810001373291016,53.33000183105469,1.7035000324249268,1.8769999742507935,1.5307999849319458
2020-01-30,58.290000915527344,52.13999938964844,1.6396000385284424,1.8289999961853027,1.4937000274658203
2020-01-31,58.15999984741211,51.560001373291016,1.624500036239624,1.840999960899353,1.488700032234192
2020-02-03,54.45000076293945,50.11000061035156,1.5779000520706177,1.819000005722046,1.4737000465393066
2020-02-04,53.959999084472656,49.61000061035156,1.583899974822998,1.871999979019165,1.4431999921798706
2020-02-05,55.279998779296875,50.75,1.645400047302246,1.8609999418258667,1.486299991607666
2020-02-06,54.93000030517578,50.95000076293945,1.6654000282287598,1.8619999885559082,1.4980000257492065
2020-02-07,54.470001220703125,50.31999969482422,1.6433000564575195,1.8580000400543213,1.523900032043457
2020-02-10,53.27000045776367,49.56999969482422,1.6124999523162842,1.7660000324249268,1.521299958229065
2020-02-11,54.0099983215332,49.939998626708984,1.6267000436782837,1.7879999876022339,1.51419997215271
2020-02-12,55.790000915527344,51.16999816894531,1.6756999492645264,1.843999981880188,1.5809999704360962
2020-02-13,56.34000015258789,51.41999816894531,1.6805000305175781,1.8259999752044678,1.580199956893921
2020-02-14,57.31999969482422,52.04999923706055,1.698199987411499,1.8370000123977661,1.583299994468689
2020-02-18,57.75,52.04999923706055,1.6723999977111816,1.9809999465942383,1.614799976348877
2020-02-19,59.119998931884766,53.290000915527344,1.7067999839782715,1.9550000429153442,1.6633000373840332
2020-02-20,59.310001373291016,53.779998779296875,1.69760000705719,1.9199999570846558,1.669700026512146
2020-02-21,58.5,53.380001068115234,1.6865999698638916,1.9049999713897705,1.6505999565124512
2020-02-24,56.29999923706055,51.43000030517578,1.6131999492645264,1.8270000219345093,1.6090999841690063
2020-02-25,54.95000076293945,49.900001525878906,1.56850004196167,1.847000002861023,1.5324000120162964
2020-02-26,53.43000030517578,48.72999954223633,1.499400019645691,1.8209999799728394,1.4549000263214111
2020-02-27,52.18000030517578,47.09000015258789,1.4891999959945679,1.7519999742507935,1.410599946975708
2020-02-28,50.52000045776367,44.7599983215332,1.4905999898910522,1.684000015258789,1.3954999446868896
2020-03-02,51.900001525878906,46.75,1.5286999940872192,1.75600004196167,1.5396000146865845
2020-03-03,51.86000061035156,47.18000030517578,1.5329999923706055,1.7999999523162842,1.5312999486923218
2020-03-04,51.130001068115234,46.779998779296875,1.5332000255584717,1.8270000219345093,1.5555000305175781
2020-03-05,49.9900016784668,45.900001525878906,1.4884999990463257,1.7719999551773071,1.5218000411987305
2020-03-06,45.27000045776367,41.279998779296875,1.385200023651123,1.7079999446868896,1.3890000581741333
2020-03-09,34.36000061035156,31.1299991607666,1.1628999710083008,1.777999997138977,1.1368999481201172
2020-03-10,37.220001220703125,34.36000061035156,1.249899983406067,1.9359999895095825,1.157099962234497
2020-03-11,35.790000915527344,32.97999954223633,1.2380000352859497,1.878000020980835,1.1102999448776245
2020-03-12,33.220001220703125,31.5,1.1598000526428223,1.840999960899353,0.8974999785423279
2020-03-13,33.849998474121094,31.729999542236328,1.1374000310897827,1.86899995803833,0.8992000222206116
2020-03-16,30.049999237060547,28.700000762939453,1.0465999841690063,1.815000057220459,0.6898999810218811
2020-03-17,28.729999542236328,26.950000762939453,1.0356999635696411,1.7289999723434448,0.7113999724388123
2020-03-18,24.8799991607666,20.3700008392334,0.954200029373169,1.6039999723434448,0.6377000212669373
2020-03-19,28.469999313354492,25.219999313354492,1.041700005531311,1.6540000438690186,0.6850000023841858
2020-03-20,26.979999542236328,22.43000030517578,1.0062999725341797,1.6039999723434448,0.605400025844574
2020-03-23,27.030000686645508,23.360000610351562,1.0161000490188599,1.6019999980926514,0.41179999709129333
2020-03-24,27.149999618530273,24.010000228881836,1.080299973487854,1.652999997138977,0.44369998574256897
2020-03-25,27.389999389648438,24.489999771118164,1.0978000164031982,1.659000039100647,0.5468000173568726
2020-03-26,26.34000015258789,22.600000381469727,1.0503000020980835,1.6369999647140503,0.5437999963760376
2020-03-27,24.93000030517578,21.510000228881836,1.06850004196167,1.6339999437332153,0.5737000107765198
2020-03-30,22.760000228881836,20.09000015258789,1.0194000005722046,1.690000057220459,0.5855000019073486
2020-03-31,22.739999771118164,20.479999542236328,1.0120999813079834,1.6399999856948853,0.573199987411499
2020-04-01,24.739999771118164,20.309999465942383,0.9322999715805054,1.5870000123977661,0.546500027179718
2020-04-02,29.940000534057617,25.31999969482422,0.9951000213623047,1.5520000457763672,0.6628000140190125
2020-04-03,34.11000061035156,28.34000015258789,1.0706000328063965,1.621000051498413,0.6916000247001648
2020-04-06,33.04999923706055,26.079999923706055,1.045699954032898,1.7309999465942383,0.7016000151634216
2020-04-07,31.8700008392334,23.6299991607666,1.027500033378601,1.8519999980926514,0.6481999754905701
2020-04-08,32.84000015258789,25.09000015258789,1.010699987411499,1.7829999923706055,0.6779999732971191
2020-04-09,31.479999542236328,22.760000228881836,0.972599983215332,1.7330000400543213,0.677299976348877
2020-04-13,31.739999771118164,22.40999984741211,0.9945999979972839,1.7239999771118164,0.7032999992370605
2020-04-14,29.600000381469727,20.110000610351562,0.9441999793052673,1.649999976158142,0.7200000286102295
2020-04-15,27.690000534057617,19.8700008392334,0.9138000011444092,1.5980000495910645,0.7203999757766724
2020-04-16,27.81999969482422,19.8700008392334,0.9463000297546387,1.6859999895095825,0.7050999999046326
2020-04-17,28.079999923706055,18.270000457763672,0.9563000202178955,1.753000020980835,0.7106999754905701
2020-04-20,25.56999969482422,-37.630001068115234,0.8877999782562256,1.9240000247955322,0.6682999730110168
2020-04-21,19.329999923706055,10.010000228881836,0.7268999814987183,1.8209999799728394,0.5102999806404114
2020-04-22,20.3700008392334,13.779999732971191,0.7311000227928162,1.9390000104904175,0.6384000182151794
2020-04-23,21.329999923706055,16.5,0.734499990940094,1.815000057220459,0.6435999870300293
2020-04-24,21.440000534057617,16.940000534057617,0.6467000246047974,1.746000051498413,0.6611999869346619
2020-04-27,19.989999771118164,12.779999732971191,0.6104000210762024,1.819000005722046,0.6482999920845032
2020-04-28,20.459999084472656,12.34000015258789,0.6308000087738037,1.7940000295639038,0.6672000288963318
2020-04-29,22.540000915527344,15.0600004196167,0.6945000290870667,1.86899995803833,0.7271999716758728
2020-04-30,25.270000457763672,18.84000015258789,0.7318999767303467,1.9490000009536743,0.6977999806404114
2020-05-01,26.440000534057617,19.780000686645508,0.7961000204086304,1.8899999856948853,0.7663000226020813
2020-05-04,27.200000762939453,20.389999389648438,0.8030999898910522,1.9930000305175781,0.8215000033378601
2020-05-05,30.969999313354492,24.559999465942383,0.8960000276565552,2.134000062942505,0.9013000130653381
2020-05-06,29.719999313354492,23.989999771118164,0.8240000009536743,1.944000005722046,0.8769000172615051
2020-05-07,29.459999084472656,23.549999237060547,0.8371000289916992,1.8940000534057617,0.9314000010490417
2020-05-08,30.969999313354492,24.739999771118164,0.8992999792098999,1.8229999542236328,0.9521999955177307
2020-05-11,29.6299991607666,24.139999389648438,0.8687000274658203,1.8259999752044678,0.9241999983787537
2020-05-12,29.979999542236328,25.780000686645508,0.8384000062942505,1.7200000286102295,0.9185000061988831
2020-05-13,29.190000534057617,25.290000915527344,0.8313999772071838,1.6160000562667847,0.8526999950408936
2020-05-14,31.1299991607666,27.559999465942383,0.8948000073432922,1.680999994277954,0.9144999980926514
2020-05-15,32.5,29.43000030517578,0.9204000234603882,1.6460000276565552,0.9702000021934509
2020-05-18,34.810001373291016,31.81999969482422,1.0063999891281128,1.7829999923706055,1.0257999897003174
2020-05-19,34.650001525878906,32.5,0.9735999703407288,1.8300000429153442,1.045199990272522
2020-05-20,35.75,33.4900016784668,0.9905999898910522,1.7710000276565552,1.0437999963760376
2020-05-21,36.060001373291016,33.91999816894531,0.9890000224113464,1.7100000381469727,1.0450999736785889
2020-05-22,35.130001068115234,33.25,0.9819999933242798,1.7309999465942383,1.0382000207901
2020-05-26,36.16999816894531,34.349998474121094,0.9908000230789185,1.7929999828338623,1.0489000082015991
2020-05-27,34.7400016784668,32.810001373291016,0.972100019454956,1.722000002861023,0.9933000206947327
2020-05-28,35.290000915527344,33.709999084472656,0.925599992275238,1.8270000219345093,0.9984999895095825
2020-05-29,35.33000183105469,35.4900016784668,0.9646999835968018,1.8489999771118164,1.0259000062942505
2020-06-01,38.31999969482422,35.439998626708984,1.0290000438690186,1.7740000486373901,1.0666999816894531
2020-06-02,39.56999969482422,36.810001373291016,1.0921000242233276,1.7769999504089355,1.118299961090088
2020-06-03,39.790000915527344,37.290000915527344,1.0645999908447266,1.8209999799728394,1.1193000078201294
2020-06-04,39.9900016784668,37.40999984741211,1.0741000175476074,1.8220000267028809,1.1490000486373901
2020-06-05,42.29999923706055,39.54999923706055,1.1505999565124512,1.781999945640564,1.2136000394821167
2020-06-08,40.79999923706055,38.189998626708984,1.1212999820709229,1.7890000343322754,1.1950000524520874
2020-06-09,41.18000030517578,38.939998626708984,1.1547000408172607,1.7669999599456787,1.2102999687194824
2020-06-10,41.72999954223633,39.599998474121094,1.1729999780654907,1.7799999713897705,1.2099000215530396
2020-06-11,38.54999923706055,36.34000015258789,1.0880000591278076,1.812999963760376,1.1188000440597534
2020-06-12,38.72999954223633,36.2599983215332,1.1014000177383423,1.7309999465942383,1.1243000030517578
2020-06-15,39.720001220703125,37.119998931884766,1.1369999647140503,1.6690000295639038,1.1656999588012695
2020-06-16,40.959999084472656,38.380001068115234,1.1821999549865723,1.6139999628067017,1.2072999477386475
2020-06-17,40.709999084472656,37.959999084472656,1.1820000410079956,1.6380000114440918,1.2152999639511108
2020-06-18,41.5099983215332,38.84000015258789,1.1986000537872314,1.6380000114440918,1.257699966430664
2020-06-19,42.189998626708984,39.75,1.211400032043457,1.6690000295639038,1.2716000080108643
2020-06-22,43.08000183105469,40.459999084472656,1.2186000347137451,1.6640000343322754,1.2913000583648682
2020-06-23,42.630001068115234,40.369998931884766,1.2029999494552612,1.6369999647140503,1.299399971961975
2020-06-24,40.310001373291016,38.0099983215332,1.1507999897003174,1.597000002861023,1.1964000463485718
2020-06-25,41.04999923706055,38.720001220703125,1.1555999517440796,1.4819999933242798,1.194200038909912
2020-06-26,41.02000045776367,38.4900016784668,1.136299967765808,1.4950000047683716,1.1533000469207764
2020-06-29,41.709999084472656,39.70000076293945,1.1654000282287598,1.7089999914169312,1.1841000318527222
2020-06-30,41.150001525878906,39.27000045776367,1.1780999898910522,1.7510000467300415,1.2000999450683594
2020-07-01,42.029998779296875,39.81999969482422,1.1995999813079834,1.6710000038146973,1.2168999910354614
2020-07-02,43.13999938964844,40.650001525878906,1.2310999631881714,1.7339999675750732,1.2591999769210815
2020-07-06,43.099998474121094,40.630001068115234,1.2417000532150269,1.8300000429153442,1.2408000230789185
2020-07-07,43.08000183105469,40.619998931884766,1.243299961090088,1.8760000467300415,1.274999976158142
2020-07-08,43.290000915527344,40.900001525878906,1.2344000339508057,1.8240000009536743,1.2908999919891357
2020-07-09,42.349998474121094,39.619998931884766,1.2238999605178833,1.7790000438690186,1.250499963760376
2020-07-10,43.2400016784668,40.54999923706055,1.2411999702453613,1.8049999475479126,1.2831000089645386
2020-07-13,42.720001220703125,40.099998474121094,1.2235000133514404,1.7389999628067017,1.2733999490737915
2020-07-14,42.900001525878906,40.290000915527344,1.2208000421524048,1.746000051498413,1.2474000453948975
2020-07-15,43.790000915527344,41.20000076293945,1.2447999715805054,1.777999997138977,1.2645000219345093
2020-07-16,43.369998931884766,40.75,1.2279000282287598,1.7230000495910645,1.2338999509811401
2020-07-17,43.13999938964844,40.59000015258789,1.219099998474121,1.718000054359436,1.2244999408721924
2020-07-20,43.279998779296875,40.810001373291016,1.2354999780654907,1.6410000324249268,1.2285000085830688
2020-07-21,44.31999969482422,41.959999084472656,1.2799999713897705,1.6749999523162842,1.2797000408172607
2020-07-22,44.290000915527344,41.900001525878906,1.2706999778747559,1.680999994277954,1.2827999591827393
2020-07-23,43.310001373291016,41.06999969482422,1.25409996509552,1.784999966621399,1.2585999965667725
2020-07-24,43.34000015258789,41.290000915527344,1.2562999725341797,1.8079999685287476,1.2848000526428223
2020-07-27,43.40999984741211,41.599998474121094,1.25409996509552,1.7339999675750732,1.2747000455856323
2020-07-28,43.220001220703125,41.040000915527344,1.2421000003814697,1.7999999523162842,1.2655999660491943
2020-07-29,43.75,41.27000045776367,1.2532999515533447,1.8539999723434448,1.2415000200271606
2020-07-30,42.939998626708984,39.91999816894531,1.211899995803833,1.8289999961853027,1.2203999757766724
2020-07-31,43.29999923706055,40.27000045776367,1.2171000242233276,1.7990000247955322,1.1871000528335571
2020-08-03,44.150001525878906,41.0099983215332,1.2409000396728516,2.1010000705718994,1.2130999565124512
2020-08-04,44.43000030517578,41.70000076293945,1.2583999633789062,2.193000078201294,1.2143000364303589
2020-08-05,45.16999816894531,42.189998626708984,1.263100028038025,2.190999984741211,1.2228000164031982
2020-08-06,45.09000015258789,41.95000076293945,1.249899983406067,2.1649999618530273,1.2280999422073364
2020-08-07,44.400001525878906,41.220001220703125,1.2199000120162964,2.23799991607666,1.2075999975204468
2020-08-10,44.9900016784668,41.939998626708984,1.236899971961975,2.1530001163482666,1.2293000221252441
2020-08-11,44.5,41.61000061035156,1.2383999824523926,2.1710000038146973,1.2044999599456787
2020-08-12,45.43000030517578,42.66999816894531,1.257200002670288,2.1519999504089355,1.2438000440597534
2020-08-13,44.959999084472656,42.2400016784668,1.2381000518798828,2.181999921798706,1.2347999811172485
2020-08-14,44.79999923706055,42.0099983215332,1.2367000579833984,2.3559999465942383,1.2446000576019287
2020-08-17,45.369998931884766,42.88999938964844,1.2390999794006348,2.3389999866485596,1.2699999809265137
2020-08-18,45.459999084472656,42.88999938964844,1.2604000568389893,2.4170000553131104,1.2829999923706055
2020-08-19,45.369998931884766,42.93000030517578,1.2510000467300415,2.4260001182556152,1.2905000448226929
2020-08-20,44.900001525878906,42.58000183105469,1.2467000484466553,2.3519999980926514,1.2964999675750732
2020-08-21,44.349998474121094,42.34000015258789,1.2079999446868896,2.447999954223633,1.28410005569458
2020-08-24,45.130001068115234,42.619998931884766,1.2475999593734741,2.513000011444092,1.3671000003814697
2020-08-25,45.86000061035156,43.349998474121094,1.26010000705719,2.489000082015991,1.395900011062622
2020-08-26,45.63999938964844,43.38999938964844,1.2446999549865723,2.4609999656677246,1.3605999946594238
2020-08-27,45.09000015258789,43.040000915527344,1.2107000350952148,2.5789999961853027,1.284500002861023
2020-08-28,45.04999923706055,42.970001220703125,1.2161999940872192,2.6570000648498535,1.315500020980835
2020-08-31,45.279998779296875,42.61000061035156,1.1960999965667725,2.630000114440918,1.2761000394821167
2020-09-01,45.58000183105469,42.7599983215332,1.2308000326156616,2.5269999504089355,1.2246999740600586
2020-09-02,44.43000030517578,41.5099983215332,1.1885000467300415,2.4860000610351562,1.2020000219345093
2020-09-03,44.06999969482422,41.369998931884766,1.1677000522613525,2.486999988555908,1.2049000263214111
2020-09-04,42.65999984741211,39.77000045776367,1.1514999866485596,2.5880000591278076,1.1771999597549438
2020-09-08,39.779998779296875,36.7599983215332,1.076799988746643,2.4000000953674316,1.1028000116348267
2020-09-09,40.790000915527344,38.04999923706055,1.1060999631881714,2.4059998989105225,1.1193000078201294
2020-09-10,40.060001373291016,37.29999923706055,1.0823999643325806,2.322999954223633,1.0976999998092651
2020-09-11,39.83000183105469,37.33000183105469,1.0895999670028687,2.2690000534057617,1.0949000120162964
2020-09-14,39.61000061035156,37.2599983215332,1.093400001525879,2.309999942779541,1.1067999601364136
2020-09-15,40.529998779296875,38.279998779296875,1.0993000268936157,2.361999988555908,1.138100028038025
2020-09-16,42.220001220703125,40.15999984741211,1.1162999868392944,2.2669999599456787,1.1888999938964844
2020-09-17,43.29999923706055,40.970001220703125,1.1598000526428223,2.0420000553131104,1.2244000434875488
2020-09-18,43.150001525878906,41.11000061035156,1.159000039100647,2.0480000972747803,1.2366000413894653
2020-09-21,41.439998626708984,39.310001373291016,1.107300043106079,1.8350000381469727,1.1770999431610107
2020-09-22,41.720001220703125,39.599998474121094,1.0960999727249146,1.8339999914169312,1.1642999649047852
2020-09-23,41.77000045776367,39.93000030517578,1.1074999570846558,2.125,1.1813000440597534
2020-09-24,41.939998626708984,40.310001373291016,1.1167000532150269,2.247999906539917,1.1957000494003296
2020-09-25,41.91999816894531,40.25,1.1261999607086182,2.1389999389648438,1.2142000198364258
2020-09-28,42.43000030517578,40.599998474121094,1.1395000219345093,2.1010000705718994,1.2466000318527222
2020-09-29,41.029998779296875,39.290000915527344,1.1089999675750732,2.561000108718872,1.20169997215271
2020-09-30,40.95000076293945,40.220001220703125,1.145400047302246,2.5269999504089355,1.2007999420166016
2020-10-01,40.93000030517578,38.720001220703125,1.125,2.5269999504089355,1.152400016784668
2020-10-02,39.27000045776367,37.04999923706055,1.0850000381469727,2.437999963760376,1.1234999895095825
2020-10-05,41.290000915527344,39.220001220703125,1.1332999467849731,2.615000009536743,1.194100022315979
2020-10-06,42.650001525878906,40.66999816894531,1.188599944114685,2.5199999809265137,1.2351000308990479
2020-10-07,41.9900016784668,39.95000076293945,1.1607999801635742,2.6059999465942383,1.2008999586105347
2020-10-08,43.34000015258789,41.189998626708984,1.1922999620437622,2.627000093460083,1.231600046157837
2020-10-09,42.849998474121094,40.599998474121094,1.1933000087738037,2.740999937057495,1.2031999826431274
2020-10-12,41.720001220703125,39.43000030517578,1.157099962234497,2.88100004196167,1.1756999492645264
2020-10-13,42.45000076293945,40.20000076293945,1.1690000295639038,2.8550000190734863,1.1827000379562378
2020-10-14,43.31999969482422,41.040000915527344,1.1924999952316284,2.635999917984009,1.197100043296814
2020-10-15,43.15999984741211,40.959999084472656,1.1886999607086182,2.7750000953674316,1.1799999475479126
2020-10-16,42.93000030517578,40.880001068115234,1.1791000366210938,2.7730000019073486,1.1687999963760376
2020-10-19,42.619998931884766,40.83000183105469,1.1581000089645386,2.7950000762939453,1.1622999906539917
2020-10-20,43.15999984741211,41.459999084472656,1.1734999418258667,2.9130001068115234,1.1878999471664429
2020-10-21,41.72999954223633,40.029998779296875,1.1398999691009521,3.0230000019073486,1.1403000354766846
2020-10-22,42.459999084472656,40.63999938964844,1.1606999635696411,3.006999969482422,1.1581000089645386
2020-10-23,41.77000045776367,39.849998474121094,1.1512999534606934,2.9709999561309814,1.1389000415802002
2020-10-26,40.459999084472656,38.560001373291016,1.1217999458312988,3.0239999294281006,1.1116000413894653
2020-10-27,41.20000076293945,39.56999969482422,1.1576999425888062,3.0190000534057617,1.143399953842163
2020-10-28,39.119998931884766,37.38999938964844,1.1141999959945679,2.996000051498413,1.0814000368118286
2020-10-29,37.650001525878906,36.16999816894531,1.0884000062942505,3.3010001182556152,1.0514999628067017
2020-10-30,37.459999084472656,35.790000915527344,1.0813000202178955,3.3540000915527344,1.0494999885559082
2020-11-02,38.970001220703125,36.810001373291016,1.1123000383377075,3.24399995803833,1.0520000457763672
2020-11-03,39.709999084472656,37.65999984741211,1.1270999908447266,3.059000015258789,1.0769000053405762
2020-11-04,41.22999954223633,39.150001525878906,1.1734999418258667,3.0460000038146973,1.1081000566482544
2020-11-05,40.93000030517578,38.790000915527344,1.169600009918213,2.941999912261963,1.1159000396728516
2020-11-06,39.45000076293945,37.13999938964844,1.1426000595092773,2.888000011444092,1.0844000577926636
2020-11-09,42.400001525878906,40.290000915527344,1.2166999578475952,2.8589999675750732,1.1606999635696411
2020-11-10,43.61000061035156,41.36000061035156,1.252500057220459,2.9489998817443848,1.194100022315979
2020-11-11,43.79999923706055,41.45000076293945,1.2458000183105469,3.0309998989105225,1.1758999824523926
2020-11-12,43.529998779296875,41.119998931884766,1.233299970626831,2.9760000705718994,1.157099962234497
2020-11-13,42.779998779296875,40.130001068115234,1.204200029373169,2.994999885559082,1.1253999471664429
2020-11-16,43.81999969482422,41.34000015258789,1.2288999557495117,2.697000026702881,1.1468000411987305
2020-11-17,43.75,41.43000030517578,1.2390999794006348,2.691999912261963,1.1532000303268433
2020-11-18,44.34000015258789,41.81999969482422,1.2640000581741333,2.7119998931884766,1.1628999710083008
2020-11-19,44.20000076293945,41.7400016784668,1.2706999778747559,2.5920000076293945,1.162500023841858
2020-11-20,44.959999084472656,42.150001525878906,1.2862999439239502,2.6500000953674316,1.1751999855041504
2020-11-23,46.060001373291016,43.060001373291016,1.3105000257492065,2.7109999656677246,1.2039999961853027
2020-11-24,47.86000061035156,44.90999984741211,1.3595000505447388,2.7750000953674316,1.2582000494003296
2020-11-25,48.61000061035156,45.709999084472656,1.3866000175476074,2.8959999084472656,1.287500023841858
2020-11-27,48.18000030517578,45.529998779296875,1.3804999589920044,2.8429999351501465,1.281999945640564
2020-11-30,47.59000015258789,45.34000015258789,1.3559000492095947,2.881999969482422,1.248900055885315
2020-12-01,47.41999816894531,44.54999923706055,1.3473000526428223,2.880000114440918,1.2203999757766724
2020-12-02,48.25,45.279998779296875,1.3661999702453613,2.7799999713897705,1.23989999294281
2020-12-03,48.709999084472656,45.63999938964844,1.3933000564575195,2.506999969482422,1.2617000341415405
2020-12-04,49.25,46.2599983215332,1.402999997138977,2.575000047683716,1.2684999704360962
2020-12-07,48.790000915527344,45.7599983215332,1.3991999626159668,2.4059998989105225,1.2558000087738037
2020-12-08,48.84000015258789,45.599998474121094,1.4067000150680542,2.3989999294281006,1.2559000253677368
2020-12-09,48.86000061035156,45.52000045776367,1.398900032043457,2.441999912261963,1.2759000062942505
2020-12-10,50.25,46.779998779296875,1.4357000589370728,2.552999973297119,1.31659996509552
2020-12-11,49.970001220703125,46.56999969482422,1.436900019645691,2.5910000801086426,1.3077000379562378
2020-12-14,50.290000915527344,46.9900016784668,1.4543999433517456,2.681999921798706,1.319100022315979
2020-12-15,50.7599983215332,47.619998931884766,1.464400053024292,2.681999921798706,1.326799988746643
2020-12-16,51.08000183105469,47.81999969482422,1.4779000282287598,2.677000045776367,1.3529000282287598
2020-12-17,51.5,48.36000061035156,1.4952000379562378,2.635999917984009,1.388100028038025
2020-12-18,52.2599983215332,49.099998474121094,1.5130000114440918,2.700000047683716,1.3955999612808228
2020-12-21,50.90999984741211,47.7400016784668,1.4773999452590942,2.7049999237060547,1.3603999614715576
2020-12-22,50.08000183105469,47.02000045776367,1.4615999460220337,2.7799999713897705,1.3394999504089355
2020-12-23,51.20000076293945,48.119998931884766,1.497499942779541,2.6080000400543213,1.3819999694824219
2020-12-24,51.290000915527344,48.22999954223633,1.4900000095367432,2.5179998874664307,1.3789000511169434
2020-12-28,50.86000061035156,47.619998931884766,1.4789999723434448,2.305000066757202,1.3676999807357788
2020-12-29,51.09000015258789,48.0,1.486799955368042,2.4670000076293945,1.3878999948501587
2020-12-30,51.34000015258789,48.400001525878906,1.489799976348877,2.421999931335449,1.4119999408721924
2020-12-31,51.79999923706055,48.52000045776367,1.4763000011444092,2.5390000343322754,1.408400058746338
2021-01-04,51.09000015258789,47.619998931884766,1.4620000123977661,2.5810000896453857,1.3729000091552734
2021-01-05,53.599998474121094,49.93000030517578,1.5189000368118286,2.7019999027252197,1.4521000385284424
2021-01-06,54.29999923706055,50.630001068115234,1.5286999940872192,2.7160000801086426,1.475000023841858
2021-01-07,54.380001068115234,50.83000183105469,1.538100004196167,2.7290000915527344,1.482699990272522
2021-01-08,55.9900016784668,52.2400016784668,1.5794999599456787,2.700000047683716,1.5422999858856201
2021-01-11,55.65999984741211,52.25,1.5735000371932983,2.746999979019165,1.520799994468689
2021-01-12,56.58000183105469,53.209999084472656,1.5966999530792236,2.753000020980835,1.5529999732971191
2021-01-13,56.060001373291016,52.90999984741211,1.5988999605178833,2.7269999980926514,1.548799991607666
2021-01-14,56.41999816894531,53.56999969482422,1.6194000244140625,2.6659998893737793,1.5539000034332275
2021-01-15,55.099998474121094,52.36000061035156,1.592900037765503,2.736999988555908,1.52839994430542
2021-01-19,55.900001525878906,52.97999954223633,1.5987000465393066,2.5460000038146973,1.538100004196167
2021-01-20,56.08000183105469,53.2400016784668,1.6003999710083008,2.5390000343322754,1.5439000129699707
2021-01-21,56.099998474121094,53.130001068115234,1.600600004196167,2.490999937057495,1.5478999614715576
2021-01-22,55.40999984741211,52.27000045776367,1.5759999752044678,2.446000099182129,1.548699975013733
2021-01-25,55.880001068115234,52.77000045776367,1.5938999652862549,2.6019999980926514,1.5611000061035156
2021-01-26,55.90999984741211,52.61000061035156,1.5983999967575073,2.6559998989105225,1.5807000398635864
2021-01-27,55.810001373291016,52.849998474121094,1.6088999509811401,2.759999990463257,1.5771000385284424
2021-01-28,55.529998779296875,52.34000015258789,1.601699948310852,2.6640000343322754,1.582900047302246
2021-01-29,55.880001068115234,52.20000076293945,1.6003999710083008,2.563999891281128,1.5724999904632568
2021-02-01,56.349998474121094,53.54999923706055,1.6469000577926636,2.8499999046325684,1.5901000499725342
2021-02-02,57.459999084472656,54.7599983215332,1.6746000051498413,2.8450000286102295,1.6160000562667847
2021-02-03,58.459999084472656,55.689998626708984,1.690500020980835,2.7890000343322754,1.6485999822616577
2021-02-04,58.84000015258789,56.22999954223633,1.7005000114440918,2.934999942779541,1.6447999477386475
2021-02-05,59.34000015258789,56.849998474121094,1.7137000560760498,2.86299991607666,1.6492999792099
2021-02-08,60.560001373291016,57.970001220703125,1.7477999925613403,2.881999969482422,1.6748000383377075
2021-02-09,61.09000015258789,58.36000061035156,1.756700038909912,2.8350000381469727,1.6735999584197998
2021-02-10,61.470001220703125,58.68000030517578,1.7610000371932983,2.9110000133514404,1.65339994430542
2021-02-11,61.13999938964844,58.2400016784668,1.7446000576019287,2.868000030517578,1.6502000093460083
2021-02-12,62.43000030517578,59.470001220703125,1.771399974822998,2.9119999408721924,1.6924999952316284
2021-02-16,63.349998474121094,60.04999923706055,1.8143999576568604,3.128999948501587,1.7728999853134155
2021-02-17,64.33999633789062,61.13999938964844,1.8377000093460083,3.2190001010894775,1.8105000257492065
2021-02-18,63.93000030517578,60.52000045776367,1.836400032043457,3.0820000171661377,1.7942999601364136
2021-02-19,62.90999984741211,59.2400016784668,1.8229000568389893,3.069000005722046,1.8069000244140625
2021-02-22,65.23999786376953,61.4900016784668,1.8586000204086304,2.953000068664551,1.8416999578475952
2021-02-23,65.37000274658203,61.66999816894531,1.8680000305175781,2.878999948501587,1.8586000204086304
2021-02-24,67.04000091552734,63.220001220703125,1.9083000421524048,2.8540000915527344,1.8955999612808228
2021-02-25,66.87999725341797,63.529998779296875,1.906599998474121,2.7769999504089355,1.892300009727478
2021-02-26,66.12999725341797,61.5,1.8565000295639038,2.7709999084472656,1.8769999742507935
2021-03-01,63.689998626708984,60.63999938964844,1.819200038909912,2.7769999504089355,1.9428999423980713
2021-03-02,62.70000076293945,59.75,1.8080999851226807,2.8389999866485596,1.936400055885315
2021-03-03,64.06999969482422,61.279998779296875,1.8357000350952148,2.815999984741211,1.951799988746643
2021-03-04,66.73999786376953,63.83000183105469,1.8960000276565552,2.746000051498413,1.9979000091552734
2021-03-05,69.36000061035156,66.08999633789062,1.944000005722046,2.7009999752044678,2.06469988822937
2021-03-08,68.23999786376953,65.05000305175781,1.9084999561309814,2.6640000343322754,2.0487000942230225
2021-03-09,67.5199966430664,64.01000213623047,1.9072999954223633,2.6619999408721924,2.0501999855041504
2021-03-10,67.9000015258789,64.44000244140625,1.9172999858856201,2.691999912261963,2.0794999599456787
2021-03-11,69.62999725341797,66.0199966430664,1.9594000577926636,2.6679999828338623,2.138000011444092
2021-03-12,69.22000122070312,65.61000061035156,1.9674999713897705,2.5999999046325684,2.1500000953674316
2021-03-15,68.87999725341797,65.38999938964844,1.9488999843597412,2.4839999675750732,2.104599952697754
2021-03-16,68.38999938964844,64.80000305175781,1.9327000379562378,2.562000036239624,2.1012001037597656
2021-03-17,68.0,64.5999984741211,1.9061000347137451,2.5280001163482666,2.047100067138672
2021-03-18,63.279998779296875,60.0,1.7841999530792236,2.4809999465942383,1.944100022315979
2021-03-19,64.52999877929688,61.41999816894531,1.8222999572753906,2.5350000858306885,1.9430999755859375
2021-03-22,64.62000274658203,61.54999923706055,1.829300045967102,2.5820000171661377,1.9598000049591064
2021-03-23,60.790000915527344,57.7599983215332,1.748900055885315,2.507999897003174,1.896399974822998
2021-03-24,64.41000366210938,61.18000030517578,1.825600028038025,2.5179998874664307,1.9889999628067017
2021-03-25,61.95000076293945,58.560001373291016,1.7477999925613403,2.569999933242798,1.9208999872207642
2021-03-26,64.56999969482422,60.970001220703125,1.809999942779541,2.556999921798706,1.9673000574111938
2021-03-29,64.9800033569336,61.560001373291016,1.8098000288009644,2.5859999656677246,1.9952000379562378
2021-03-30,64.13999938964844,60.54999923706055,1.789199948310852,2.622999906539917,1.9889999628067017
2021-03-31,63.540000915527344,59.15999984741211,1.771299958229065,2.6080000400543213,1.9532999992370605
2021-04-01,64.86000061035156,61.45000076293945,1.8315999507904053,2.6389999389648438,2.0223000049591064
2021-04-05,62.150001525878906,58.650001525878906,1.7724000215530396,2.510999917984009,1.9610999822616577
2021-04-06,62.7400016784668,59.33000183105469,1.794100046157837,2.4560000896453857,1.9663000106811523
2021-04-07,63.15999984741211,59.77000045776367,1.8078999519348145,2.5199999809265137,1.951799988746643
2021-04-08,63.20000076293945,59.599998474121094,1.8098000288009644,2.5220000743865967,1.9593000411987305
2021-04-09,62.95000076293945,59.31999969482422,1.8076000213623047,2.5260000228881836,1.9621000289916992
2021-04-12,63.279998779296875,59.70000076293945,1.8079999685287476,2.561000108718872,1.9700000286102295
2021-04-13,63.66999816894531,60.18000030517578,1.8144999742507935,2.61899995803833,1.9757000207901
2021-04-14,66.58000183105469,63.150001525878906,1.8899999856948853,2.618000030517578,2.0355000495910645
2021-04-15,66.94000244140625,63.459999084472656,1.898900032043457,2.6579999923706055,2.051800012588501
2021-04-16,66.7699966430664,63.130001068115234,1.8956999778747559,2.680000066757202,2.039900064468384
2021-04-19,67.05000305175781,63.380001068115234,1.8925000429153442,2.749000072479248,2.0445001125335693
2021-04-20,66.56999969482422,62.439998626708984,1.8801000118255615,2.7269999980926514,2.017400026321411
2021-04-21,65.31999969482422,61.349998474121094,1.853700041770935,2.691999912261963,1.9833999872207642
2021-04-22,65.4000015258789,61.43000030517578,1.86080002784729,2.749000072479248,1.9746999740600586
2021-04-23,66.11000061035156,62.13999938964844,1.8734999895095825,2.7300000190734863,1.9957000017166138
2021-04-26,65.6500015258789,61.90999984741211,1.878499984741211,2.7899999618530273,1.978600025177002
2021-04-27,66.41999816894531,62.939998626708984,1.9056999683380127,2.872999906539917,2.020400047302246
2021-04-28,67.2699966430664,63.86000061035156,1.938599944114685,2.924999952316284,2.072200059890747
2021-04-29,68.55999755859375,65.01000213623047,1.961400032043457,2.9110000133514404,2.099900007247925
2021-04-30,67.25,63.58000183105469,1.9211000204086304,2.930999994277954,2.0697999000549316
2021-05-03,67.55999755859375,64.48999786376953,1.9519000053405762,2.9660000801086426,2.1015000343322754
2021-05-04,68.87999725341797,65.69000244140625,1.9988000392913818,2.9670000076293945,2.15120005607605
2021-05-05,68.95999908447266,65.62999725341797,2.002500057220459,2.937999963760376,2.1512999534606934
2021-05-06,68.08999633789062,64.70999908447266,1.9895000457763672,2.927999973297119,2.1136999130249023
2021-05-07,68.27999877929688,64.9000015258789,2.0106000900268555,2.9579999446868896,2.1268999576568604
2021-05-10,68.31999969482422,64.91999816894531,2.0165998935699463,2.931999921798706,2.1333999633789062
2021-05-11,68.55000305175781,65.27999877929688,2.0416998863220215,2.9549999237060547,2.139899969100952
2021-05-12,69.31999969482422,66.08000183105469,2.069499969482422,2.9690001010894775,2.1610000133514404
2021-05-13,67.05000305175781,63.81999969482422,2.0009000301361084,2.9730000495910645,2.0952999591827393
2021-05-14,68.70999908447266,65.37000274658203,2.0362000465393066,2.9609999656677246,2.1266000270843506
2021-05-17,69.45999908447266,66.2699966430664,2.0604000091552734,3.1089999675750732,2.1582999229431152
2021-05-18,68.70999908447266,65.48999786376953,2.0564000606536865,3.01200008392334,2.160900115966797
2021-05-19,66.66000366210938,63.36000061035156,2.0071001052856445,2.9639999866485596,2.1019999980926514
2021-05-20,65.11000061035156,62.04999923706055,1.964400053024292,2.924999952316284,2.0471999645233154
2021-05-21,66.44000244140625,63.58000183105469,1.9881999492645264,2.9059998989105225,2.06850004196167
2021-05-24,68.45999908447266,66.05000305175781,2.0420000553131104,2.885999917984009,2.1177000999450684
2021-05-25,68.6500015258789,66.06999969482422,2.035399913787842,2.9130001068115234,2.117300033569336
2021-05-26,68.87000274658203,66.20999908447266,2.0452001094818115,2.9839999675750732,2.150099992752075
2021-05-27,69.45999908447266,66.8499984741211,2.0564000606536865,2.9579999446868896,2.1517999172210693
2021-05-28,69.62999725341797,66.31999969482422,2.0445001125335693,2.9860000610351562,2.140199899673462
2021-06-01,70.25,67.72000122070312,2.071500062942505,3.1040000915527344,2.1703999042510986
2021-06-02,71.3499984741211,68.83000183105469,2.107100009918213,3.075000047683716,2.1940999031066895
2021-06-03,71.30999755859375,68.80999755859375,2.1017000675201416,3.0409998893737793,2.2018001079559326
2021-06-04,71.88999938964844,69.62000274658203,2.1198999881744385,3.0969998836517334,2.2114999294281006
2021-06-07,71.48999786376953,69.2300033569336,2.115600109100342,3.069999933242798,2.1930999755859375
2021-06-08,72.22000122070312,70.05000305175781,2.134999990463257,3.128000020980835,2.2190001010894775
2021-06-09,72.22000122070312,69.95999908447266,2.129499912261963,3.128999948501587,2.202500104904175
2021-06-10,72.5199966430664,70.29000091552734,2.143399953842163,3.1489999294281006,2.2121999263763428
2021-06-11,72.69000244140625,70.91000366210938,2.120699882507324,3.2960000038146973,2.1861000061035156
2021-06-14,72.86000061035156,70.87999725341797,2.111599922180176,3.3519999980926514,2.1712000370025635
2021-06-15,73.98999786376953,72.12000274658203,2.112299919128418,3.240000009536743,2.1705000400543213
2021-06-16,74.38999938964844,72.1500015258789,2.1033999919891357,3.250999927520752,2.1561999320983887
2021-06-17,73.08000183105469,71.04000091552734,2.066800117492676,3.253000020980835,2.134200096130371
2021-06-18,73.51000213623047,71.63999938964844,2.0931999683380127,3.2149999141693115,2.168299913406372
2021-06-21,74.9000015258789,73.66000366210938,2.126800060272217,3.190999984741211,2.196899890899658
2021-06-22,74.80999755859375,73.05999755859375,2.1510000228881836,3.257999897003174,2.224299907684326
2021-06-23,75.19000244140625,73.08000183105469,2.15939998626709,3.3329999446868896,2.266900062561035
2021-06-24,75.55999755859375,73.30000305175781,2.1623001098632812,3.4179999828338623,2.280900001525879
2021-06-25,76.18000030517578,74.05000305175781,2.1493000984191895,3.496000051498413,2.2639000415802
2021-06-28,74.68000030517578,72.91000366210938,2.1182000637054443,3.617000102996826,2.216599941253662
2021-06-29,74.76000213623047,72.9800033569336,2.1219000816345215,3.630000114440918,2.239000082015991
2021-06-30,75.12999725341797,73.47000122070312,2.128700017929077,3.6500000953674316,2.2444000244140625
2021-07-01,75.83999633789062,75.2300033569336,2.1561999320983887,3.6610000133514404,2.2676000595092773
2021-07-02,76.16999816894531,75.16000366210938,2.1791000366210938,3.700000047683716,2.299799919128418
2021-07-06,74.52999877929688,73.37000274658203,2.1048998832702637,3.63700008392334,2.2281999588012695
2021-07-07,73.43000030517578,72.19999694824219,2.089099884033203,3.5959999561309814,2.2060000896453857
2021-07-08,74.12000274658203,72.94000244140625,2.1203999519348145,3.687999963760376,2.255199909210205
2021-07-09,75.55000305175781,74.55999755859375,2.1552000045776367,3.6740000247955322,2.2920000553131104
2021-07-12,75.16000366210938,74.0999984741211,2.1498000621795654,3.749000072479248,2.2771999835968018
2021-07-13,76.48999786376953,75.25,2.1844000816345215,3.696000099182129,2.3183000087738037
2021-07-14,74.76000213623047,73.12999725341797,2.1435000896453857,3.6600000858306885,2.2934999465942383
2021-07-15,73.47000122070312,71.6500015258789,2.112600088119507,3.614000082015991,2.2502999305725098
2021-07-16,73.58999633789062,71.80999755859375,2.113300085067749,3.6740000247955322,2.2535998821258545
2021-07-19,68.62000274658203,66.41999816894531,1.985200047492981,3.7790000438690186,2.1103999614715576
2021-07-20,69.3499984741211,67.41999816894531,2.012700080871582,3.875999927520752,2.131500005722046
2021-07-21,72.2300033569336,70.30000305175781,2.0869998931884766,3.9590001106262207,2.2167000770568848
2021-07-22,73.79000091552734,71.91000366210938,2.1326000690460205,4.002999782562256,2.273200035095215
2021-07-23,74.0999984741211,72.06999969482422,2.1338999271392822,4.059999942779541,2.291300058364868
2021-07-26,74.5,71.91000366210938,2.1510000228881836,4.1020002365112305,2.308300018310547
2021-07-27,74.4800033569336,71.6500015258789,2.143899917602539,3.9709999561309814,2.3141000270843506
2021-07-28,74.73999786376953,72.38999938964844,2.1559998989105225,4.044000148773193,2.308199882507324
2021-07-29,76.05000305175781,73.62000274658203,2.1893999576568604,4.059000015258789,2.3513998985290527
2021-07-30,76.33000183105469,73.94999694824219,2.199399948120117,3.9140000343322754,2.3659000396728516
2021-08-02,72.88999938964844,71.26000213623047,2.1357998847961426,3.934999942779541,2.2746999263763428
2021-08-03,72.41000366210938,70.55999755859375,2.1263999938964844,4.0269999504089355,2.2708001136779785
2021-08-04,70.37999725341797,68.1500015258789,2.0741000175476074,4.1579999923706055,2.25
2021-08-05,71.29000091552734,69.08999633789062,2.1059999465942383,4.139999866485596,2.2939999103546143
2021-08-06,70.69999694824219,68.27999877929688,2.0845000743865967,4.139999866485596,2.2569000720977783
2021-08-09,69.04000091552734,66.4800033569336,2.042099952697754,4.059999942779541,2.234800100326538
2021-08-10,70.62999725341797,68.29000091552734,2.080199956893921,4.089000225067139,2.267899990081787
2021-08-11,71.44000244140625,69.25,2.105799913406372,4.059000015258789,2.3022000789642334
2021-08-12,71.30999755859375,69.08999633789062,2.1038999557495117,3.933000087738037,2.275399923324585
2021-08-13,70.58999633789062,68.44000244140625,2.077899932861328,3.8610000610351562,2.2625999450683594
2021-08-16,69.51000213623047,67.29000091552734,2.04830002784729,3.946000099182129,2.200900077819824
2021-08-17,69.02999877929688,66.58999633789062,2.036099910736084,3.8369998931884766,2.165600061416626
2021-08-18,68.2300033569336,65.45999908447266,2.021199941635132,3.8519999980926514,2.147700071334839
2021-08-19,66.44999694824219,63.689998626708984,1.968999981880188,3.8299999237060547,2.0815000534057617
2021-08-20,65.18000030517578,62.31999969482422,1.9082000255584717,3.8510000705718994,2.0236001014709473
2021-08-23,68.75,65.63999938964844,2.0051000118255615,3.944999933242798,2.123199939727783
2021-08-24,71.05000305175781,67.54000091552734,2.066800117492676,3.8959999084472656,2.180799961090088
2021-08-25,72.25,68.36000061035156,2.1182000637054443,3.8970000743865967,2.300800085067749
2021-08-26,71.06999969482422,67.41999816894531,2.083199977874756,4.184000015258789,2.2553999423980713
2021-08-27,72.69999694824219,68.73999786376953,2.1092000007629395,4.369999885559082,2.274199962615967
2021-08-30,73.41000366210938,69.20999908447266,2.1403000354766846,4.304999828338623,2.312700033187866
2021-08-31,72.98999786376953,68.5,2.13100004196167,4.376999855041504,2.282599925994873
2021-09-01,71.58999633789062,68.58999633789062,2.1289000511169434,4.614999771118164,2.1108999252319336
2021-09-02,73.02999877929688,69.98999786376953,2.1677000522613525,4.640999794006348,2.1635000705718994
2021-09-03,72.61000061035156,69.29000091552734,2.15939998626709,4.711999893188477,2.1540000438690186
2021-09-07,71.69000244140625,68.3499984741211,2.1215999126434326,4.567999839782715,2.130000114440918
2021-09-08,72.5999984741211,69.30000305175781,2.136399984359741,4.914000034332275,2.1321001052856445
2021-09-09,71.44999694824219,68.13999938964844,2.1136999130249023,5.031000137329102,2.0996999740600586
2021-09-10,72.91999816894531,69.72000122070312,2.1459999084472656,4.938000202178955,2.1540000438690186
2021-09-13,73.51000213623047,70.44999694824219,2.1582999229431152,5.230999946594238,2.160900115966797
2021-09-14,73.5999984741211,70.45999908447266,2.16129994392395,5.260000228881836,2.1723999977111816
2021-09-15,75.45999908447266,72.61000061035156,2.2053000926971436,5.460000038146973,2.2065999507904053
2021-09-16,75.66999816894531,72.61000061035156,2.2109999656677246,5.335000038146973,2.1812000274658203
2021-09-17,75.33999633789062,71.97000122070312,2.2091000080108643,5.105000019073486,2.171299934387207
2021-09-20,73.91999816894531,70.29000091552734,2.1589999198913574,4.985000133514404,2.1152000427246094
2021-09-21,74.36000061035156,70.55999755859375,2.173799991607666,4.804999828338623,2.1052000522613525
2021-09-22,76.19000244140625,72.2300033569336,2.2116000652313232,4.804999828338623,2.1238999366760254
2021-09-23,77.25,73.30000305175781,2.2490999698638916,4.97599983215332,2.1714999675750732
2021-09-24,78.08999633789062,73.9800033569336,2.2671000957489014,5.139999866485596,2.1875
2021-09-27,79.52999877929688,75.44999694824219,2.2960000038146973,5.705999851226807,2.2237000465393066
2021-09-28,79.08999633789062,75.29000091552734,2.2890000343322754,5.841000080108643,2.201900005340576
2021-09-29,78.63999938964844,74.83000183105469,2.307499885559082,5.4770002365112305,2.229300022125244
2021-09-30,78.5199966430664,75.02999877929688,2.3417000770568848,5.867000102996826,2.2535998821258545
2021-10-01,79.27999877929688,75.87999725341797,2.382699966430664,5.61899995803833,2.25
2021-10-04,81.26000213623047,77.62000274658203,2.4365999698638916,5.765999794006348,2.308500051498413
2021-10-05,82.55999755859375,78.93000030517578,2.4935998916625977,6.311999797821045,2.3578999042510986
2021-10-06,81.08000183105469,77.43000030517578,2.441999912261963,5.675000190734863,2.308199882507324
2021-10-07,81.94999694824219,78.30000305175781,2.4595999717712402,5.677000045776367,2.334399938583374
2021-10-08,82.38999938964844,79.3499984741211,2.4737000465393066,5.565000057220459,2.3661999702453613
2021-10-11,83.6500015258789,80.5199966430664,2.515000104904175,5.34499979019165,2.3778998851776123
2021-10-12,83.41999816894531,80.63999938964844,2.509999990463257,5.505000114440918,2.3828999996185303
2021-10-13,83.18000030517578,80.44000244140625,2.5211000442504883,5.590000152587891,2.4054999351501465
2021-10-14,84.0,81.30999755859375,2.5613999366760254,5.686999797821045,2.434999942779541
2021-10-15,84.86000061035156,82.27999877929688,2.573699951171875,5.409999847412109,2.4863998889923096
2021-10-18,84.33000183105469,82.44000244140625,2.5492000579833984,4.988999843597412,2.486599922180176
2021-10-19,85.08000183105469,82.95999908447266,2.560699939727783,5.0879998207092285,2.4755001068115234
2021-10-20,85.81999969482422,83.87000274658203,2.5922999382019043,5.170000076293945,2.5083999633789062
2021-10-21,84.61000061035156,82.5,2.549099922180176,5.114999771118164,2.48009991645813
2021-10-22,85.52999877929688,83.76000213623047,2.5388998985290527,5.28000020980835,2.482100009918213
2021-10-25,85.98999786376953,83.76000213623047,2.56469988822937,5.8979997634887695,2.516200065612793
2021-10-26,86.4000015258789,84.6500015258789,2.5773000717163086,5.881999969482422,2.5167999267578125
2021-10-27,84.58000183105469,82.66000366210938,2.5148000717163086,6.202000141143799,2.449700117111206
2021-10-28,84.31999969482422,82.80999755859375,2.5164999961853027,5.7820000648498535,2.434999942779541
2021-10-29,84.37999725341797,83.56999969482422,2.4964001178741455,5.426000118255615,2.4619998931884766
2021-11-01,84.70999908447266,84.05000305175781,2.5030999183654785,5.185999870300293,2.4093000888824463
2021-11-02,84.72000122070312,83.91000366210938,2.50819993019104,5.541999816894531,2.4500999450683594
2021-11-03,81.98999786376953,80.86000061035156,2.434499979019165,5.670000076293945,2.3385000228881836
2021-11-04,80.54000091552734,78.80999755859375,2.406599998474121,5.716000080108643,2.29259991645813
2021-11-05,82.73999786376953,81.2699966430664,2.4556000232696533,5.515999794006348,2.3208999633789062
2021-11-08,83.43000030517578,81.93000030517578,2.467099905014038,5.427000045776367,2.322200059890747
2021-11-09,84.77999877929688,84.1500015258789,2.5081000328063965,4.979000091552734,2.375200033187866
2021-11-10,82.63999938964844,81.33999633789062,2.4521000385284424,4.880000114440918,2.2971999645233154
2021-11-11,82.87000274658203,81.58999633789062,2.4470999240875244,5.14900016784668,2.3178000450134277
2021-11-12,82.16999816894531,80.79000091552734,2.403700113296509,4.790999889373779,2.3113999366760254
2021-11-15,82.05000305175781,80.87999725341797,2.398099899291992,5.017000198364258,2.3287999629974365
2021-11-16,82.43000030517578,80.76000213623047,2.4309000968933105,5.177000045776367,2.3496999740600586
2021-11-17,80.27999877929688,78.36000061035156,2.3643999099731445,4.815999984741211,2.2802999019622803
2021-11-18,81.23999786376953,79.01000213623047,2.384000062942505,4.9019999504089355,2.294300079345703
2021-11-19,78.88999938964844,76.0999984741211,2.2934000492095947,5.065000057220459,2.211899995803833
2021-11-22,79.69999694824219,76.75,2.3254001140594482,4.789000034332275,2.260200023651123
2021-11-23,82.30999755859375,78.5,2.3842999935150146,4.9670000076293945,2.3371999263763428
2021-11-24,82.25,78.38999938964844,2.382999897003174,5.067999839782715,2.319700002670288
2021-11-26,72.72000122070312,68.1500015258789,2.0945000648498535,5.447000026702881,2.029400110244751
2021-11-29,73.44000244140625,69.94999694824219,2.152100086212158,4.854000091552734,2.0771000385284424
2021-11-30,70.56999969482422,66.18000030517578,2.063800096511841,4.566999912261963,1.9801000356674194
2021-12-01,68.87000274658203,65.56999969482422,2.0771000385284424,4.257999897003174,1.9510999917984009
2021-12-02,69.66999816894531,66.5,2.1033999919891357,4.056000232696533,1.9677000045776367
2021-12-03,69.87999725341797,66.26000213623047,2.098400115966797,4.131999969482422,1.9529000520706177
2021-12-06,73.08000183105469,69.48999786376953,2.1712000370025635,3.6570000648498535,2.043299913406372
2021-12-07,75.44000244140625,72.05000305175781,2.224600076675415,3.7079999446868896,2.0999999046325684
2021-12-08,75.81999969482422,72.36000061035156,2.2613000869750977,3.815000057220459,2.1484999656677246
2021-12-09,74.41999816894531,70.94000244140625,2.2502999305725098,3.813999891281128,2.1284000873565674
2021-12-10,75.1500015258789,71.66999816894531,2.2516000270843506,3.924999952316284,2.137200117111206
2021-12-13,74.38999938964844,71.29000091552734,2.232800006866455,3.7939999103546143,2.116499900817871
2021-12-14,73.69999694824219,70.7300033569336,2.218400001525879,3.746999979019165,2.11080002784729
2021-12-15,73.87999725341797,70.87000274658203,2.220400094985962,3.802000045776367,2.127500057220459
2021-12-16,75.0199966430664,72.37999725341797,2.2662999629974365,3.7660000324249268,2.177799940109253
2021-12-17,73.5199966430664,70.86000061035156,2.219899892807007,3.690000057220459,2.1217000484466553
2021-12-20,71.5199966430664,68.2300033569336,2.1730000972747803,3.8340001106262207,2.0899999141693115
2021-12-21,73.9800033569336,71.12000274658203,2.2578001022338867,3.86899995803833,2.1521999835968018
2021-12-22,75.29000091552734,72.76000213623047,2.307800054550171,3.9760000705718994,2.1679999828338623
2021-12-23,76.8499984741211,73.79000091552734,2.331399917602539,3.7309999465942383,2.2060999870300293
2021-12-27,78.5999984741211,75.56999969482422,2.3534998893737793,4.059999942779541,2.2339000701904297
2021-12-28,78.94000244140625,75.9800033569336,2.3714001178741455,4.054999828338623,2.2471001148223877
2021-12-29,79.2300033569336,76.55999755859375,2.3777999877929688,4.02400016784668,2.271699905395508
2021-12-30,79.31999969482422,76.98999786376953,2.395900011062622,3.561000108718872,2.296799898147583
2021-12-31,77.77999877929688,75.20999908447266,2.3301000595092773,3.7300000190734863,2.2284998893737793
2022-01-03,78.9800033569336,76.08000183105469,2.3573999404907227,3.815000057220459,2.256500005722046
2022-01-04,80.0,76.98999786376953,2.4094998836517334,3.7170000076293945,2.2762999534606934
2022-01-05,80.80000305175781,77.8499984741211,2.4460999965667725,3.881999969482422,2.292099952697754
2022-01-06,81.98999786376953,79.45999908447266,2.4776999950408936,3.812000036239624,2.30430006980896
2022-01-07,81.75,78.9000015258789,2.481800079345703,3.9159998893737793,2.2988998889923096
2022-01-10,80.87000274658203,78.2300033569336,2.487600088119507,4.078999996185303,2.275399923324585
2022-01-11,83.72000122070312,81.22000122070312,2.5636000633239746,4.249000072479248,2.3573999404907227
2022-01-12,84.66999816894531,82.63999938964844,2.5941998958587646,4.85699987411499,2.3907999992370605
2022-01-13,84.47000122070312,82.12000274658203,2.6085000038146973,4.269999980926514,2.3840999603271484
2022-01-14,86.05999755859375,83.81999969482422,2.6342999935150146,4.26200008392334,2.4189999103546143
2022-01-18,87.51000213623047,85.43000030517578,2.6740000247955322,4.2829999923706055,2.43179988861084
2022-01-19,88.44000244140625,86.95999908447266,2.6923000812530518,4.031000137329102,2.4570000171661377
2022-01-20,88.37999725341797,86.9000015258789,2.671799898147583,3.802000045776367,2.4621999263763428
2022-01-21,87.88999938964844,85.13999938964844,2.691200017929077,3.999000072479248,2.4423999786376953
2022-01-24,86.2699966430664,83.30999755859375,2.6273999214172363,4.0269999504089355,2.3980000019073486
2022-01-25,88.19999694824219,85.5999984741211,2.669100046157837,4.052999973297119,2.4595000743865967
2022-01-26,89.95999908447266,87.3499984741211,2.74399995803833,4.2769999504089355,2.522900104522705
2022-01-27,89.33999633789062,86.61000061035156,2.7945001125335693,6.264999866485596,2.5209999084472656
2022-01-28,90.02999877929688,86.81999969482422,2.7855000495910645,4.638999938964844,2.54229998588562
2022-01-31,91.20999908447266,88.1500015258789,2.759200096130371,4.874000072479248,2.55430006980896
2022-02-01,89.16000366210938,88.19999694824219,2.7411999702453613,4.750999927520752,2.575200080871582
2022-02-02,89.47000122070312,88.26000213623047,2.768899917602539,5.500999927520752,2.6070001125335693
2022-02-03,91.11000061035156,90.2699966430664,2.8394999504089355,4.888000011444092,2.642699956893921
2022-02-04,93.2699966430664,92.30999755859375,2.8750998973846436,4.572000026702881,2.678499937057495
2022-02-07,92.69000244140625,91.31999969482422,2.8554000854492188,4.23199987411499,2.68530011177063
2022-02-08,90.77999877929688,89.36000061035156,2.79259991645813,4.248000144958496,2.6250998973846436
2022-02-09,91.55000305175781,89.66000366210938,2.824899911880493,4.008999824523926,2.65339994430542
2022-02-10,91.41000366210938,89.87999725341797,2.827199935913086,3.9590001106262207,2.6654000282287598
2022-02-11,94.44000244140625,93.0999984741211,2.910900115966797,3.940999984741211,2.738600015640259
2022-02-14,96.4800033569336,95.45999908447266,2.9618000984191895,4.195000171661377,2.779400110244751
2022-02-15,93.27999877929688,92.06999969482422,2.859499931335449,4.306000232696533,2.669100046157837
2022-02-16,94.80999755859375,93.66000366210938,2.8575000762939453,4.7170000076293945,2.6770999431610107
2022-02-17,92.97000122070312,91.76000213623047,2.7862000465393066,4.486000061035156,2.6486001014709473
2022-02-18,93.54000091552734,91.06999969482422,2.7815001010894775,4.431000232696533,2.669600009918213
2022-02-22,96.83999633789062,92.3499984741211,2.8187999725341797,4.498000144958496,2.7107999324798584
2022-02-23,96.83999633789062,92.0999984741211,2.829200029373169,4.623000144958496,2.7253000736236572
2022-02-24,99.08000183105469,92.80999755859375,2.896899938583374,4.567999839782715,2.7709999084472656
2022-02-25,97.93000030517578,91.58999633789062,2.8494999408721924,4.46999979019165,2.727299928665161
2022-02-28,100.98999786376953,95.72000122070312,3.013400077819824,4.4019999504089355,2.796999931335449
2022-03-01,104.97000122070312,103.41000366210938,3.151099920272827,4.572999954223633,3.08870005607605
2022-03-02,112.93000030517578,110.5999984741211,3.4946999549865723,4.76200008392334,3.308300018310547
2022-03-03,110.45999908447266,107.66999816894531,3.5034000873565674,4.7220001220703125,3.28439998626709
2022-03-04,118.11000061035156,115.68000030517578,3.7762999534606934,5.015999794006348,3.5439999103546143
2022-03-07,123.20999908447266,119.4000015258789,3.9214999675750732,4.833000183105469,3.5720999240875244
2022-03-08,127.9800033569336,123.69999694824219,4.437300205230713,4.5269999504089355,3.6826000213623047
2022-03-09,111.13999938964844,108.69999694824219,3.4642999172210693,4.526000022888184,3.293800115585327
2022-03-10,109.33000183105469,106.0199966430664,3.2962000370025635,4.63100004196167,3.1566998958587646
2022-03-11,112.66999816894531,109.33000183105469,3.41759991645813,4.724999904632568,3.3120999336242676
2022-03-14,106.9000015258789,103.01000213623047,3.2762999534606934,4.6579999923706055,3.1689000129699707
2022-03-15,99.91000366210938,96.44000244140625,3.0297000408172607,4.567999839782715,2.9981000423431396
2022-03-16,98.0199966430664,95.04000091552734,3.100100040435791,4.748000144958496,2.987499952316284
2022-03-17,106.63999938964844,102.9800033569336,3.4874000549316406,4.989999771118164,3.216599941253662
2022-03-18,107.93000030517578,104.69999694824219,3.598099946975708,4.86299991607666,3.238800048828125
2022-03-21,115.62000274658203,112.12000274658203,3.8008999824523926,4.900000095367432,3.3715999126434326
2022-03-22,115.4800033569336,111.76000213623047,3.8642001152038574,5.186999797821045,3.330699920654297
2022-03-23,121.5999984741211,114.93000030517578,4.114799976348877,5.23199987411499,3.438699960708618
2022-03-24,119.02999877929688,112.33999633789062,4.15339994430542,5.401000022888184,3.389699935913086
2022-03-25,120.6500015258789,113.9000015258789,4.11460018157959,5.571000099182129,3.4700000286102295
2022-03-28,112.4800033569336,105.95999908447266,3.783400058746338,5.507999897003174,3.2188000679016113
2022-03-29,110.2300033569336,104.23999786376953,3.716099977493286,5.335999965667725,3.2032999992370605
2022-03-30,113.44999694824219,107.81999969482422,3.808500051498413,5.605000019073486,3.325000047683716
2022-03-31,107.91000366210938,100.27999877929688,3.691200017929077,5.642000198364258,3.1895999908447266
2022-04-01,104.38999938964844,99.2699966430664,3.4240000247955322,5.71999979019165,3.1535000801086426
2022-04-04,107.52999877929688,103.27999877929688,3.546099901199341,5.711999893188477,3.1981000900268555
2022-04-05,106.63999938964844,101.95999908447266,3.4681999683380127,6.0320000648498535,3.164900064468384
2022-04-06,101.06999969482422,96.2300033569336,3.3452000617980957,6.0289998054504395,3.0462000370025635
2022-04-07,100.58000183105469,96.02999877929688,3.2678000926971436,6.359000205993652,3.039799928665161
2022-04-08,102.77999877929688,98.26000213623047,3.3176000118255615,6.2779998779296875,3.1315999031066895
2022-04-11,98.4800033569336,94.29000091552734,3.267699956893921,6.64300012588501,3.0030999183654785
2022-04-12,104.63999938964844,100.5999984741211,3.464400053024292,6.679999828338623,3.1538000106811523
2022-04-13,108.77999877929688,104.25,3.718400001525879,6.997000217437744,3.291300058364868
2022-04-14,111.69999694824219,106.94999694824219,3.85479998588562,7.300000190734863,3.3814001083374023
2022-04-18,113.16000366210938,108.20999908447266,3.8907999992370605,7.820000171661377,3.3780999183654785
2022-04-19,107.25,102.55999755859375,3.8619000911712646,7.176000118255615,3.2474000453948975
2022-04-20,106.80000305175781,102.75,3.973099946975708,6.936999797821045,3.2848000526428223
2022-04-21,108.33000183105469,103.79000091552734,3.9007999897003174,6.956999778747559,3.338599920272827
2022-04-22,106.6500015258789,102.06999969482422,3.9386000633239746,6.533999919891357,3.305000066757202
2022-04-25,102.31999969482422,98.54000091552734,4.09089994430542,6.669000148773193,3.239799976348877
2022-04-26,104.98999786376953,101.69999694824219,4.467899799346924,6.849999904632568,3.3387999534606934
2022-04-27,105.31999969482422,102.0199966430664,4.674300193786621,7.267000198364258,3.4560000896453857
2022-04-28,107.58999633789062,105.36000061035156,5.13539981842041,6.888000011444092,3.5034000873565674
2022-04-29,109.33999633789062,104.69000244140625,4.781700134277344,7.24399995803833,3.472100019454956
2022-05-02,107.58000183105469,105.16999816894531,4.204899787902832,7.474999904632568,3.5100998878479004
2022-05-03,104.97000122070312,102.41000366210938,4.082699775695801,7.953999996185303,3.501199960708618
2022-05-04,110.13999938964844,107.80999755859375,4.197000026702881,8.414999961853027,3.6522998809814453
2022-05-05,110.9000015258789,108.26000213623047,4.041299819946289,8.782999992370605,3.6586999893188477
2022-05-06,112.38999938964844,109.7699966430664,3.9542999267578125,8.043000221252441,3.759000062942505
2022-05-09,105.94000244140625,103.08999633789062,3.83489990234375,7.026000022888184,3.641900062561035
2022-05-10,102.45999908447266,99.76000213623047,3.9321999549865723,7.385000228881836,3.5415000915527344
2022-05-11,107.51000213623047,105.70999908447266,3.951200008392334,7.639999866485596,3.685499906539917
2022-05-12,107.44999694824219,106.12999725341797,3.916100025177002,7.738999843597412,3.7916998863220215
2022-05-13,111.55000305175781,110.48999786376953,3.9212000370025635,7.663000106811523,3.9577999114990234
2022-05-16,114.23999786376953,114.19999694824219,3.9075000286102295,7.955999851226807,4.022900104522705
2022-05-17,111.93000030517578,112.4000015258789,3.799299955368042,8.303999900817871,3.941699981689453
2022-05-18,109.11000061035156,109.58999633789062,3.668100118637085,8.368000030517578,3.720599889755249
2022-05-19,112.04000091552734,112.20999908447266,3.7920000553131104,8.307999610900879,3.831700086593628
2022-05-20,112.55000305175781,113.2300033569336,3.7390999794006348,8.083000183105469,3.8369998931884766
2022-05-23,113.41999816894531,110.29000091552734,3.7688000202178955,8.744000434875488,3.7976999282836914
2022-05-24,113.55999755859375,109.7699966430664,3.7818000316619873,8.795999526977539,3.811000108718872
2022-05-25,114.02999877929688,110.33000183105469,3.8664000034332275,8.970999717712402,3.831700086593628
2022-05-26,117.4000015258789,114.08999633789062,3.9679999351501465,8.907999992370605,3.8773999214172363
2022-05-27,119.43000030517578,115.06999969482422,4.002900123596191,8.72700023651123,4.0157999992370605
2022-05-31,122.83999633789062,114.66999816894531,4.09089994430542,8.145000457763672,4.080399990081787
2022-06-01,116.29000091552734,115.26000213623047,4.1433000564575195,8.696000099182129,4.071599960327148
2022-06-02,117.61000061035156,116.87000274658203,4.208399772644043,8.484999656677246,4.190899848937988
2022-06-03,119.72000122070312,118.87000274658203,4.280300140380859,8.52299976348877,4.252200126647949
2022-06-06,119.51000213623047,118.5,4.360099792480469,9.321999549865723,4.192999839782715
2022-06-07,120.56999969482422,119.41000366210938,4.3206000328063965,9.293000221252441,4.157700061798096
2022-06-08,123.58000183105469,122.11000061035156,4.314300060272217,8.699000358581543,4.22189998626709
2022-06-09,123.06999969482422,121.51000213623047,4.40369987487793,8.963000297546387,4.276199817657471
2022-06-10,122.01000213623047,120.66999816894531,4.366700172424316,8.850000381469727,4.1722002029418945
2022-06-13,122.2699966430664,120.93000030517578,4.283400058746338,8.609000205993652,4.035299777984619
2022-06-14,121.16999816894531,118.93000030517578,4.394000053405762,7.189000129699707,3.993799924850464
2022-06-15,118.51000213623047,115.30999755859375,4.546999931335449,7.420000076293945,3.894200086593628
2022-06-16,119.80999755859375,117.58999633789062,4.571300029754639,7.464000225067139,3.9558000564575195
2022-06-17,113.12000274658203,109.55999755859375,4.339799880981445,6.943999767303467,3.7929999828338623
2022-06-21,114.6500015258789,110.6500015258789,4.358399868011475,6.808000087738037,3.7945001125335693
2022-06-22,111.73999786376953,106.19000244140625,4.404600143432617,6.857999801635742,3.8341000080108643
2022-06-23,110.05000305175781,104.2699966430664,4.337900161743164,6.238999843597412,3.7655999660491943
2022-06-24,113.12000274658203,107.62000274658203,4.3628997802734375,6.21999979019165,3.8847999572753906
2022-06-27,115.08999633789062,109.56999969482422,4.230199813842773,6.500999927520752,3.8371999263763428
2022-06-28,117.9800033569336,111.76000213623047,4.199399948120117,6.551000118255615,3.9351000785827637
2022-06-29,116.26000213623047,109.77999877929688,4.0366997718811035,6.498000144958496,3.8269999027252197
2022-06-30,114.80999755859375,105.76000213623047,3.898200035095215,5.423999786376953,3.6498000621795654
2022-07-01,111.62999725341797,108.43000030517578,3.9388999938964844,5.730000019073486,3.6877999305725098
2022-07-05,102.7699966430664,99.5,3.601599931716919,5.5229997634887695,3.3289999961853027
2022-07-06,100.69000244140625,98.52999877929688,3.410599946975708,5.510000228881836,3.236599922180176
2022-07-07,104.6500015258789,102.7300033569336,3.6738998889923096,6.296999931335449,3.4203999042510986
2022-07-08,107.0199966430664,104.79000091552734,3.6728999614715576,6.033999919891357,3.4470999240875244
2022-07-11,107.0999984741211,104.08999633789062,3.7681000232696533,6.426000118255615,3.4621999263763428
2022-07-12,99.48999786376953,95.83999633789062,3.662600040435791,6.163000106811523,3.2646000385284424
2022-07-13,99.56999969482422,96.30000305175781,3.6658999919891357,6.689000129699707,3.2337000370025635
2022-07-14,99.0999984741211,95.77999877929688,3.649399995803833,6.599999904632568,3.186800003051758
2022-07-15,101.16000366210938,97.58999633789062,3.6989998817443848,7.015999794006348,3.213200092315674
2022-07-18,106.2699966430664,102.5999984741211,3.6554999351501465,7.479000091552734,3.2643001079559326
2022-07-19,107.3499984741211,104.22000122070312,3.626800060272217,7.263999938964844,3.307499885559082
2022-07-20,106.91999816894531,102.26000213623047,3.604300022125244,8.006999969482422,3.275399923324585
2022-07-21,103.86000061035156,96.3499984741211,3.5903000831604004,7.932000160217285,3.1494998931884766
2022-07-22,103.19999694824219,94.69999694824219,3.4556000232696533,8.298999786376953,3.2228000164031982
2022-07-25,105.1500015258789,96.69999694824219,3.5165998935699463,8.72700023651123,3.381999969482422
2022-07-26,104.4000015258789,94.9800033569336,3.583899974822998,8.993000030517578,3.3550000190734863
2022-07-27,106.62000274658203,97.26000213623047,3.7172999382019043,8.687000274658203,3.428800106048584
2022-07-28,107.13999938964844,96.41999816894531,3.686300039291382,8.133999824523926,3.464600086212158
2022-07-29,110.01000213623047,98.62000274658203,3.6247000694274902,8.229000091552734,3.488100051879883
2022-08-01,100.02999877929688,93.88999938964844,3.440000057220459,8.282999992370605,2.9981000423431396
2022-08-02,100.54000091552734,94.41999816894531,3.3803999423980713,7.705999851226807,3.0566999912261963
2022-08-03,96.77999877929688,90.66000366210938,3.414799928665161,8.265999794006348,2.9121999740600586
2022-08-04,94.12000274658203,88.54000091552734,3.3371999263763428,8.121999740600586,2.7934999465942383
2022-08-05,94.91999816894531,89.01000213623047,3.21589994430542,8.064000129699707,2.855600118637085
2022-08-08,96.6500015258789,90.76000213623047,3.1791000366210938,7.589000225067139,2.886199951171875
2022-08-09,96.30999755859375,90.5,3.3338000774383545,7.833000183105469,2.960200071334839
2022-08-10,97.4000015258789,91.93000030517578,3.4103000164031982,8.20199966430664,3.0703001022338867
2022-08-11,99.5999984741211,94.33999633789062,3.4839999675750732,8.87399959564209,3.071500062942505
2022-08-12,98.1500015258789,92.08999633789062,3.5178000926971436,8.767999649047852,3.0460000038146973
2022-08-15,95.0999984741211,89.41000366210938,3.4402999877929688,8.727999687194824,2.95169997215271
2022-08-16,92.33999633789062,86.52999877929688,3.4802000522613525,9.329000473022461,2.900700092315674
2022-08-17,93.6500015258789,88.11000061035156,3.6173999309539795,9.244000434875488,2.934499979019165
2022-08-18,96.58999633789062,90.5,3.6496999263763428,9.187999725341797,3.026099920272827
2022-08-19,96.72000122070312,90.7699966430664,3.700500011444092,9.336000442504883,3.0174999237060547
2022-08-22,96.4800033569336,90.2300033569336,3.77620005607605,9.680000305175781,2.891200065612793
2022-08-23,100.22000122070312,93.73999786376953,3.841900110244751,9.192999839782715,2.933000087738037
2022-08-24,101.22000122070312,94.88999938964844,4.013199806213379,9.329999923706055,2.8006999492645264
2022-08-25,99.33999633789062,92.5199966430664,3.9491000175476074,9.375,2.8120999336242676
2022-08-26,100.98999786376953,93.05999755859375,4.007599830627441,9.295999526977539,2.851300001144409
2022-08-29,105.08999633789062,97.01000213623047,3.909899950027466,9.352999687194824,2.8775999546051025
2022-08-30,99.30999755859375,91.63999938964844,3.8171000480651855,9.041999816894531,2.6944000720977783
2022-08-31,96.48999786376953,89.55000305175781,3.715399980545044,9.126999855041504,2.6059000492095947
2022-09-01,92.36000061035156,86.61000061035156,3.561199903488159,9.26200008392334,2.3852999210357666
2022-09-02,93.0199966430664,86.87000274658203,3.578000068664551,8.78600025177002,2.463599920272827
2022-09-06,92.83000183105469,86.87999725341797,3.5738000869750977,8.145000457763672,2.4158999919891357
2022-09-07,88.0,81.94000244140625,3.5859999656677246,7.8420000076293945,2.3076999187469482
2022-09-08,89.1500015258789,83.54000091552734,3.54010009765625,7.914999961853027,2.346100091934204
2022-09-09,92.83999633789062,86.79000091552734,3.578700065612793,7.995999813079834,2.4330999851226807
2022-09-12,94.0,87.77999877929688,3.603100061416626,8.24899959564209,2.4447999000549316
2022-09-13,93.16999816894531,87.30999755859375,3.541300058364868,8.284000396728516,2.4804000854492188
2022-09-14,94.0999984741211,88.4800033569336,3.3789000511169434,9.11400032043457,2.5244998931884766
2022-09-15,90.83999633789062,85.0999984741211,3.205199956893921,8.324000358581543,2.4286999702453613
2022-09-16,91.3499984741211,85.11000061035156,3.172499895095825,7.763999938964844,2.4156999588012695
2022-09-19,92.0,85.7300033569336,3.310800075531006,7.751999855041504,2.464099884033203
2022-09-20,90.62000274658203,84.44999694824219,3.3722000122070312,7.7170000076293945,2.4477999210357666
2022-09-21,89.83000183105469,82.94000244140625,3.3338000774383545,7.7789998054504395,2.4865000247955322
2022-09-22,90.45999908447266,83.48999786376953,3.4114999771118164,7.089000225067139,2.515700101852417
2022-09-23,86.1500015258789,78.73999786376953,3.2370998859405518,6.828000068664551,2.382999897003174
2022-09-26,84.05999755859375,76.70999908447266,3.1291000843048096,6.9029998779296875,2.384200096130371
2022-09-27,86.2699966430664,78.5,3.2599000930786133,6.651000022888184,2.4930999279022217
2022-09-28,89.31999969482422,82.1500015258789,3.449399948120117,6.868000030517578,2.577899932861328
2022-09-29,88.48999786376953,81.2300033569336,3.414599895477295,6.874000072479248,2.5076000690460205
2022-09-30,87.95999908447266,79.48999786376953,3.36899995803833,6.765999794006348,2.472599983215332
2022-10-03,88.86000061035156,83.62999725341797,3.3691000938415527,6.46999979019165,2.5129001140594482
2022-10-04,91.80000305175781,86.5199966430664,3.535799980163574,6.836999893188477,2.683000087738037
2022-10-05,93.37000274658203,87.76000213623047,3.6868999004364014,6.929999828338623,2.6684999465942383
2022-10-06,94.41999816894531,88.44999694824219,3.8649001121520996,6.9720001220703125,2.6814000606536865
2022-10-07,97.91999816894531,92.63999938964844,4.018700122833252,6.748000144958496,2.734600067138672
2022-10-10,96.19000244140625,91.12999725341797,3.9147000312805176,6.434999942779541,2.62280011177063
2022-10-11,94.29000091552734,89.3499984741211,3.930799961090088,6.5960001945495605,2.6273000240325928
2022-10-12,92.44999694824219,87.2699966430664,3.932800054550171,6.434999942779541,2.6303000450134277
2022-10-13,94.56999969482422,89.11000061035156,4.094799995422363,6.741000175476074,2.703399896621704
2022-10-14,91.62999725341797,85.61000061035156,3.9802000522613525,6.453000068664551,2.6308999061584473
2022-10-17,91.62000274658203,85.45999908447266,4.08519983291626,5.999000072479248,2.593100070953369
2022-10-18,90.02999877929688,82.81999969482422,3.993499994277954,5.744999885559082,2.550600051879883
2022-10-19,92.41000366210938,85.55000305175781,3.9042999744415283,5.461999893188477,2.6521999835968018
2022-10-20,92.37999725341797,85.9800033569336,3.7567999362945557,5.357999801635742,2.6477999687194824
2022-10-21,93.5,85.05000305175781,3.8322999477386475,4.959000110626221,2.6619999408721924
2022-10-24,93.26000213623047,84.58000183105469,3.920099973678589,5.198999881744385,2.7302000522613525
2022-10-25,93.5199966430664,85.31999969482422,3.9672000408172607,5.61299991607666,2.9159998893737793
2022-10-26,95.69000244140625,87.91000366210938,4.120100021362305,5.605999946594238,2.899399995803833
2022-10-27,96.95999908447266,89.08000183105469,4.333899974822998,5.185999870300293,3.0116000175476074
2022-10-28,95.7699966430664,87.9000015258789,4.549799919128418,5.684000015258789,2.906599998474121
2022-10-31,94.83000183105469,86.52999877929688,4.190899848937988,6.355000019073486,2.810699939727783
2022-11-01,94.6500015258789,88.37000274658203,3.6210999488830566,5.714000225067139,2.5945000648498535
2022-11-02,96.16000366210938,90.0,3.6774001121520996,6.26800012588501,2.697200059890747
2022-11-03,94.66999816894531,88.16999816894531,3.865299940109253,5.974999904632568,2.6939001083374023
2022-11-04,98.56999969482422,92.61000061035156,3.914799928665161,6.400000095367432,2.734800100326538
2022-11-07,97.91999816894531,91.79000091552734,3.781100034713745,6.943999767303467,2.65310001373291
2022-11-08,95.36000061035156,88.91000366210938,3.770699977874756,6.138000011444092,2.636699914932251
2022-11-09,92.6500015258789,85.83000183105469,3.6563000679016113,5.864999771118164,2.544600009918213
2022-11-10,93.66999816894531,86.47000122070312,3.5694000720977783,6.238999843597412,2.5662999153137207
2022-11-11,95.98999786376953,88.95999908447266,3.555299997329712,5.879000186920166,2.609600067138672
2022-11-14,93.13999938964844,85.87000274658203,3.5439999103546143,5.933000087738037,2.5285000801086426
2022-11-15,93.86000061035156,86.91999816894531,3.6412999629974365,6.033999919891357,2.5160999298095703
2022-11-16,92.86000061035156,85.58999633789062,3.613600015640259,6.199999809265137,2.507999897003174
2022-11-17,89.77999877929688,81.63999938964844,3.5248000621795654,6.36899995803833,2.454699993133545
2022-11-18,87.62000274658203,80.08000183105469,3.5181000232696533,6.302999973297119,2.420799970626831
2022-11-21,87.44999694824219,79.7300033569336,3.497299909591675,6.776000022888184,2.4370999336242676
2022-11-22,88.36000061035156,80.94999694824219,3.471299886703491,6.7789998054504395,2.5404999256134033
2022-11-23,85.41000366210938,77.94000244140625,3.359299898147583,7.308000087738037,2.474400043487549
2022-11-25,83.62999725341797,76.27999877929688,3.2390999794006348,7.02400016784668,2.328200101852417
2022-11-28,83.19000244140625,77.23999786376953,3.215399980545044,6.711999893188477,2.3306000232696533
2022-11-29,83.02999877929688,78.19999694824219,3.2959001064300537,7.235000133514404,2.3320999145507812
2022-11-30,85.43000030517578,80.55000305175781,3.3629000186920166,6.929999828338623,2.4184999465942383
2022-12-01,86.87999725341797,81.22000122070312,3.262399911880493,6.73799991607666,2.3420000076293945
2022-12-02,85.56999969482422,79.9800033569336,3.1684999465942383,6.281000137329102,2.280400037765503
2022-12-05,82.68000030517578,76.93000030517578,2.999799966812134,5.577000141143799,2.201900005340576
2022-12-06,79.3499984741211,74.25,2.9154999256134033,5.468999862670898,2.1491000652313232
2022-12-07,77.16999816894531,72.01000213623047,2.7804999351501465,5.7230000495910645,2.077199935913086
2022-12-08,76.1500015258789,71.45999908447266,2.8798000812530518,5.961999893188477,2.049099922180176
2022-12-09,76.0999984741211,71.0199966430664,2.7936999797821045,6.244999885559082,2.0560998916625977
2022-12-12,77.98999786376953,73.16999816894531,2.9684998989105225,6.586999893188477,2.0810000896453857
2022-12-13,80.68000030517578,75.38999938964844,3.0922000408172607,6.934999942779541,2.160900115966797
2022-12-14,82.69999694824219,77.27999877929688,3.2767999172210693,6.429999828338623,2.2444000244140625
2022-12-15,81.20999908447266,76.11000061035156,3.283400058746338,6.96999979019165,2.166800022125244
2022-12-16,79.04000091552734,74.29000091552734,3.1198999881744385,6.599999904632568,2.1322999000549316
2022-12-19,79.80000305175781,75.19000244140625,3.053499937057495,5.85099983215332,2.1775999069213867
2022-12-20,79.98999786376953,76.08999633789062,3.0589001178741455,5.326000213623047,2.2228000164031982
2022-12-21,82.19999694824219,78.29000091552734,3.1394999027252197,5.331999778747559,2.2558000087738037
2022-12-22,80.9800033569336,77.48999786376953,3.1314001083374023,4.999000072479248,2.248800039291382
2022-12-23,83.91999816894531,79.55999755859375,3.2660999298095703,5.078999996185303,2.3835999965667725
2022-12-27,84.33000183105469,79.52999877929688,3.3536999225616455,5.2820000648498535,2.3601999282836914
2022-12-28,83.26000213623047,78.95999908447266,3.3777999877929688,4.709000110626221,2.3629000186920166
2022-12-29,82.26000213623047,78.4000015258789,3.312999963760376,4.559000015258789,2.370699882507324
2022-12-30,85.91000366210938,80.26000213623047,3.3622000217437744,4.474999904632568,2.4595000743865967
2023-01-03,82.0999984741211,76.93000030517578,3.0864999294281006,3.98799991607666,2.3612000942230225
2023-01-04,77.83999633789062,72.83999633789062,2.97189998626709,4.171999931335449,2.259200096130371
2023-01-05,78.69000244140625,73.66999816894531,2.9723000526428223,3.7200000286102295,2.2671000957489014
2023-01-06,78.56999969482422,73.7699966430664,3.004499912261963,3.7100000381469727,2.2446000576019287
2023-01-09,79.6500015258789,74.62999725341797,3.0360000133514404,3.9100000858306885,2.2929000854492188
2023-01-10,80.0999984741211,75.12000274658203,3.135699987411499,3.6389999389648438,2.327699899673462
2023-01-11,82.66999816894531,77.41000366210938,3.217900037765503,3.6710000038146973,2.434499979019165
2023-01-12,84.02999877929688,78.38999938964844,3.2190001010894775,3.694999933242798,2.4753000736236572
2023-01-13,85.27999877929688,79.86000061035156,3.2558999061584473,3.4189999103546143,2.5327999591827393
2023-01-17,85.91999816894531,80.18000030517578,3.250999927520752,3.5859999656677246,2.545099973678589
2023-01-18,84.9800033569336,79.4800033569336,3.263000011444092,3.311000108718872,2.5234999656677246
2023-01-19,86.16000366210938,80.33000183105469,3.3759000301361084,3.2750000953674316,2.5968000888824463
2023-01-20,87.62999725341797,81.30999755859375,3.4667999744415283,3.1740000247955322,2.645400047302246
2023-01-23,88.19000244140625,81.62000274658203,3.5508999824523926,3.447000026702881,2.696500062942505
2023-01-24,86.12999725341797,80.12999725341797,3.4272000789642334,3.257999897003174,2.648699998855591
2023-01-25,86.12000274658203,80.1500015258789,3.361299991607666,3.066999912261963,2.593400001525879
2023-01-26,87.47000122070312,81.01000213623047,3.3965001106262207,2.944000005722046,2.6120998859405518
2023-01-27,86.66000366210938,79.68000030517578,3.265500068664551,3.1089999675750732,2.588599920272827
2023-01-30,84.9000015258789,77.9000015258789,3.11080002784729,2.677000045776367,2.4988999366760254
2023-01-31,84.48999786376953,78.87000274658203,3.182300090789795,2.684000015258789,2.5434999465942383
2023-02-01,82.83999633789062,76.41000366210938,2.9511001110076904,2.4679999351501465,2.4537999629974365
2023-02-02,82.16999816894531,75.87999725341797,2.896699905395508,2.4560000896453857,2.4523000717163086
2023-02-03,79.94000244140625,73.38999938964844,2.7753000259399414,2.4100000858306885,2.321000099182129
2023-02-06,80.98999786376953,74.11000061035156,2.768699884414673,2.4570000171661377,2.3733999729156494
2023-02-07,83.69000244140625,77.13999938964844,2.904400110244751,2.5840001106262207,2.4567999839782715
2023-02-08,85.08999633789062,78.47000122070312,2.8933000564575195,2.3959999084472656,2.4628000259399414
2023-02-09,84.5,78.05999755859375,2.8153998851776123,2.430000066757202,2.447499990463257
2023-02-10,86.38999938964844,79.72000122070312,2.8645999431610107,2.5139999389648438,2.503700017929077
2023-02-13,86.61000061035156,80.13999938964844,2.9056999683380127,2.4049999713897705,2.531100034713745
2023-02-14,85.58000183105469,79.05999755859375,2.9400999546051025,2.566999912261963,2.4885001182556152
2023-02-15,85.37999725341797,78.58999633789062,2.844399929046631,2.4709999561309814,2.49780011177063
2023-02-16,85.13999938964844,78.48999786376953,2.810800075531006,2.3889999389648438,2.435499906539917
2023-02-17,83.0,76.33999633789062,2.712100028991699,2.2750000953674316,2.4082000255584717
2023-02-21,83.05000305175781,76.16000366210938,2.7918999195098877,2.072999954223633,2.415600061416626
2023-02-22,80.5999984741211,73.94999694824219,2.7147998809814453,2.1740000247955322,2.337599992752075
2023-02-23,82.20999908447266,75.38999938964844,2.7081000804901123,2.313999891281128,2.379499912261963
2023-02-24,83.16000366210938,76.31999969482422,2.7962000370025635,2.4509999752044678,2.3587000370025635
2023-02-27,82.44999694824219,75.68000030517578,2.8197999000549316,2.7309999465942383,2.368299961090088
2023-02-28,83.88999938964844,77.05000305175781,2.8208999633789062,2.746999979019165,2.434299945831299
2023-03-01,84.30999755859375,77.69000244140625,2.873800039291382,2.811000108718872,2.674799919128418
2023-03-02,84.75,78.16000366210938,2.8661999702453613,2.765000104904175,2.7002999782562256
2023-03-03,85.83000183105469,79.68000030517578,2.913100004196167,3.009000062942505,2.7504000663757324
2023-03-06,86.18000030517578,80.45999908447266,2.8866000175476074,2.572000026702881,2.7964999675750732
2023-03-07,83.29000091552734,77.58000183105469,2.797499895095825,2.687000036239624,2.700700044631958
2023-03-08,82.66000366210938,76.66000366210938,2.7418999671936035,2.5510001182556152,2.6888999938964844
2023-03-09,81.58999633789062,75.72000122070312,2.6689000129699707,2.5429999828338623,2.60509991645813
2023-03-10,82.77999877929688,76.68000030517578,2.772900104522705,2.430000066757202,2.6458001136779785
2023-03-13,80.7699966430664,74.80000305175781,2.7614998817443848,2.6059999465942383,2.591399908065796
2023-03-14,77.44999694824219,71.33000183105469,2.714400053024292,2.572999954223633,2.552999973297119
2023-03-15,73.69000244140625,67.61000061035156,2.6048998832702637,2.438999891281128,2.4384000301361084
2023-03-16,74.69999694824219,68.3499984741211,2.6435000896453857,2.5139999389648438,2.503499984741211
2023-03-17,72.97000122070312,66.73999786376953,2.6786999702453613,2.3380000591278076,2.501499891281128
2023-03-20,73.79000091552734,67.63999938964844,2.6870999336242676,2.2230000495910645,2.5360000133514404
2023-03-21,75.31999969482422,69.33000183105469,2.690200090408325,2.3480000495910645,2.5388998985290527
2023-03-22,76.69000244140625,70.9000015258789,2.740299940109253,2.1710000038146973,2.5931999683380127
2023-03-23,75.91000366210938,69.95999908447266,2.6847000122070312,2.1540000438690186,2.6059000492095947
2023-03-24,74.98999786376953,69.26000213623047,2.695199966430664,2.2160000801086426,2.5885000228881836
2023-03-27,78.12000274658203,72.80999755859375,2.770400047302246,2.0880000591278076,2.6842000484466553
2023-03-28,78.6500015258789,73.19999694824219,2.7695999145507812,2.0299999713897705,2.712100028991699
2023-03-29,78.27999877929688,72.97000122070312,2.658099889755249,1.9910000562667847,2.668100118637085
2023-03-30,79.2699966430664,74.37000274658203,2.623699903488159,2.1040000915527344,2.661400079727173
2023-03-31,79.7699966430664,75.66999816894531,2.676300048828125,2.2160000801086426,2.700500011444092
2023-04-03,84.93000030517578,80.41999816894531,2.662600040435791,2.0969998836517334,2.757499933242798
2023-04-04,84.94000244140625,80.70999908447266,2.6666998863220215,2.1059999465942383,2.7370998859405518
2023-04-05,84.98999786376953,80.61000061035156,2.7309999465942383,2.1549999713897705,2.8201000690460205
2023-04-06,85.12000274658203,80.69999694824219,2.6605000495910645,2.010999917984009,2.8132998943328857
2023-04-10,84.18000030517578,79.73999786376953,2.6814000606536865,2.171999931335449,2.8078999519348145
2023-04-11,85.61000061035156,81.52999877929688,2.6682000160217285,2.186000108718872,2.8652000427246094
2023-04-12,87.33000183105469,83.26000213623047,2.7030999660491943,2.0929999351501465,2.8726999759674072
2023-04-13,86.08999633789062,82.16000366210938,2.672800064086914,2.006999969482422,2.831700086593628
2023-04-14,86.30999755859375,82.5199966430664,2.63919997215271,2.114000082015991,2.835900068283081
2023-04-17,84.76000213623047,80.83000183105469,2.6147000789642334,2.2750000953674316,2.7739999294281006
2023-04-18,84.7699966430664,80.86000061035156,2.599900007247925,2.365999937057495,2.7509000301361084
2023-04-19,83.12000274658203,79.16000366210938,2.5576999187469482,2.2219998836517334,2.6454999446868896
2023-04-20,81.0999984741211,77.29000091552734,2.4948999881744385,2.249000072479248,2.586400032043457
2023-04-21,81.66000366210938,77.87000274658203,2.488600015640259,2.2330000400543213,2.601599931716919
2023-04-24,82.7300033569336,78.76000213623047,2.5309998989105225,2.2730000019073486,2.6317999362945557
2023-04-25,80.7699966430664,77.06999969482422,2.4511001110076904,2.306999921798706,2.588599920272827
2023-04-26,77.69000244140625,74.30000305175781,2.372999906539917,2.117000102996826,2.5494000911712646
2023-04-27,78.37000274658203,74.76000213623047,2.3541998863220215,2.3550000190734863,2.5327999591827393
2023-04-28,79.54000091552734,76.77999877929688,2.378700017929077,2.4100000858306885,2.578000068664551
2023-05-01,79.30999755859375,75.66000366210938,2.3822999000549316,2.318000078201294,2.5504000186920166
2023-05-02,75.31999969482422,71.66000366210938,2.2892000675201416,2.2139999866485596,2.435699939727783
2023-05-03,72.33000183105469,68.5999984741211,2.232300043106079,2.1700000762939453,2.3220999240875244
2023-05-04,72.5,68.55999755859375,2.2386999130249023,2.1010000705718994,2.325900077819824
2023-05-05,75.30000305175781,71.33999633789062,2.31469988822937,2.13700008392334,2.378999948501587
2023-05-08,77.01000213623047,73.16000366210938,2.377700090408325,2.23799991607666,2.4616000652313232
2023-05-09,77.44000244140625,73.70999908447266,2.390199899673462,2.2669999599456787,2.4798998832702637
2023-05-10,76.41000366210938,72.55999755859375,2.393399953842163,2.190999984741211,2.4948999881744385
2023-05-11,74.9800033569336,70.87000274658203,2.3494999408721924,2.190000057220459,2.45770001411438
2023-05-12,74.16999816894531,70.04000091552734,2.305500030517578,2.2660000324249268,2.4302000999450684
2023-05-15,75.2300033569336,71.11000061035156,2.378000020980835,2.375,2.4719998836517334
2023-05-16,74.91000366210938,70.86000061035156,2.3638999462127686,2.375999927520752,2.479099988937378
2023-05-17,76.95999908447266,72.83000183105469,2.422600030899048,2.365000009536743,2.569200038909912
2023-05-18,75.86000061035156,71.86000061035156,2.402600049972534,2.5920000076293945,2.5683000087738037
2023-05-19,75.58000183105469,71.55000305175781,2.3622000217437744,2.5850000381469727,2.5761001110076904
2023-05-22,75.98999786376953,71.98999786376953,2.3664000034332275,2.4000000953674316,2.648900032043457
2023-05-23,76.83999633789062,72.91000366210938,2.3617000579833984,2.321000099182129,2.6621999740600586
2023-05-24,78.36000061035156,74.33999633789062,2.4137001037597656,2.3980000019073486,2.7211999893188477
2023-05-25,76.26000213623047,71.83000183105469,2.3461999893188477,2.306999921798706,2.6735000610351562
2023-05-26,76.94999694824219,72.66999816894531,2.36929988861084,2.180999994277954,2.703399896621704
2023-05-30,73.54000091552734,69.45999908447266,2.2808001041412354,2.3269999027252197,2.595900058746338
2023-05-31,72.66000366210938,68.08999633789062,2.2595999240875244,2.2660000324249268,2.5599000453948975
2023-06-01,74.27999877929688,70.0999984741211,2.31469988822937,2.1579999923706055,2.436199903488159
2023-06-02,76.12999725341797,71.73999786376953,2.3568999767303467,2.171999931335449,2.500699996948242
2023-06-05,76.70999908447266,72.1500015258789,2.377500057220459,2.244999885559082,2.524399995803833
2023-06-06,76.29000091552734,71.73999786376953,2.367799997329712,2.26200008392334,2.564300060272217
2023-06-07,76.94999694824219,72.52999877929688,2.4017999172210693,2.3289999961853027,2.641200065612793
2023-06-08,75.95999908447266,71.29000091552734,2.3898000717163086,2.3519999980926514,2.6126999855041504
2023-06-09,74.79000091552734,70.16999816894531,2.3610000610351562,2.253999948501587,2.5931999683380127
2023-06-12,71.83999633789062,67.12000274658203,2.3090999126434326,2.2660000324249268,2.482599973678589
2023-06-13,74.29000091552734,69.41999816894531,2.3954999446868896,2.3399999141693115,2.5578999519348145
2023-06-14,73.19999694824219,68.2699966430664,2.3577001094818115,2.3420000076293945,2.5546000003814697
2023-06-15,75.66999816894531,70.62000274658203,2.479599952697754,2.5329999923706055,2.641700029373169
2023-06-16,76.61000061035156,71.77999877929688,2.5513999462127686,2.631999969482422,2.680500030517578
2023-06-20,75.9000015258789,70.5,2.475399971008301,2.492000102996826,2.6092000007629395
2023-06-21,77.12000274658203,72.52999877929688,2.564199924468994,2.5969998836517334,2.6240999698638916
2023-06-22,74.13999938964844,69.51000213623047,2.4655001163482666,2.6080000400543213,2.550100088119507
2023-06-23,73.8499984741211,69.16000366210938,2.407099962234497,2.7290000915527344,2.517199993133545
2023-06-26,74.18000030517578,69.37000274658203,2.438800096511841,2.7909998893737793,2.5374999046325684
2023-06-27,72.26000213623047,67.69999694824219,2.3989999294281006,2.763000011444092,2.5167999267578125
2023-06-28,74.02999877929688,69.55999755859375,2.4066998958587646,2.6029999256134033,2.6033999919891357
2023-06-29,74.33999633789062,69.86000061035156,2.415600061416626,2.7009999752044678,2.6177000999450684
2023-06-30,74.9000015258789,70.63999938964844,2.448199987411499,2.7980000972747803,2.634000062942505
2023-07-03,74.6500015258789,69.79000091552734,2.3773000240325928,2.7090001106262207,2.462399959564209
2023-07-05,76.6500015258789,71.79000091552734,2.493299961090088,2.6570000648498535,2.5183000564575195
2023-07-06,76.5199966430664,71.80000305175781,2.4793999195098877,2.6089999675750732,2.543800115585327
2023-07-07,78.47000122070312,73.86000061035156,2.5590999126434326,2.5820000171661377,2.5892999172210693
2023-07-10,77.69000244140625,72.98999786376953,2.5532000064849854,2.6689999103546143,2.5696001052856445
2023-07-11,79.4000015258789,74.83000183105469,2.583699941635132,2.7309999465942383,2.6226999759674072
2023-07-12,80.11000061035156,75.75,2.599600076675415,2.631999969482422,2.6670000553131104
2023-07-13,81.36000061035156,76.88999938964844,2.6103999614715576,2.5450000762939453,2.6786000728607178
2023-07-14,79.87000274658203,75.41999816894531,2.597899913787842,2.5390000343322754,2.643699884414673
2023-07-17,78.5,74.1500015258789,2.564199924468994,2.51200008392334,2.631700038909912
2023-07-18,79.62999725341797,75.75,2.599400043487549,2.628999948501587,2.6944000720977783
2023-07-19,79.45999908447266,75.3499984741211,2.6417999267578125,2.6029999256134033,2.7204999923706055
2023-07-20,79.63999938964844,75.62999725341797,2.664400100708008,2.756999969482422,2.7432000637054443
2023-07-21,81.06999969482422,77.06999969482422,2.745699882507324,2.7130000591278076,2.801800012588501
2023-07-24,82.73999786376953,78.73999786376953,2.7704999446868896,2.684999942779541,2.8951001167297363
2023-07-25,83.63999938964844,79.62999725341797,2.777600049972534,2.7300000190734863,2.853300094604492
2023-07-26,82.91999816894531,78.77999877929688,2.842900037765503,2.6649999618530273,2.9072000980377197
2023-07-27,84.23999786376953,80.08999633789062,2.9168999195098877,2.492000102996826,2.950500011444092
2023-07-28,84.98999786376953,80.58000183105469,2.9586000442504883,2.638000011444092,2.9558000564575195
2023-07-31,85.55999755859375,81.80000305175781,2.9909000396728516,2.634000062942505,2.928999900817871
2023-08-01,84.91000366210938,81.37000274658203,3.023400068283081,2.559999942779541,2.872999906539917
2023-08-02,83.19999694824219,79.48999786376953,3.004300117492676,2.4769999980926514,2.7757999897003174
2023-08-03,85.13999938964844,81.55000305175781,3.074899911880493,2.565000057220459,2.764699935913086
2023-08-04,86.23999786376953,82.81999969482422,3.0622000694274902,2.5769999027252197,2.783099889755249
2023-08-07,85.33999633789062,81.94000244140625,3.015500068664551,2.7249999046325684,2.8043999671936035
2023-08-08,86.16999816894531,82.91999816894531,3.085599899291992,2.7769999504089355,2.845099925994873
2023-08-09,87.55000305175781,84.4000015258789,3.2070000171661377,2.9590001106262207,2.9284000396728516
2023-08-10,86.4000015258789,82.81999969482422,3.1533000469207764,2.763000011444092,2.9047000408172607
2023-08-11,86.80999755859375,83.19000244140625,3.121500015258789,2.7699999809265137,2.964900016784668
2023-08-14,86.20999908447266,82.51000213623047,3.0882999897003174,2.7950000762939453,2.9061999320983887
2023-08-15,84.88999938964844,80.98999786376953,3.0280001163482666,2.6589999198913574,2.847599983215332
2023-08-16,83.44999694824219,79.37999725341797,3.020900011062622,2.5920000076293945,2.8671000003814697
2023-08-17,84.12000274658203,80.38999938964844,3.0938000679016113,2.621000051498413,2.821700096130371
2023-08-18,84.80000305175781,81.25,3.1596999168395996,2.5510001182556152,2.823199987411499
2023-08-21,84.45999908447266,80.72000122070312,3.1161999702453613,2.631999969482422,2.772599935531616
2023-08-22,84.02999877929688,80.3499984741211,3.1387999057769775,2.559999942779541,2.789099931716919
2023-08-23,83.20999908447266,78.88999938964844,3.1291000843048096,2.496999979019165,2.7688000202178955
2023-08-24,83.36000061035156,79.05000305175781,3.156399965286255,2.5190000534057617,2.7799999713897705
2023-08-25,84.4800033569336,79.83000183105469,3.307499885559082,2.5399999618530273,2.8763999938964844
2023-08-28,84.41999816894531,80.0999984741211,3.203700065612793,2.5789999961853027,2.7957000732421875
2023-08-29,85.48999786376953,81.16000366210938,3.2095000743865967,2.555999994277954,2.7904999256134033
2023-08-30,85.86000061035156,81.62999725341797,3.0961999893188477,2.7960000038146973,2.8092000484466553
2023-08-31,86.86000061035156,83.62999725341797,3.1426000595092773,2.7679998874664307,2.766400098800659
2023-09-01,88.55000305175781,85.55000305175781,3.1050000190734863,2.765000104904175,2.591200113296509
2023-09-05,90.04000091552734,86.69000244140625,3.219599962234497,2.5820000171661377,2.5810000896453857
2023-09-06,90.5999984741211,87.54000091552734,3.192699909210205,2.509999990463257,2.6013998985290527
2023-09-07,89.91999816894531,86.87000274658203,3.2123000621795654,2.5789999961853027,2.622999906539917
2023-09-08,90.6500015258789,87.51000213623047,3.299099922180176,2.6050000190734863,2.653700113296509
2023-09-11,90.63999938964844,87.29000091552734,3.3622000217437744,2.6080000400543213,2.7186999320983887
2023-09-12,92.05999755859375,88.83999633789062,3.3282999992370605,2.743000030517578,2.7279000282287598
2023-09-13,91.87999725341797,88.5199966430664,3.4354000091552734,2.680000066757202,2.7383999824523926
2023-09-14,93.69999694824219,90.16000366210938,3.4814999103546143,2.7079999446868896,2.7427000999450684
2023-09-15,93.93000030517578,90.7699966430664,3.3833999633789062,2.6440000534057617,2.7081000804901123
2023-09-18,94.43000030517578,91.4800033569336,3.288300037384033,2.7279999256134033,2.6979000568389893
2023-09-19,94.33999633789062,91.19999694824219,3.3738999366760254,2.8480000495910645,2.658099889755249
2023-09-20,93.52999877929688,90.27999877929688,3.3268001079559326,2.7330000400543213,2.6191999912261963
2023-09-21,93.30000305175781,89.62999725341797,3.368000030517578,2.609999895095825,2.6198999881744385
2023-09-22,93.2699966430664,90.02999877929688,3.3062000274658203,2.63700008392334,2.561800003051758
2023-09-25,93.29000091552734,89.68000030517578,3.262200117111206,2.6389999389648438,2.5439000129699707
2023-09-26,93.95999908447266,90.38999938964844,3.22379994392395,2.6559998989105225,2.5622000694274902
2023-09-27,96.55000305175781,93.68000030517578,3.31469988822937,2.7639999389648438,2.598599910736084
2023-09-28,95.37999725341797,91.70999908447266,3.318000078201294,2.944999933242798,2.5053000450134277
2023-09-29,95.30999755859375,90.79000091552734,3.3622000217437744,2.928999900817871,2.4398999214172363
2023-10-02,90.70999908447266,88.81999969482422,3.2225000858306885,2.8399999141693115,2.4121999740600586
2023-10-03,90.91999816894531,89.2300033569336,3.1953999996185303,2.9489998817443848,2.360100030899048
2023-10-04,85.80999755859375,84.22000122070312,3.0178000926971436,2.9619998931884766,2.197999954223633
2023-10-05,84.06999969482422,82.30999755859375,2.8687000274658203,3.1659998893737793,2.188999891281128
2023-10-06,84.58000183105469,82.79000091552734,2.9007999897003174,3.3380000591278076,2.192199945449829
2023-10-09,88.1500015258789,86.37999725341797,2.966599941253662,3.375999927520752,2.238100051879883
2023-10-10,87.6500015258789,85.97000122070312,3.0201001167297363,3.381999969482422,2.2583999633789062
2023-10-11,85.81999969482422,83.48999786376953,2.998500108718872,3.377000093460083,2.210099935531616
2023-10-12,86.0,82.91000366210938,3.0448999404907227,3.3440001010894775,2.1649999618530273
2023-10-13,90.88999938964844,87.69000244140625,3.211699962615967,3.2360000610351562,2.2653000354766846
2023-10-16,89.6500015258789,86.66000366210938,3.149199962615967,3.1089999675750732,2.2730000019073486
2023-10-17,89.9000015258789,86.66000366210938,3.1767001152038574,3.0789999961853027,2.2844998836517334
2023-10-18,91.5,88.31999969482422,3.1393001079559326,3.055999994277954,2.3534998893737793
2023-10-19,92.37999725341797,89.37000274658203,3.1730000972747803,2.9570000171661377,2.3617000579833984
2023-10-20,92.16000366210938,88.75,3.156599998474121,2.8989999294281006,2.3736000061035156
2023-10-23,89.83000183105469,85.48999786376953,3.0954999923706055,2.9260001182556152,2.3285000324249268
2023-10-24,88.06999969482422,83.73999786376953,3.0448999404907227,2.9709999561309814,2.2676000595092773
2023-10-25,90.12999725341797,85.38999938964844,3.0304999351501465,3.009999990463257,2.2841999530792236
2023-10-26,87.93000030517578,83.20999908447266,3.0439000129699707,3.2139999866485596,2.2560999393463135
2023-10-27,90.4800033569336,85.54000091552734,3.0518999099731445,3.1640000343322754,2.3125
2023-10-30,87.44999694824219,82.30999755859375,2.9663000106811523,3.3519999980926514,2.2200000286102295
2023-10-31,87.41000366210938,81.0199966430664,2.990999937057495,3.575000047683716,2.2227001190185547
2023-11-01,84.62999725341797,80.44000244140625,2.9614999294281006,3.49399995803833,2.185499906539917
2023-11-02,86.8499984741211,82.45999908447266,3.0255000591278076,3.4719998836517334,2.246000051498413
2023-11-03,84.88999938964844,80.51000213623047,2.923799991607666,3.515000104904175,2.2009999752044678
2023-11-06,85.18000030517578,80.81999969482422,2.952399969100952,3.2639999389648438,2.2358999252319336
2023-11-07,81.61000061035156,77.37000274658203,2.838399887084961,3.140000104904175,2.1677000522613525
2023-11-08,79.54000091552734,75.33000183105469,2.7492001056671143,3.1059999465942383,2.128499984741211
2023-11-09,80.01000213623047,75.73999786376953,2.719099998474121,3.0409998893737793,2.160799980163574
2023-11-10,81.43000030517578,77.16999816894531,2.7430999279022217,3.0329999923706055,2.189500093460083
2023-11-13,82.5199966430664,78.26000213623047,2.8392999172210693,3.197000026702881,2.2358999252319336
2023-11-14,82.47000122070312,78.26000213623047,2.837100028991699,3.1059999465942383,2.2228000164031982
2023-11-15,81.18000030517578,76.66000366210938,2.8687000274658203,3.190000057220459,2.2018001079559326
2023-11-16,77.41999816894531,72.9000015258789,2.750200033187866,3.062000036239624,2.101099967956543
2023-11-17,80.61000061035156,75.88999938964844,2.7725000381469727,2.9600000381469727,2.184499979019165
2023-11-20,82.31999969482422,77.5999984741211,2.8494999408721924,2.881999969482422,2.2260000705718994
2023-11-21,82.44999694824219,77.7699966430664,2.9249000549316406,2.8459999561309814,2.233799934387207
2023-11-22,81.95999908447266,77.0999984741211,2.8891000747680664,2.8970000743865967,2.2323999404907227
2023-11-23,81.37000274658203,77.0999984741211,2.8712000846862793,2.934000015258789,2.214400053024292
2023-11-24,80.58000183105469,75.54000091552734,2.835700035095215,2.8550000190734863,2.16510009765625
2023-11-27,79.9800033569336,74.86000061035156,2.837899923324585,2.7939999103546143,2.1798999309539795
2023-11-28,81.68000030517578,76.41000366210938,2.9070000648498535,2.7060000896453857,2.2300000190734863
2023-11-29,83.0999984741211,77.86000061035156,2.8884999752044678,2.803999900817871,2.283600091934204
2023-11-30,82.83000183105469,75.95999908447266,2.8304998874664307,2.802000045776367,2.1998000144958496
2023-12-01,78.87999725341797,74.06999969482422,2.6614999771118164,2.813999891281128,2.1210999488830566
2023-12-04,78.02999877929688,73.04000091552734,2.6596999168395996,2.694000005722046,2.134200096130371
2023-12-05,77.19999694824219,72.31999969482422,2.6410999298095703,2.7100000381469727,2.110300064086914
2023-12-06,74.30000305175781,69.37999725341797,2.576200008392334,2.569000005722046,2.0302000045776367
2023-12-07,74.05000305175781,69.33999633789062,2.5492000579833984,2.5850000381469727,2.001199960708618
2023-12-08,75.83999633789062,71.2300033569336,2.5810000896453857,2.5810000896453857,2.049799919128418
2023-12-11,76.02999877929688,71.31999969482422,2.6087000370025635,2.430999994277954,2.043100118637085
2023-12-12,73.23999786376953,68.61000061035156,2.5074000358581543,2.311000108718872,1.979699969291687
2023-12-13,74.26000213623047,69.47000122070312,2.548099994659424,2.3350000381469727,2.024899959564209
2023-12-14,76.61000061035156,71.58000183105469,2.5913000106811523,2.3919999599456787,2.118799924850464
2023-12-15,76.55000305175781,71.43000030517578,2.620800018310547,2.490999937057495,2.13700008392334
2023-12-18,77.94999694824219,72.47000122070312,2.672800064086914,2.503000020980835,2.1589999198913574
2023-12-19,79.2300033569336,73.44000244140625,2.7167999744415283,2.492000102996826,2.2007999420166016
2023-12-20,79.69999694824219,74.22000122070312,2.7084999084472656,2.447000026702881,2.200700044631958
2023-12-21,79.38999938964844,73.88999938964844,2.6967999935150146,2.572000026702881,2.1584999561309814
2023-12-22,79.06999969482422,73.55999755859375,2.6612000465393066,2.609999895095825,2.1301000118255615
2023-12-26,81.06999969482422,75.56999969482422,2.668800115585327,2.549999952316284,2.1582999229431152
2023-12-27,79.6500015258789,74.11000061035156,2.6238999366760254,2.61899995803833,2.1549999713897705
2023-12-28,78.38999938964844,71.7699966430664,2.556299924850464,2.556999921798706,2.085200071334839
2023-12-29,77.04000091552734,71.6500015258789,2.553100109100342,2.5139999389648438,2.10260009765625
2024-01-02,75.88999938964844,70.37999725341797,2.5257999897003174,2.568000078201294,2.094899892807007
2024-01-03,78.25,72.69999694824219,2.6043999195098877,2.6679999828338623,2.158099889755249
2024-01-04,77.58999633789062,72.19000244140625,2.588399887084961,2.821000099182129,2.110100030899048
2024-01-05,78.76000213623047,73.80999755859375,2.6085000038146973,2.8929998874664307,2.1054999828338623
2024-01-08,76.12000274658203,70.7699966430664,2.576900005340576,2.9800000190734863,2.0278000831604004
2024-01-09,77.58999633789062,72.23999786376953,2.650399923324585,3.190000057220459,2.0768001079559326
2024-01-10,76.80000305175781,71.37000274658203,2.600600004196167,3.0390000343322754,2.0673000812530518
2024-01-11,77.41000366210938,72.0199966430664,2.673799991607666,3.0969998836517334,2.114300012588501
2024-01-12,78.29000091552734,72.68000030517578,2.669300079345703,3.312999963760376,2.120300054550171
2024-01-16,78.29000091552734,72.4000015258789,2.660599946975708,2.9000000953674316,2.1219000816345215
2024-01-17,77.87999725341797,72.55999755859375,2.653599977493286,2.869999885559082,2.1354000568389893
2024-01-18,79.0999984741211,74.08000183105469,2.6935999393463135,2.697000026702881,2.183500051498413
2024-01-19,78.55999755859375,73.41000366210938,2.662100076675415,2.5190000534057617,2.1628000736236572
2024-01-22,80.05999755859375,75.19000244140625,2.69350004196167,2.4189999103546143,2.237799882888794
2024-01-23,79.55000305175781,74.37000274658203,2.6912999153137207,2.450000047683716,2.210099935531616
2024-01-24,80.04000091552734,75.08999633789062,2.68179988861084,2.6410000324249268,2.2095000743865967
2024-01-25,82.43000030517578,77.36000061035156,2.7953999042510986,2.571000099182129,2.264400005340576
2024-01-26,83.55000305175781,78.01000213623047,2.843400001525879,2.7119998931884766,2.294100046157837
2024-01-29,82.4000015258789,76.77999877929688,2.833899974822998,2.490000009536743,2.2284998893737793
2024-01-30,82.87000274658203,77.81999969482422,2.80679988861084,2.0769999027252197,2.260699987411499
2024-01-31,81.70999908447266,75.8499984741211,2.808199882507324,2.0999999046325684,2.183300018310547
2024-02-01,78.69999694824219,73.81999969482422,2.712899923324585,2.049999952316284,2.1947999000549316
2024-02-02,77.33000183105469,72.27999877929688,2.6600000858306885,2.0789999961853027,2.1475000381469727
2024-02-05,77.98999786376953,72.77999877929688,2.7248001098632812,2.0820000171661377,2.209199905395508
2024-02-06,78.58999633789062,73.30999755859375,2.7427000999450684,2.009000062942505,2.2172999382019043
2024-02-07,79.20999908447266,73.86000061035156,2.815200090408325,1.9670000076293945,2.263000011444092
2024-02-08,81.62999725341797,76.22000122070312,2.8907999992370605,1.9170000553131104,2.3420000076293945
2024-02-09,82.19000244140625,76.83999633789062,2.964200019836426,1.847000002861023,2.3394999504089355
2024-02-12,82.0,76.91999816894531,2.919600009918213,1.7680000066757202,2.367300033569336
2024-02-13,82.7699966430664,77.87000274658203,2.895900011062622,1.6890000104904175,2.3945999145507812
2024-02-14,81.5999984741211,76.63999938964844,2.8101000785827637,1.6089999675750732,2.3169000148773193
2024-02-15,82.86000061035156,78.02999877929688,2.823699951171875,1.5809999704360962,2.3183000087738037
2024-02-16,83.47000122070312,79.19000244140625,2.8066000938415527,1.6089999675750732,2.3359999656677246
2024-02-20,82.33999633789062,78.18000030517578,2.7314999103546143,1.5759999752044678,2.277400016784668
2024-02-21,83.02999877929688,77.91000366210938,2.705199956893921,1.7730000019073486,2.2860000133514404
2024-02-22,83.66999816894531,78.61000061035156,2.752000093460083,1.7319999933242798,2.334700107574463
2024-02-23,81.62000274658203,76.48999786376953,2.68969988822937,1.6030000448226929,2.276700019836426
2024-02-26,82.52999877929688,77.58000183105469,2.762700080871582,1.659000039100647,2.3055999279022217
2024-02-27,83.6500015258789,78.87000274658203,2.746000051498413,1.6150000095367432,2.344399929046631
2024-02-28,83.68000030517578,78.54000091552734,2.6582999229431152,1.8849999904632568,2.2709999084472656
2024-02-29,83.62000274658203,78.26000213623047,2.683799982070923,1.8600000143051147,2.30430006980896
2024-03-01,83.55000305175781,79.97000122070312,2.704200029373169,1.8350000381469727,2.6143999099731445
2024-03-04,82.80000305175781,78.73999786376953,2.647200107574463,1.9160000085830688,2.585700035095215
2024-03-05,82.04000091552734,78.1500015258789,2.6064999103546143,1.9570000171661377,2.5327999591827393
2024-03-06,82.95999908447266,79.12999725341797,2.663300037384033,1.9290000200271606,2.5539000034332275
2024-03-07,82.95999908447266,78.93000030517578,2.694700002670288,1.8179999589920044,2.554800033569336
2024-03-08,82.08000183105469,78.01000213623047,2.640899896621704,1.8049999475479126,2.5271999835968018
2024-03-11,82.20999908447266,77.93000030517578,2.6517999172210693,1.7589999437332153,2.5804998874664307
2024-03-12,81.91999816894531,77.55999755859375,2.616499900817871,1.7139999866485596,2.586400032043457
2024-03-13,84.02999877929688,79.72000122070312,2.6851000785827637,1.6579999923706055,2.6614999771118164
2024-03-14,85.41999816894531,81.26000213623047,2.7088000774383545,1.7410000562667847,2.7032999992370605
2024-03-15,85.33999633789062,81.04000091552734,2.7269999980926514,1.6549999713897705,2.7207999229431152
2024-03-18,86.88999938964844,82.72000122070312,2.7881999015808105,1.7029999494552612,2.7572999000549316
2024-03-19,87.37999725341797,83.47000122070312,2.760699987411499,1.74399995803833,2.762200117111206
2024-03-20,85.94999694824219,81.68000030517578,2.69569993019104,1.6990000009536743,2.7332000732421875
2024-03-21,85.77999877929688,81.06999969482422,2.668800115585327,1.6829999685287476,2.727099895477295
2024-03-22,85.43000030517578,80.62999725341797,2.65339994430542,1.659000039100647,2.739799976348877
2024-03-25,86.75,81.94999694824219,2.6786000728607178,1.6150000095367432,2.7483999729156494
2024-03-26,86.25,81.62000274658203,2.621799945831299,1.5750000476837158,2.7005999088287354
2024-03-27,86.08999633789062,81.3499984741211,2.598599910736084,1.718000054359436,2.6847000122070312
2024-03-28,87.4800033569336,83.16999816894531,2.615600109100342,1.7630000114440918,2.7611000537872314
2024-04-01,87.41999816894531,83.70999908447266,2.6270999908447266,1.8370000123977661,2.7100000381469727
2024-04-02,88.91999816894531,85.1500015258789,2.711899995803833,1.8619999885559082,2.7588999271392822
2024-04-03,89.3499984741211,85.43000030517578,2.7323999404907227,1.840999960899353,2.7609000205993652
2024-04-04,90.6500015258789,86.58999633789062,2.741300106048584,1.7740000486373901,2.7941999435424805
2024-04-05,91.16999816894531,86.91000366210938,2.7730000019073486,1.784999966621399,2.788599967956543
2024-04-08,90.37999725341797,86.43000030517578,2.7286999225616455,1.843999981880188,2.7486000061035156
2024-04-09,89.41999816894531,85.2300033569336,2.677000045776367,1.871999979019165,2.7555999755859375
2024-04-10,90.4800033569336,86.20999908447266,2.7076001167297363,1.8849999904632568,2.781599998474121
2024-04-11,89.73999786376953,85.0199966430664,2.6598000526428223,1.7640000581741333,2.7741000652313232
2024-04-12,90.44999694824219,85.66000366210938,2.6851000785827637,1.7699999809265137,2.8029000759124756
2024-04-15,90.0999984741211,85.41000366210938,2.6542000770568848,1.690999984741211,2.783900022506714
2024-04-16,90.0199966430664,85.36000061035156,2.6512999534606934,1.7319999933242798,2.8222999572753906
2024-04-17,87.29000091552734,82.69000244140625,2.574700117111206,1.7120000123977661,2.7286999225616455
2024-04-18,87.11000061035156,82.7300033569336,2.533900022506714,1.7569999694824219,2.71370005607605
2024-04-19,87.29000091552734,83.13999938964844,2.541300058364868,1.7519999742507935,2.7102999687194824
2024-04-22,87.0,82.8499984741211,2.5604000091552734,1.7910000085830688,2.6854000091552734
2024-04-23,88.41999816894531,83.36000061035156,2.579200029373169,1.812000036239624,2.7253000736236572
2024-04-24,88.0199966430664,82.80999755859375,2.5499000549316406,1.652999997138977,2.734299898147583
2024-04-25,89.01000213623047,83.56999969482422,2.5504000186920166,1.6380000114440918,2.75819993019104
2024-04-26,89.5,83.8499984741211,2.5481998920440674,1.6139999628067017,2.7646000385284424
2024-04-29,88.4000015258789,82.62999725341797,2.5313000679016113,2.0299999713897705,2.748699903488159
2024-04-30,87.86000061035156,81.93000030517578,2.513400077819824,1.9910000562667847,2.7107999324798584
2024-05-01,83.44000244140625,79.0,2.451900005340576,1.9320000410079956,2.577399969100952
2024-05-02,83.66999816894531,78.94999694824219,2.4430999755859375,2.0350000858306885,2.5964999198913574
2024-05-03,82.95999908447266,78.11000061035156,2.4433999061584473,2.1419999599456787,2.5550999641418457
2024-05-06,83.33000183105469,78.4800033569336,2.461400032043457,2.194999933242798,2.588200092315674
2024-05-07,83.16000366210938,78.37999725341797,2.46560001373291,2.2070000171661377,2.5434000492095947
2024-05-08,83.58000183105469,78.98999786376953,2.476099967956543,2.187000036239624,2.5318000316619873
2024-05-09,83.87999725341797,79.26000213623047,2.47760009765625,2.3010001182556152,2.541800022125244
2024-05-10,82.79000091552734,78.26000213623047,2.4344000816345215,2.252000093460083,2.4997000694274902
2024-05-13,83.36000061035156,79.12000274658203,2.436800003051758,2.38100004196167,2.510499954223633
2024-05-14,82.37999725341797,78.0199966430664,2.4200000762939453,2.3440001010894775,2.4595999717712402
2024-05-15,82.75,78.62999725341797,2.423099994659424,2.4159998893737793,2.496799945831299
2024-05-16,83.2699966430664,79.2300033569336,2.443700075149536,2.494999885559082,2.5378000736236572
2024-05-17,83.9800033569336,80.05999755859375,2.486299991607666,2.625999927520752,2.574199914932251
2024-05-20,83.70999908447266,79.80000305175781,2.4870998859405518,2.750999927520752,2.539900064468384
2024-05-21,82.87999725341797,79.26000213623047,2.4623000621795654,2.6710000038146973,2.509999990463257
2024-05-22,81.9000015258789,77.56999969482422,2.43179988861084,2.8420000076293945,2.4677999019622803
2024-05-23,81.36000061035156,76.87000274658203,2.411799907684326,2.6570000648498535,2.469399929046631
2024-05-24,82.12000274658203,77.72000122070312,2.413599967956543,2.5199999809265137,2.4842000007629395
2024-05-28,84.22000122070312,79.83000183105469,2.4649999141693115,2.5899999141693115,2.509000062942505
2024-05-29,83.5999984741211,79.2300033569336,2.437000036239624,2.493000030517578,2.464400053024292
2024-05-30,81.86000061035156,77.91000366210938,2.3694000244140625,2.572000026702881,2.404599905014038
2024-05-31,81.62000274658203,76.98999786376953,2.363600015640259,2.5869998931884766,2.4260001182556152
2024-06-03,78.36000061035156,74.22000122070312,2.2962000370025635,2.75600004196167,2.335599899291992
2024-06-04,77.5199966430664,73.25,2.285900115966797,2.5859999656677246,2.3494999408721924
2024-06-05,78.41000366210938,74.06999969482422,2.301100015640259,2.756999969482422,2.353600025177002
2024-06-06,79.87000274658203,75.55000305175781,2.357599973678589,2.821000099182129,2.3975000381469727
2024-06-07,79.62000274658203,75.52999877929688,2.3517000675201416,2.9179999828338623,2.3826000690460205
2024-06-10,81.62999725341797,77.73999786376953,2.4147000312805176,2.9059998989105225,2.410900115966797
2024-06-11,81.91999816894531,77.9000015258789,2.421299934387207,3.128999948501587,2.408900022506714
2024-06-12,82.5999984741211,78.5,2.4407999515533447,3.0450000762939453,2.394399881362915
2024-06-13,82.75,78.62000274658203,2.486799955368042,2.9590001106262207,2.415600061416626
2024-06-14,82.62000274658203,78.44999694824219,2.470599889755249,2.88100004196167,2.399600028991699
2024-06-17,84.25,80.33000183105469,2.4825000762939453,2.7880001068115234,2.446899890899658
2024-06-18,85.33000183105469,81.56999969482422,2.5208001136779785,2.9089999198913574,2.4832000732421875
2024-06-20,85.70999908447266,82.16999816894531,2.5244998931884766,2.740999937057495,2.5007998943328857
2024-06-21,85.23999786376953,80.7300033569336,2.491499900817871,2.7049999237060547,2.513700008392334
2024-06-24,86.01000213623047,81.62999725341797,2.521399974822998,2.811000108718872,2.5114998817443848
2024-06-25,85.01000213623047,80.83000183105469,2.509399890899658,2.75600004196167,2.514699935913086
2024-06-26,85.25,80.9000015258789,2.5374999046325684,2.628000020980835,2.544600009918213
2024-06-27,86.38999938964844,81.73999786376953,2.547600030899048,2.684999942779541,2.545599937438965
2024-06-28,86.41000366210938,81.54000091552734,2.516900062561035,2.6010000705718994,2.529099941253662
2024-07-01,86.5999984741211,83.37999725341797,2.6147000789642334,2.4779999256134033,2.5782999992370605
2024-07-02,86.23999786376953,82.80999755859375,2.629699945449829,2.434999942779541,2.5734000205993652
2024-07-03,87.33999633789062,83.87999725341797,2.6342999935150146,2.4179999828338623,2.601300001144409
2024-07-05,86.54000091552734,83.16000366210938,2.602400064468384,2.319000005722046,2.5590999126434326
2024-07-08,85.75,82.33000183105469,2.5790998935699463,2.365999937057495,2.537899971008301
2024-07-09,84.66000366210938,81.41000366210938,2.5236001014709473,2.3440001010894775,2.527400016784668
2024-07-10,85.08000183105469,82.0999984741211,2.518399953842163,2.3289999961853027,2.5034000873565674
2024-07-11,85.4000015258789,82.62000274658203,2.518199920654297,2.2679998874664307,2.5178000926971436
2024-07-12,85.02999877929688,82.20999908447266,2.5095999240875244,2.3289999961853027,2.5153000354766846
2024-07-15,84.8499984741211,81.91000366210938,2.5136001110076904,2.1579999923706055,2.4916000366210938
2024-07-16,83.7300033569336,80.76000213623047,2.4688000679016113,2.187999963760376,2.4774999618530273
2024-07-17,85.08000183105469,82.8499984741211,2.49399995803833,2.0350000858306885,2.501300096511841
2024-07-18,85.11000061035156,82.81999969482422,2.486799955368042,2.125,2.516400098800659
2024-07-19,82.62999725341797,80.12999725341797,2.419100046157837,2.128000020980835,2.4504001140594482
2024-07-22,82.4000015258789,79.77999877929688,2.434799909591675,2.250999927520752,2.470599889755249
2024-07-23,81.01000213623047,76.95999908447266,2.409899950027466,2.187000036239624,2.414099931716919
2024-07-24,81.70999908447266,77.58999633789062,2.452399969100952,2.117000102996826,2.4514999389648438
2024-07-25,82.37000274658203,78.27999877929688,2.4711999893188477,2.0409998893737793,2.467600107192993
2024-07-26,81.12999725341797,77.16000366210938,2.4196999073028564,2.00600004196167,2.4605000019073486
2024-07-29,79.77999877929688,75.80999755859375,2.375,1.906999945640564,2.415299892425537
2024-07-30,78.62999725341797,74.7300033569336,2.3368000984191895,2.125999927520752,2.3870999813079834
2024-07-31,80.72000122070312,77.91000366210938,2.4154999256134033,2.0360000133514404,2.4820001125335693
2024-08-01,79.5199966430664,76.30999755859375,2.406399965286255,1.968000054359436,2.3980000019073486
2024-08-02,76.80999755859375,73.5199966430664,2.31850004196167,1.9670000076293945,2.3176000118255615
2024-08-05,76.30000305175781,72.94000244140625,2.2985999584198,1.9420000314712524,2.3336000442504883
2024-08-06,76.4800033569336,73.19999694824219,2.295799970626831,2.009999990463257,2.326200008392334
2024-08-07,78.33000183105469,75.2300033569336,2.355600118637085,2.111999988555908,2.357300043106079
2024-08-08,79.16000366210938,76.19000244140625,2.357800006866455,2.127000093460083,2.399199962615967
2024-08-09,79.66000366210938,76.83999633789062,2.3396999835968018,2.1429998874664307,2.3903000354766846
2024-08-12,82.30000305175781,80.05999755859375,2.4065001010894775,2.188999891281128,2.4428999423980713
2024-08-13,80.69000244140625,78.3499984741211,2.38919997215271,2.1480000019073486,2.3747000694274902
2024-08-14,79.76000213623047,76.9800033569336,2.3682000637054443,2.2190001010894775,2.3210999965667725
2024-08-15,81.04000091552734,78.16000366210938,2.3778998851776123,2.197000026702881,2.3580000400543213
2024-08-16,79.68000030517578,76.6500015258789,2.328700065612793,2.122999906539917,2.3101999759674072
2024-08-19,77.66000366210938,74.37000274658203,2.2634999752044678,2.234999895095825,2.2637999057769775
2024-08-20,77.19999694824219,74.04000091552734,2.263200044631958,2.197999954223633,2.2562999725341797
2024-08-21,76.05000305175781,71.93000030517578,2.2497000694274902,2.177000045776367,2.2049999237060547
2024-08-22,77.22000122070312,73.01000213623047,2.2634999752044678,2.052999973297119,2.2437000274658203
2024-08-23,79.0199966430664,74.83000183105469,2.2997000217437744,2.0220000743865967,2.285099983215332
2024-08-26,81.43000030517578,77.41999816894531,2.3480000495910645,1.9559999704360962,2.279900074005127
2024-08-27,79.55000305175781,75.52999877929688,2.2862000465393066,1.9040000438690186,2.2469000816345215
2024-08-28,78.6500015258789,74.5199966430664,2.229099988937378,1.9299999475479126,2.2147998809814453
2024-08-29,79.94000244140625,75.91000366210938,2.2839999198913574,2.13700008392334,2.2476999759674072
2024-08-30,78.80000305175781,73.55000305175781,2.251499891281128,2.127000093460083,2.211699962615967
2024-09-03,73.75,70.33999633789062,2.2060000896453857,2.203000068664551,1.9776999950408936
2024-09-04,72.69999694824219,69.19999694824219,2.1575000286102295,2.1449999809265137,1.9617999792099
2024-09-05,72.69000244140625,69.1500015258789,2.1689000129699707,2.253999948501587,1.9257999658584595
2024-09-06,71.05999755859375,67.66999816894531,2.115000009536743,2.2750000953674316,1.8960000276565552
2024-09-09,71.83999633789062,68.70999908447266,2.139400005340576,2.1700000762939453,1.9204000234603882
2024-09-10,69.19000244140625,65.75,2.058000087738037,2.2320001125335693,1.8700000047683716
2024-09-11,70.61000061035156,67.30999755859375,2.0917000770568848,2.2699999809265137,1.8971999883651733
2024-09-12,71.97000122070312,68.97000122070312,2.118799924850464,2.3570001125335693,1.9270000457763672
2024-09-13,71.61000061035156,68.6500015258789,2.0843000411987305,2.305000066757202,1.9301999807357788
2024-09-16,72.75,70.08999633789062,2.0968000888824463,2.372999906539917,1.9681999683380127
2024-09-17,73.69999694824219,71.19000244140625,2.136699914932251,2.3239998817443848,2.0018999576568604
2024-09-18,73.6500015258789,70.91000366210938,2.1475000381469727,2.2839999198913574,2.010699987411499
2024-09-19,74.87999725341797,71.94999694824219,2.171999931335449,2.3480000495910645,2.059999942779541
2024-09-20,74.48999786376953,71.91999816894531,2.1614999771118164,2.434000015258789,2.036400079727173
2024-09-23,73.9000015258789,70.37000274658203,2.1451001167297363,2.61299991607666,1.9902000427246094
2024-09-24,75.16999816894531,71.55999755859375,2.180500030517578,2.5510001182556152,2.0297000408172607
2024-09-25,73.45999908447266,69.69000244140625,2.1602001190185547,2.63700008392334,1.999899983406067
2024-09-26,71.5999984741211,67.66999816894531,2.1361000537872314,2.5850000381469727,1.961300015449524
2024-09-27,71.9800033569336,68.18000030517578,2.132699966430664,2.9019999504089355,1.9529999494552612
2024-09-30,71.7699966430664,68.16999816894531,2.1317999362945557,2.9230000972747803,1.9621000289916992
2024-10-01,73.55999755859375,69.83000183105469,2.1742000579833984,2.8959999084472656,1.966599941253662
2024-10-02,73.9000015258789,70.0999984741211,2.1821000576019287,2.885999917984009,1.9859000444412231
2024-10-03,77.62000274658203,73.70999908447266,2.2946999073028564,2.9700000286102295,2.092600107192993
2024-10-04,78.05000305175781,74.37999725341797,2.312700033187866,2.8540000915527344,2.0957999229431152
2024-10-07,80.93000030517578,77.13999938964844,2.396199941635132,2.746000051498413,2.1538000106811523
2024-10-08,77.18000030517578,73.56999969482422,2.2971999645233154,2.7330000400543213,2.0680999755859375
2024-10-09,76.58000183105469,73.23999786376953,2.276900053024292,2.6600000858306885,2.0664000511169434
2024-10-10,79.4000015258789,75.8499984741211,2.3508999347686768,2.674999952316284,2.150899887084961
2024-10-11,79.04000091552734,75.55999755859375,2.343899965286255,2.631999969482422,2.151599884033203
2024-10-14,77.45999908447266,73.83000183105469,2.274199962615967,2.49399995803833,2.108599901199341
2024-10-15,74.25,70.58000183105469,2.187700033187866,2.497999906539917,2.0376999378204346
2024-10-16,74.22000122070312,70.38999938964844,2.1747000217437744,2.367000102996826,2.040299892425537
2024-10-17,74.44999694824219,70.66999816894531,2.194499969482422,2.3469998836517334,2.046799898147583
2024-10-18,73.05999755859375,69.22000122070312,2.1521999835968018,2.257999897003174,2.002000093460083
2024-10-21,74.29000091552734,70.55999755859375,2.183300018310547,2.312000036239624,2.014699935913086
2024-10-22,76.04000091552734,72.08999633789062,2.236999988555908,2.311000108718872,2.071500062942505
2024-10-23,74.95999908447266,70.7699966430664,2.22160005569458,2.3420000076293945,2.0413999557495117
2024-10-24,74.37999725341797,70.19000244140625,2.2023000717163086,2.5220000743865967,2.0276999473571777
2024-10-25,76.05000305175781,71.77999877929688,2.238100051879883,2.559999942779541,2.0785000324249268
2024-10-28,71.41999816894531,67.37999725341797,2.1285998821258545,2.309000015258789,1.9664000272750854
2024-10-29,71.12000274658203,67.20999908447266,2.133699893951416,2.3459999561309814,1.951799988746643
2024-10-30,72.55000305175781,68.61000061035156,2.1875998973846436,2.8450000286102295,1.9957000017166138
2024-10-31,73.16000366210938,69.26000213623047,2.2195000648498535,2.7070000171661377,2.003499984741211
2024-11-01,73.0999984741211,69.48999786376953,2.2342000007629395,2.6630001068115234,1.9665000438690186
2024-11-04,75.08000183105469,71.47000122070312,2.28410005569458,2.7809998989105225,2.019200086593628
2024-11-05,75.52999877929688,71.98999786376953,2.3041999340057373,2.6700000762939453,2.044600009918213
2024-11-06,74.91999816894531,71.69000244140625,2.2699999809265137,2.746999979019165,2.035399913787842
2024-11-07,75.62999725341797,72.36000061035156,2.286400079727173,2.693000078201294,2.0536000728607178
2024-11-08,73.87000274658203,70.37999725341797,2.2388999462127686,2.6689999103546143,2.012500047683716
2024-11-11,71.83000183105469,68.04000091552734,2.1975998878479004,2.9200000762939453,1.9570000171661377
2024-11-12,71.88999938964844,68.12000274658203,2.2107999324798584,2.9070000648498535,1.9643000364303589
2024-11-13,72.27999877929688,68.43000030517578,2.2193000316619873,2.9830000400543213,1.9651000499725342
2024-11-14,72.55999755859375,68.69999694824219,2.2123000621795654,2.7850000858306885,1.9816999435424805
2024-11-15,71.04000091552734,67.0199966430664,2.1709001064300537,2.822999954223633,1.9493000507354736
2024-11-18,73.30000305175781,69.16000366210938,2.2513999938964844,2.9730000495910645,2.0183000564575195
2024-11-19,73.30999755859375,69.38999938964844,2.2402000427246094,2.997999906539917,2.0376999378204346
2024-11-20,72.80999755859375,68.87000274658203,2.226300001144409,3.193000078201294,2.045799970626831
2024-11-21,74.2300033569336,70.0999984741211,2.274399995803833,3.3389999866485596,2.0594000816345215
2024-11-22,75.16999816894531,71.23999786376953,2.274899959564209,3.128999948501587,2.0613999366760254
2024-11-25,73.01000213623047,68.94000244140625,2.235300064086914,3.36899995803833,2.000499963760376
2024-11-26,72.80999755859375,68.7699966430664,2.2404000759124756,3.430999994277954,1.9917999505996704
2024-11-27,72.83000183105469,68.72000122070312,2.2035999298095703,3.2039999961853027,1.9733999967575073
2024-11-29,72.94000244140625,68.0,2.193000078201294,3.36299991607666,1.9436999559402466
2024-12-02,71.83000183105469,68.0999984741211,2.1777000427246094,3.2130000591278076,1.917199969291687
2024-12-03,73.62000274658203,69.94000244140625,2.2177000045776367,3.0420000553131104,1.962399959564209
2024-12-04,72.30999755859375,68.54000091552734,2.1673998832702637,3.0429999828338623,1.9391000270843506
2024-12-05,72.08999633789062,68.30000305175781,2.1556999683380127,3.0789999961853027,1.9325000047683716
2024-12-06,71.12000274658203,67.19999694824219,2.1326000690460205,3.0759999752044678,1.9062000513076782
2024-12-09,72.13999938964844,68.37000274658203,2.183500051498413,3.181999921798706,1.9524999856948853
2024-12-10,72.19000244140625,68.58999633789062,2.1861000061035156,3.1630001068115234,1.9567999839782715
2024-12-11,73.5199966430664,70.29000091552734,2.223299980163574,3.378000020980835,1.98580002784729
2024-12-12,73.41000366210938,70.0199966430664,2.236599922180176,3.4549999237060547,1.9884999990463257
2024-12-13,74.48999786376953,71.29000091552734,2.2699999809265137,3.2799999713897705,2.001800060272217
2024-12-16,73.91000366210938,70.70999908447266,2.2639999389648438,3.2139999866485596,1.9757000207901
2024-12-17,73.19000244140625,70.08000183105469,2.2279000282287598,3.308000087738037,1.9438999891281128
2024-12-18,73.38999938964844,70.58000183105469,2.255000114440918,3.374000072479248,1.9428000450134277
2024-12-19,72.87999725341797,69.91000366210938,2.2376999855041504,3.5840001106262207,1.9227999448776245
2024-12-20,72.94000244140625,69.45999908447266,2.2316999435424805,3.747999906539917,1.94159996509552
2024-12-23,72.62999725341797,69.23999786376953,2.226300001144409,3.6559998989105225,1.9383000135421753
2024-12-24,73.58000183105469,70.0999984741211,2.2214999198913574,3.946000099182129,1.958899974822998
2024-12-26,73.26000213623047,69.62000274658203,2.2053000926971436,3.7149999141693115,1.9457999467849731
2024-12-27,74.16999816894531,70.5999984741211,2.244800090789795,3.5139999389648438,1.9581999778747559
2024-12-30,74.38999938964844,70.98999786376953,2.299499988555908,3.936000108718872,1.9763000011444092
2024-12-31,74.63999938964844,71.72000122070312,2.3206000328063965,3.632999897003174,2.001499891281128
2025-01-02,75.93000030517578,73.12999725341797,2.3540000915527344,3.6600000858306885,2.0518999099731445
2025-01-03,76.51000213623047,73.95999908447266,2.3478000164031982,3.3540000915527344,2.0536999702453613
2025-01-06,76.30000305175781,73.55999755859375,2.3552000522613525,3.671999931335449,2.0355000495910645
2025-01-07,77.05000305175781,74.25,2.366300106048584,3.4489998817443848,2.026599884033203
2025-01-08,76.16000366210938,73.31999969482422,2.3506999015808105,3.6510000228881836,2.010200023651123
2025-01-09,76.91999816894531,73.91999816894531,2.378200054168701,3.7009999752044678,2.0283000469207764
2025-01-10,79.76000213623047,76.56999969482422,2.501699924468994,3.989000082015991,2.074899911880493
2025-01-13,81.01000213623047,78.81999969482422,2.5332999229431152,3.934000015258789,2.1003000736236572
2025-01-14,79.91999816894531,77.5,2.5253000259399414,3.9679999351501465,2.104599952697754
2025-01-15,82.02999877929688,80.04000091552734,2.6135001182556152,4.083000183105469,2.158900022506714
2025-01-16,81.29000091552734,78.68000030517578,2.6171998977661133,4.257999897003174,2.123199939727783
2025-01-17,80.79000091552734,77.87999725341797,2.621000051498413,3.947999954223633,2.1122000217437744
2025-01-21,79.29000091552734,75.88999938964844,2.5580999851226807,3.75600004196167,2.0843000411987305
2025-01-22,79.0,75.44000244140625,2.4842000007629395,3.9600000381469727,2.057800054550171
2025-01-23,78.29000091552734,74.62000274658203,2.4714999198913574,3.944999933242798,2.0655999183654785
2025-01-24,78.5,74.66000366210938,2.516200065612793,4.0269999504089355,2.0490000247955322
2025-01-27,77.08000183105469,73.16999816894531,2.4600000381469727,3.697000026702881,2.0281999111175537
2025-01-28,77.48999786376953,73.7699966430664,2.4500999450683594,3.4709999561309814,2.0525999069213867
2025-01-29,76.58000183105469,72.62000274658203,2.4539999961853027,3.5350000858306885,2.0357000827789307
2025-01-30,76.87000274658203,72.7300033569336,2.475399971008301,3.046999931335449,2.037400007247925
2025-01-31,76.76000213623047,72.52999877929688,2.484499931335449,3.0439999103546143,2.0364999771118164
2025-02-03,75.95999908447266,73.16000366210938,2.463099956512451,3.3519999980926514,2.1177000999450684
2025-02-04,76.19999694824219,72.69999694824219,2.429800033569336,3.253000020980835,2.0989999771118164
2025-02-05,74.61000061035156,71.02999877929688,2.384200096130371,3.359999895095825,2.0506999492645264
2025-02-06,74.29000091552734,70.61000061035156,2.3980000019073486,3.4079999923706055,2.074700117111206
2025-02-07,74.66000366210938,71.0,2.430799961090088,3.309000015258789,2.1050000190734863
2025-02-10,75.87000274658203,72.31999969482422,2.450900077819824,3.444000005722046,2.1041998863220215
2025-02-11,77.0,73.31999969482422,2.5146000385284424,3.5190000534057617,2.1473000049591064
2025-02-12,75.18000030517578,71.37000274658203,2.4519999027252197,3.565000057220459,2.089600086212158
2025-02-13,75.0199966430664,71.29000091552734,2.448699951171875,3.628000020980835,2.1106998920440674
2025-02-14,74.73999786376953,70.73999786376953,2.4618000984191895,3.7249999046325684,2.089900016784668
2025-02-18,75.83999633789062,71.8499984741211,2.4405999183654785,4.006999969482422,2.086699962615967
2025-02-19,76.04000091552734,72.25,2.4565000534057617,4.28000020980835,2.0864999294281006
2025-02-20,76.4800033569336,72.56999969482422,2.5034000873565674,4.1519999504089355,2.0864999294281006
2025-02-21,74.43000030517578,70.4000015258789,2.432300090789795,4.234000205993652,2.026700019836426
2025-02-24,74.77999877929688,70.69999694824219,2.435800075531006,3.99399995803833,2.010999917984009
2025-02-25,73.0199966430664,68.93000030517578,2.3903000354766846,4.173999786376953,1.9673000574111938
2025-02-26,72.52999877929688,68.62000274658203,2.3443000316619873,3.9059998989105225,1.9488999843597412
2025-02-27,74.04000091552734,70.3499984741211,2.395900011062622,3.934000015258789,1.9966000318527222
2025-02-28,73.18000030517578,69.76000213623047,2.3548998832702637,3.8340001106262207,1.9702999591827393
2025-03-03,71.62000274658203,68.37000274658203,2.2604000568389893,4.122000217437744,2.1877999305725098
2025-03-04,71.04000091552734,68.26000213623047,2.2871999740600586,4.349999904632568,2.194200038909912
2025-03-05,69.30000305175781,66.30999755859375,2.240799903869629,4.449999809265137,2.13700008392334
2025-03-06,69.45999908447266,66.36000061035156,2.22379994392395,4.302000045776367,2.1012001037597656
2025-03-07,70.36000061035156,67.04000091552734,2.2160000801086426,4.39900016784668,2.1087000370025635
2025-03-10,69.27999877929688,66.02999877929688,2.1798999309539795,4.491000175476074,2.0924999713897705
2025-03-11,69.55999755859375,66.25,2.1967999935150146,4.453000068664551,2.1050000190734863
2025-03-12,70.94999694824219,67.68000030517578,2.2063000202178955,4.084000110626221,2.150099992752075
2025-03-13,69.87999725341797,66.55000305175781,2.1621999740600586,4.111000061035156,2.1331000328063965
2025-03-14,70.58000183105469,67.18000030517578,2.166599988937378,4.104000091552734,2.148699998855591
2025-03-17,71.06999969482422,67.58000183105469,2.2037999629974365,4.01800012588501,2.1812000274658203
2025-03-18,70.55999755859375,66.9000015258789,2.194499969482422,4.052000045776367,2.1684000492095947
2025-03-19,70.77999877929688,67.16000366210938,2.2318999767303467,4.247000217437744,2.169600009918213
2025-03-20,72.0,68.26000213623047,2.254300117492676,3.9749999046325684,2.1910998821258545
2025-03-21,72.16000366210938,68.27999877929688,2.2495999336242676,3.9800000190734863,2.1953999996185303
2025-03-24,73.0,69.11000061035156,2.2571001052856445,3.9140000343322754,2.2065999507904053
2025-03-25,73.0199966430664,69.0,2.285900115966797,3.8399999141693115,2.208699941635132
2025-03-26,73.79000091552734,69.6500015258789,2.2887001037597656,3.8610000610351562,2.232800006866455
2025-03-27,74.02999877929688,69.91999816894531,2.2846999168395996,3.950000047683716,2.2464001178741455
2025-03-28,73.62999725341797,69.36000061035156,2.2609000205993652,4.065000057220459,2.2346999645233154
2025-03-31,74.73999786376953,71.4800033569336,2.313999891281128,4.11899995803833,2.283099889755249
2025-04-01,74.48999786376953,71.19999694824219,2.2888998985290527,3.9509999752044678,2.302500009536743
2025-04-02,74.94999694824219,71.70999908447266,2.322000026702881,4.054999828338623,2.3310000896453857
2025-04-03,70.13999938964844,66.94999694824219,2.1888999938964844,4.138000011444092,2.164299964904785
2025-04-04,65.58000183105469,61.9900016784668,2.081899881362915,3.8369998931884766,2.054500102996826
2025-04-07,64.20999908447266,60.70000076293945,2.0699000358581543,3.6549999713897705,2.0201001167297363
2025-04-08,62.81999969482422,59.58000183105469,2.056999921798706,3.4649999141693115,1.9914000034332275
2025-04-09,65.4800033569336,62.349998474121094,2.113600015640259,3.815999984741211,2.0383999347686768
2025-04-10,63.33000183105469,60.06999969482422,2.0464000701904297,3.556999921798706,1.961300015449524
2025-04-11,64.76000213623047,61.5,2.0652999877929688,3.5269999504089355,1.9990999698638916
2025-04-14,64.87999725341797,61.529998779296875,2.0917000770568848,3.325000047683716,2.022200107574463
2025-04-15,64.66999816894531,61.33000183105469,2.078399896621704,3.3289999961853027,2.024399995803833
2025-04-16,65.8499984741211,62.470001220703125,2.1154000759124756,3.246999979019165,2.0434000492095947
2025-04-17,67.95999908447266,64.68000030517578,2.1522998809814453,3.244999885559082,2.09879994392395
2025-04-21,66.26000213623047,63.08000183105469,2.1089000701904297,3.0160000324249268,2.0652999877929688
2025-04-22,67.44000244140625,64.30999755859375,2.1486001014709473,3.006999969482422,2.099600076675415
2025-04-23,66.12000274658203,62.27000045776367,2.1268999576568604,3.0220000743865967,2.083899974822998
2025-04-24,66.55000305175781,62.790000915527344,2.143699884414673,2.930000066757202,2.1057000160217285
2025-04-25,66.87000274658203,63.02000045776367,2.16729998588562,2.937000036239624,2.1189000606536865
2025-04-28,65.86000061035156,62.04999923706055,2.17549991607666,3.1700000762939453,2.105799913406372
2025-04-29,64.25,60.41999816894531,2.1203999519348145,3.385999917984009,2.071199893951416
2025-04-30,63.119998931884766,58.209999084472656,2.0367000102996826,3.3259999752044678,2.0369999408721924
2025-05-01,62.130001068115234,59.2400016784668,2.01200008392334,3.4790000915527344,2.0492000579833984
2025-05-02,61.290000915527344,58.290000915527344,1.9931999444961548,3.630000114440918,2.01990008354187
2025-05-05,60.22999954223633,57.130001068115234,1.9744999408721924,3.549999952316284,2.0227999687194824
2025-05-06,62.150001525878906,59.09000015258789,2.0088000297546387,3.4630000591278076,2.064500093460083
2025-05-07,61.119998931884766,58.06999969482422,1.9766000509262085,3.621000051498413,2.0278000831604004
2025-05-08,62.84000015258789,59.90999984741211,2.0399999618530273,3.5920000076293945,2.085400104522705
2025-05-09,63.90999984741211,61.02000045776367,2.0664000511169434,3.7950000762939453,2.1084001064300537
2025-05-12,64.95999908447266,61.95000076293945,2.1110999584198,3.6459999084472656,2.1331000328063965
2025-05-13,66.62999725341797,63.66999816894531,2.171299934387207,3.6470000743865967,2.1659998893737793
2025-05-14,66.08999633789062,63.150001525878906,2.2060999870300293,3.492000102996826,2.1700000762939453
2025-05-15,64.52999877929688,61.619998931884766,2.1659998893737793,3.361999988555908,2.134399890899658
2025-05-16,65.41000366210938,62.4900016784668,2.1405999660491943,3.3340001106262207,2.1417999267578125
2025-05-19,65.54000091552734,62.689998626708984,2.127700090408325,3.11299991607666,2.1387999057769775
2025-05-20,65.37999725341797,62.560001373291016,2.1289000511169434,3.427000045776367,2.152100086212158
2025-05-21,64.91000366210938,61.56999969482422,2.1391000747680664,3.368000030517578,2.1498000621795654
2025-05-22,64.44000244140625,61.20000076293945,2.117500066757202,3.253000020980835,2.131200075149536
2025-05-23,64.77999877929688,61.529998779296875,2.10479998588562,3.3340001106262207,2.1092000007629395
2025-05-27,64.08999633789062,60.88999938964844,2.079400062561035,3.3980000019073486,2.071500062942505
2025-05-28,64.9000015258789,61.84000015258789,2.088099956512451,3.2039999961853027,2.089200019836426
2025-05-29,64.1500015258789,60.939998626708984,2.0481998920440674,3.5220000743865967,2.0594000816345215
2025-05-30,63.900001525878906,60.790000915527344,2.017199993133545,3.447000026702881,2.0383999347686768
2025-06-02,64.62999725341797,62.52000045776367,2.0445001125335693,3.694000005722046,2.052500009536743
2025-06-03,65.62999725341797,63.40999984741211,2.099900007247925,3.7219998836517334,2.0787999629974365
2025-06-04,64.86000061035156,62.849998474121094,2.0701000690460205,3.7160000801086426,2.0339999198913574
2025-06-05,65.33999633789062,63.369998931884766,2.0945000648498535,3.677000045776367,2.0629000663757324
2025-06-06,66.47000122070312,64.58000183105469,2.1252999305725098,3.7839999198913574,2.0768001079559326
2025-06-09,67.04000091552734,65.29000091552734,2.146399974822998,3.634999990463257,2.0952000617980957
2025-06-10,66.87000274658203,64.9800033569336,2.1415998935699463,3.5329999923706055,2.0880000591278076
2025-06-11,69.7699966430664,68.1500015258789,2.2053000926971436,3.506999969482422,2.166800022125244
2025-06-12,69.36000061035156,68.04000091552734,2.188699960708618,3.492000102996826,2.142899990081787
2025-06-13,74.2300033569336,72.9800033569336,2.3587000370025635,3.5810000896453857,2.22760009765625
2025-06-16,73.2300033569336,71.7699966430664,2.3933000564575195,3.747999906539917,2.219899892807007
2025-06-17,76.44999694824219,74.83999633789062,2.5051000118255615,3.8510000705718994,2.271899938583374
2025-06-18,76.69999694824219,75.13999938964844,2.533400058746338,3.989000082015991,2.3085999488830566
2025-06-20,77.01000213623047,74.93000030517578,2.541800022125244,3.8469998836517334,2.3294999599456787
2025-06-23,71.4800033569336,68.51000213623047,2.363100051879883,3.697999954223633,2.2181999683380127
2025-06-24,67.13999938964844,64.37000274658203,2.285099983215332,3.5369999408721924,2.085700035095215
2025-06-25,67.68000030517578,64.91999816894531,2.2964000701904297,3.4059998989105225,2.08240008354187
2025-06-26,67.7300033569336,65.23999786376953,2.360100030899048,3.260999917984009,2.0989999771118164
2025-06-27,67.7699966430664,65.5199966430664,2.3071999549865723,3.739000082015991,2.0897998809814453
2025-06-30,67.61000061035156,65.11000061035156,2.3457999229431152,3.4560000896453857,2.0797998905181885
2025-07-01,67.11000061035156,65.44999694824219,2.326900005340576,3.4149999618530273,2.1003000736236572
2025-07-02,69.11000061035156,67.44999694824219,2.4117000102996826,3.48799991607666,2.1229000091552734
2025-07-03,68.80000305175781,67.0,2.369800090789795,3.4089999198913574,2.1185998916625977
2025-07-04,68.29000091552734,66.5,2.4089999198913574,3.38700008392334,2.1171000003814697
2025-07-07,69.58000183105469,67.93000030517578,2.421099901199341,3.4119999408721924,2.1521999835968018
2025-07-08,70.1500015258789,68.33000183105469,2.4412999153137207,3.3399999141693115,2.184999942779541
2025-07-09,70.19000244140625,68.37999725341797,2.4091999530792236,3.2139999866485596,2.1879000663757324
2025-07-10,68.63999938964844,66.56999969482422,2.383500099182129,3.3369998931884766,2.152400016784668
2025-07-11,70.36000061035156,68.44999694824219,2.4474000930786133,3.313999891281128,2.187000036239624
2025-07-14,69.20999908447266,66.9800033569336,2.3898000717163086,3.4660000801086426,2.1654000282287598
2025-07-15,68.70999908447266,66.5199966430664,2.4052000045776367,3.5230000019073486,2.169600009918213
2025-07-16,68.5199966430664,66.37999725341797,2.3914999961853027,3.5510001182556152,2.1440000534057617
2025-07-17,69.5199966430664,67.54000091552734,2.464600086212158,3.5420000553131104,2.1703999042510986
2025-07-18,69.27999877929688,67.33999633789062,2.453000068664551,3.565000057220459,2.15339994430542
2025-07-21,69.20999908447266,67.19999694824219,2.509200096130371,3.325000047683716,2.1319000720977783
2025-07-22,68.58999633789062,66.20999908447266,2.4518001079559326,3.252000093460083,2.101900100708008
2025-07-23,68.51000213623047,65.25,2.4489998817443848,3.0769999027252197,2.121299982070923
2025-07-24,69.18000030517578,66.02999877929688,2.412899971008301,3.0940001010894775,2.1041998863220215
2025-07-25,68.44000244140625,65.16000366210938,2.4061999320983887,3.109999895095825,2.0969998836517334
2025-07-28,70.04000091552734,66.70999908447266,2.4265999794006348,2.98799991607666,2.135200023651123
2025-07-29,72.51000213623047,69.20999908447266,2.4637999534606934,3.0810000896453857,2.218400001525879
2025-07-30,73.23999786376953,70.0,2.4184999465942383,3.0450000762939453,2.2690999507904053
2025-07-31,72.52999877929688,69.26000213623047,2.3994998931884766,3.1059999465942383,2.21560001373291
2025-08-01,69.66999816894531,67.33000183105469,2.2999000549316406,3.0829999446868896,2.1185998916625977
2025-08-04,68.76000213623047,66.29000091552734,2.3176000118255615,2.931999921798706,2.1022000312805176
2025-08-05,67.63999938964844,65.16000366210938,2.250200033187866,3.009999990463257,2.0915000438690186
2025-08-06,66.88999938964844,64.3499984741211,2.2627999782562256,3.0769999027252197,2.090399980545044
2025-08-07,66.43000030517578,63.880001068115234,2.2667999267578125,3.066999912261963,2.077500104904175
2025-08-08,66.58999633789062,63.880001068115234,2.2792999744415283,2.990000009536743,2.0861001014709473
2025-08-11,66.62999725341797,63.959999084472656,2.2909998893737793,2.9539999961853027,2.0766000747680664
2025-08-12,66.12000274658203,63.16999816894531,2.2441000938415527,2.808000087738037,2.074399948120117
2025-08-13,65.62999725341797,62.650001525878906,2.242799997329712,2.828000068664551,2.0703999996185303
2025-08-14,66.83999633789062,63.959999084472656,2.234499931335449,2.8410000801086426,2.1092000007629395
2025-08-15,65.8499984741211,62.79999923706055,2.2249999046325684,2.9159998893737793,2.072499990463257
2025-08-18,66.5999984741211,63.41999816894531,2.240299940109253,2.890000104904175,2.0987000465393066
2025-08-19,65.79000091552734,62.349998474121094,2.2511000633239746,2.7660000324249268,2.0889999866485596
2025-08-20,66.83999633789062,63.209999084472656,2.279599905014038,2.752000093460083,2.1282999515533447
2025-08-21,67.66999816894531,63.52000045776367,2.3250999450683594,2.8259999752044678,2.1596999168395996
2025-08-22,67.7300033569336,63.65999984741211,2.3080999851226807,2.697999954223633,2.1584999561309814
2025-08-25,68.80000305175781,64.80000305175781,2.3475000858306885,2.696000099182129,2.1482999324798584
2025-08-26,67.22000122070312,63.25,2.2804999351501465,2.7170000076293945,2.122299909591675
2025-08-27,68.05000305175781,64.1500015258789,2.295300006866455,2.867000102996826,2.148900032043457
2025-08-28,68.62000274658203,64.5999984741211,2.309799909591675,2.944000005722046,2.1991000175476074
2025-08-29,68.12000274658203,64.01000213623047,2.266700029373169,2.996999979019165,2.1875998973846436
2025-09-02,69.13999938964844,65.58999633789062,2.3743999004364014,3.009000062942505,2.042799949645996
2025-09-03,67.5999984741211,63.970001220703125,2.3608999252319336,3.063999891281128,2.01200008392334
2025-09-04,66.98999786376953,63.47999954223633,2.330699920654297,3.0739998817443848,2.009500026702881
2025-09-05,65.5,61.869998931884766,2.2869999408721924,3.0480000972747803,1.9642000198364258
2025-09-08,66.0199966430664,62.2599983215332,2.3118999004364014,3.0899999141693115,1.9586000442504883
2025-09-09,66.38999938964844,62.630001068115234,2.3199000358581543,3.117000102996826,1.9924999475479126
2025-09-10,67.48999786376953,63.66999816894531,2.333699941635132,3.0290000438690186,2.007999897003174
2025-09-11,66.37000274658203,62.369998931884766,2.281899929046631,2.934000015258789,1.9793000221252441
2025-09-12,66.98999786376953,62.689998626708984,2.2899999618530273,2.940999984741211,1.9853999614715576
2025-09-15,67.44000244140625,63.29999923706055,2.3310999870300293,3.0429999828338623,2.013400077819824
2025-09-16,68.47000122070312,64.5199966430664,2.3935000896453857,3.1029999256134033,2.041599988937378
2025-09-17,67.94999694824219,64.05000305175781,2.35479998588562,3.0999999046325684,2.028700113296509
2025-09-18,67.44000244140625,63.56999969482422,2.3399999141693115,2.938999891281128,2.011399984359741
2025-09-19,66.68000030517578,62.68000030517578,2.2988998889923096,2.888000011444092,1.9707000255584717
2025-09-22,66.56999969482422,62.63999938964844,2.29229998588562,2.805999994277954,1.9781999588012695
2025-09-23,67.62999725341797,63.40999984741211,2.328000068664551,2.8529999256134033,1.9990999698638916
2025-09-24,69.30999755859375,64.98999786376953,2.37719988822937,2.8580000400543213,2.0188000202178955
2025-09-25,69.41999816894531,64.9800033569336,2.426500082015991,2.9040000438690186,2.00219988822937
2025-09-26,70.12999725341797,65.72000122070312,2.4289000034332275,2.8350000381469727,2.037600040435791
2025-09-29,67.97000122070312,63.45000076293945,2.356600046157837,3.2669999599456787,1.9951000213623047
2025-09-30,67.0199966430664,62.369998931884766,2.3324999809265137,3.302999973297119,1.9729000329971313
2025-10-01,65.3499984741211,61.779998779296875,2.3018999099731445,3.4760000705718994,1.8859000205993652
2025-10-02,64.11000061035156,60.47999954223633,2.243499994277954,3.441999912261963,1.8509999513626099
2025-10-03,64.52999877929688,60.880001068115234,2.236299991607666,3.3239998817443848,1.8604999780654907
2025-10-06,65.47000122070312,61.689998626708984,2.24429988861084,3.3570001125335693,1.9016000032424927
2025-10-07,65.44999694824219,61.72999954223633,2.2653000354766846,3.497999906539917,1.8939000368118286
2025-10-08,66.25,62.54999923706055,2.291300058364868,3.3329999446868896,1.909500002861023
2025-10-09,65.22000122070312,61.5099983215332,2.2802999019622803,3.2690000534057617,1.882599949836731
2025-10-10,62.72999954223633,58.900001525878906,2.204400062561035,3.1059999465942383,1.8203999996185303
2025-10-13,63.31999969482422,59.4900016784668,2.2497000694274902,3.118000030517578,1.8437999486923218
2025-10-14,62.38999938964844,58.70000076293945,2.1975998878479004,3.0280001163482666,1.8286000490188599
2025-10-15,61.90999984741211,58.27000045776367,2.174799919128418,3.0160000324249268,1.8344000577926636
2025-10-16,61.060001373291016,57.459999084472656,2.1535000801086426,2.937999963760376,1.8116999864578247
2025-10-17,61.290000915527344,57.540000915527344,2.180000066757202,3.007999897003174,1.8377000093460083
2025-10-20,61.0099983215332,57.52000045776367,2.1921000480651855,3.3970000743865967,1.830199956893921
2025-10-21,61.31999969482422,57.81999969482422,2.2058000564575195,3.4739999771118164,1.8252999782562256
2025-10-22,62.59000015258789,58.5,2.2495999336242676,3.450000047683716,1.8650000095367432
2025-10-23,65.98999786376953,61.790000915527344,2.4030001163482666,3.3440001010894775,1.926900029182434
2025-10-24,65.94000244140625,61.5,2.40310001373291,3.303999900817871,1.922700047492981
2025-10-27,65.62000274658203,61.310001373291016,2.4361000061035156,3.441999912261963,1.9204000234603882
2025-10-28,64.4000015258789,60.150001525878906,2.387200117111206,3.3450000286102295,1.9251999855041504
2025-10-29,64.91999816894531,60.47999954223633,2.424299955368042,3.375999927520752,1.9737000465393066
2025-10-30,65.0,60.56999969482422,2.4600000381469727,3.9560000896453857,2.0034000873565674
2025-10-31,65.06999969482422,60.97999954223633,2.4312000274658203,4.124000072479248,1.9931000471115112
2025-11-03,64.88999938964844,61.04999923706055,2.4052999019622803,4.265999794006348,1.916100025177002
2025-11-04,64.44000244140625,60.560001373291016,2.4446001052856445,4.3429999351501465,1.9227999448776245
2025-11-05,63.52000045776367,59.599998474121094,2.432499885559082,4.23199987411499,1.9092999696731567
2025-11-06,63.380001068115234,59.43000030517578,2.4960999488830566,4.35699987411499,1.9656000137329102
2025-11-07,63.630001068115234,59.75,2.482100009918213,4.315000057220459,1.9402999877929688
2025-11-10,64.05999755859375,60.130001068115234,2.5104000568389893,4.3379998207092285,1.9710999727249146
2025-11-11,65.16000366210938,61.040000915527344,2.575700044631958,4.565000057220459,2.01200008392334
2025-11-12,62.709999084472656,58.4900016784668,2.481600046157837,4.5329999923706055,1.955399990081787
2025-11-13,63.0099983215332,58.689998626708984,2.4646999835968018,4.645999908447266,1.9596999883651733
2025-11-14,64.38999938964844,60.09000015258789,2.531100034713745,4.565999984741211,2.0116000175476074
2025-11-17,64.19999694824219,59.90999984741211,2.546999931335449,4.361000061035156,1.9901000261306763
2025-11-18,64.88999938964844,60.7400016784668,2.7011001110076904,4.370999813079834,1.9993000030517578
2025-11-19,63.5099983215332,59.439998626708984,2.635699987411499,4.550000190734863,1.9321000576019287
2025-11-20,63.380001068115234,59.13999938964844,2.5332999229431152,4.473999977111816,1.9184000492095947
2025-11-21,62.560001373291016,58.060001373291016,2.456399917602539,4.579999923706055,1.8833999633789062
2025-11-24,63.369998931884766,58.84000015258789,2.406100034713745,4.548999786376953,1.8966000080108643
2025-11-25,62.47999954223633,57.95000076293945,2.353800058364868,4.423999786376953,1.857200026512146
2025-11-26,63.130001068115234,58.650001525878906,2.325500011444092,4.558000087738037,1.8890000581741333
2025-11-28,63.20000076293945,58.54999923706055,2.3329999446868896,4.849999904632568,1.895900011062622
2025-12-01,63.16999816894531,59.31999969482422,2.3399999141693115,4.921000003814697,1.868899941444397
2025-12-02,62.45000076293945,58.63999938964844,2.312700033187866,4.840000152587891,1.830299973487854
2025-12-03,62.66999816894531,58.95000076293945,2.300800085067749,4.994999885559082,1.8272000551223755
2025-12-04,63.2599983215332,59.66999816894531,2.3036999702453613,5.063000202178955,1.8271000385284424
2025-12-05,63.75,60.08000183105469,2.3629000186920166,5.289000034332275,1.8341000080108643
2025-12-08,62.4900016784668,58.880001068115234,2.2981998920440674,4.9120001792907715,1.7980999946594238
2025-12-09,61.939998626708984,58.25,2.2600998878479004,4.573999881744385,1.7897000312805176
2025-12-10,62.209999084472656,58.459999084472656,2.2730000019073486,4.59499979019165,1.781499981880188
2025-12-11,61.279998779296875,57.599998474121094,2.2288999557495117,4.230999946594238,1.7597999572753906
2025-12-12,61.119998931884766,57.439998626708984,2.197999954223633,4.11299991607666,1.7520999908447266
2025-12-15,60.560001373291016,56.81999969482422,2.1805999279022217,4.01200008392334,1.732300043106079
2025-12-16,58.91999816894531,55.27000045776367,2.1285998821258545,3.885999917984009,1.680899977684021
2025-12-17,59.68000030517578,55.939998626708984,2.1494998931884766,4.02400016784668,1.6943000555038452
2025-12-18,59.81999969482422,56.150001525878906,2.1315999031066895,3.9079999923706055,1.701300024986267
2025-12-19,60.470001220703125,56.65999984741211,2.1219000816345215,3.9839999675750732,1.7081999778747559
2025-12-22,62.06999969482422,58.0099983215332,2.158099889755249,3.9649999141693115,1.7422000169754028
2025-12-23,62.380001068115234,58.380001068115234,2.1905999183654785,4.4079999923706055,1.7431999444961548
2025-12-24,62.2400016784668,58.349998474121094,2.157599925994873,4.242000102996826,1.7470999956130981
2025-12-26,60.63999938964844,56.7400016784668,2.1070001125335693,4.366000175476074,1.697100043296814
2025-12-29,61.939998626708984,58.08000183105469,2.127500057220459,4.686999797821045,1.7151999473571777
2025-12-30,61.91999816894531,57.95000076293945,2.1505000591278076,3.9719998836517334,1.7209999561309814
2025-12-31,60.849998474121094,57.41999816894531,2.1205999851226807,3.686000108718872,1.705399990081787
2026-01-02,60.75,57.31999969482422,2.1150999069213867,3.618000030517578,1.698199987411499
2026-01-05,61.7599983215332,58.31999969482422,2.1428000926971436,3.5230000019073486,1.7200000286102295
2026-01-06,60.70000076293945,57.130001068115234,2.0829999446868896,3.3499999046325684,1.700600028038025
2026-01-07,59.959999084472656,55.9900016784668,2.0566999912261963,3.5250000953674316,1.6944999694824219
2026-01-08,61.9900016784668,57.7599983215332,2.119499921798706,3.4070000648498535,1.7603000402450562
2026-01-09,63.34000015258789,59.119998931884766,2.134999990463257,3.1689999103546143,1.7805999517440796
2026-01-12,63.869998931884766,59.5,2.154400110244751,3.4089999198913574,1.7937999963760376
2026-01-13,65.47000122070312,61.150001525878906,2.2383999824523926,3.4189999103546143,1.8265000581741333
2026-01-14,66.5199966430664,62.02000045776367,2.281899929046631,3.119999885559082,1.830399990081787
2026-01-15,63.7599983215332,59.189998626708984,2.2083001136779785,3.128000020980835,1.7838000059127808
2026-01-16,64.12999725341797,59.439998626708984,2.237600088119507,3.1029999256134033,1.7851999998092651
2026-01-20,64.91999816894531,60.34000015258789,2.3385000228881836,3.9070000648498535,1.823799967765808
2026-01-21,65.23999786376953,60.619998931884766,2.430500030517578,4.875,1.8573999404907227
2026-01-22,64.05999755859375,59.36000061035156,2.36680006980896,5.045000076293945,1.817199945449829
2026-01-23,65.87999725341797,61.06999969482422,2.428499937057495,5.275000095367432,1.8509999513626099
2026-01-26,65.58999633789062,60.630001068115234,2.568000078201294,6.800000190734863,1.820099949836731
2026-01-27,67.56999969482422,62.38999938964844,2.646199941635132,6.953999996185303,1.8652000427246094
2026-01-28,68.4000015258789,63.209999084472656,2.666100025177002,7.460000038146973,1.892300009727478
2026-01-29,70.70999908447266,65.41999816894531,2.585400104522705,3.9179999828338623,1.9199999570846558
2026-01-30,70.69000244140625,65.20999908447266,2.735599994659424,4.354000091552734,1.9227999448776245
2026-02-02,66.30000305175781,62.13999938964844,2.359800100326538,3.236999988555908,1.8514000177383423
2026-02-03,67.33000183105469,63.209999084472656,2.4093000888824463,3.311000108718872,1.8978999853134155
2026-02-04,69.45999908447266,65.13999938964844,2.4700000286102295,3.4649999141693115,1.9651999473571777
2026-02-05,67.55000305175781,63.290000915527344,2.393199920654297,3.509000062942505,1.9265999794006348
2026-02-06,68.05000305175781,63.54999923706055,2.413300037384033,3.421999931335449,1.9531999826431274
2026-02-09,69.04000091552734,64.36000061035156,2.4168999195098877,3.138000011444092,1.9854999780654907
2026-02-10,68.80000305175781,63.959999084472656,2.3987998962402344,3.115000009536743,1.9592000246047974
2026-02-11,69.4000015258789,64.62999725341797,2.4403998851776123,3.1589999198913574,1.9788999557495117
2026-02-12,67.5199966430664,62.84000015258789,2.392699956893921,3.2170000076293945,1.9158999919891357
2026-02-13,67.75,62.88999938964844,2.3879001140594482,3.243000030517578,1.9110000133514404
2026-02-17,67.41999816894531,62.33000183105469,2.3905999660491943,3.0309998989105225,1.9143999814987183
2026-02-18,70.3499984741211,65.19000244140625,2.518699884414673,3.010999917984009,1.968000054359436
2026-02-19,71.66000366210938,66.43000030517578,2.6147000789642334,2.996000051498413,2.0065999031066895
2026-02-20,71.76000213623047,66.38999938964844,2.5857999324798584,3.046999931335449,1.9973000288009644
2026-02-23,71.48999786376953,66.30999755859375,2.6782000064849854,2.984999895095825,1.9891999959945679
2026-02-24,70.7699966430664,65.62999725341797,2.6868999004364014,2.9149999618530273,1.9714000225067139
2026-02-25,70.8499984741211,65.41999816894531,2.6740000247955322,2.9690001010894775,1.9914000034332275
2026-02-26,70.75,65.20999908447266,2.612499952316284,2.8269999027252197,2.0322999954223633
2026-02-27,72.4800033569336,67.0199966430664,2.6709001064300537,2.8589999675750732,2.077899932861328
2026-03-02,77.73999786376953,71.2300033569336,2.900399923324585,2.9600000381469727,2.3705999851226807
2026-03-03,81.4000015258789,74.55999755859375,3.1868999004364014,3.053999900817871,2.45740008354187
2026-03-04,81.4000015258789,74.66000366210938,3.293800115585327,2.9170000553131104,2.514899969100952
2026-03-05,85.41000366210938,81.01000213623047,3.614300012588501,3.003000020980835,2.6709001064300537
2026-03-06,92.69000244140625,90.9000015258789,3.6224000453948975,3.186000108718872,2.7465999126434326
2026-03-09,98.95999908447266,94.7699966430664,3.5866000652313232,3.119999885559082,2.8083999156951904
2026-03-10,87.80000305175781,83.44999694824219,3.34660005569458,3.0199999809265137,2.6403000354766846
2026-03-11,91.9800033569336,87.25,3.678800106048584,3.2090001106262207,2.788300037384033
2026-03-12,100.45999908447266,95.7300033569336,3.898900032043457,3.2330000400543213,2.964600086212158
2026-03-13,103.13999938964844,98.70999908447266,4.014699935913086,3.13100004196167,3.0413999557495117
2026-03-16,100.20999908447266,93.5,3.8375000953674316,3.0230000019073486,3.0002999305725098
2026-03-17,103.41999816894531,96.20999908447266,4.0157999992370605,3.0329999923706055,3.1233999729156494
2026-03-18,107.37999725341797,96.31999969482422,4.197800159454346,3.065000057220459,3.0985000133514404
2026-03-19,108.6500015258789,96.13999938964844,4.3420000076293945,3.1659998893737793,3.1270999908447266
2026-03-20,112.19000244140625,98.31999969482422,4.608399868011475,3.0950000286102295,3.2862000465393066
2026-03-23,99.94000244140625,88.12999725341797,4.056000232696533,2.8910000324249268,2.974900007247925
2026-03-24,104.48999786376953,92.3499984741211,4.290900230407715,2.943000078201294,3.1480000019073486
2026-03-25,102.22000122070312,90.31999969482422,4.00629997253418,2.9519999027252197,3.012399911880493
2026-03-26,108.01000213623047,94.4800033569336,4.273399829864502,2.999000072479248,3.130199909210205
2026-03-27,112.56999969482422,99.63999938964844,4.495500087738037,3.0950000286102295,3.2500998973846436
2026-03-30,112.77999877929688,102.87999725341797,4.364299774169922,2.88700008392334,3.3515000343322754
2026-03-31,118.3499984741211,101.37999725341797,4.163400173187256,2.884000062942505,3.312299966812134
2026-04-01,101.16000366210938,100.12000274658203,4.05679988861084,2.819000005722046,3.091399908065796
2026-04-02,109.02999877929688,111.54000091552734,4.361100196838379,2.799999952316284,3.2880001068115234
2026-04-06,109.7699966430664,112.41000366210938,4.328400135040283,2.811000108718872,3.308199882507324
2026-04-07,109.2699966430664,112.94999694824219,4.477399826049805,2.869999885559082,3.3052000999450684
2026-04-08,94.75,94.41000366210938,3.8083999156951904,2.7239999771118164,3.0058999061584473
2026-04-09,95.91999816894531,97.87000274658203,3.937000036239624,2.6700000762939453,3.000699996948242
2026-04-10,95.19999694824219,96.56999969482422,3.7616000175476074,2.6480000019073486,3.0373001098632812
2026-04-13,99.36000061035156,99.08000183105469,3.8341000080108643,2.627000093460083,3.115999937057495
2026-04-14,94.79000091552734,91.27999877929688,3.624300003051758,2.5989999771118164,3.0394999980926514
2026-04-15,94.93000030517578,91.29000091552734,3.753200054168701,2.609999895095825,3.069200038909912
2026-04-16,99.38999938964844,94.69000244140625,3.832900047302246,2.6470000743865967,3.1637001037597656
2026-04-17,90.37999725341797,83.8499984741211,3.39739990234375,2.6740000247955322,3.0048000812530518
2026-04-20,95.4800033569336,89.61000061035156,3.5408999919891357,2.688999891281128,3.11680006980896
2026-04-21,98.4800033569336,92.12999725341797,3.728800058364868,2.697000026702881,3.2098000049591064
2026-04-22,101.91000366210938,92.95999908447266,3.9379000663757324,2.7219998836517334,3.3578999042510986
2026-04-23,105.06999969482422,95.8499984741211,3.9881999492645264,2.614000082015991,3.462100028991699
2026-04-24,105.33000183105469,94.4000015258789,3.887399911880493,2.5230000019073486,3.462599992752075
2026-04-27,108.2300033569336,96.37000274658203,3.9746999740600586,2.549999952316284,3.490999937057495
2026-04-28,111.26000213623047,99.93000030517578,3.9711999893188477,2.559000015258789,3.5604000091552734
2026-04-29,118.02999877929688,106.87999725341797,4.198699951171875,2.6470000743865967,3.7411000728607178
2026-04-30,114.01000213623047,105.06999969482422,4.138400077819824,2.7669999599456787,3.7715001106262207
2026-05-01,108.16999816894531,101.94000244140625,3.9463999271392822,2.7799999713897705,3.5952000617980957
2026-05-04,114.44000244140625,106.41999816894531,4.073200225830078,2.867000102996826,3.7381999492645264
2026-05-05,109.87000274658203,102.2699966430664,4.030200004577637,2.7880001068115234,3.6205999851226807
2026-05-06,101.2699966430664,95.08000183105469,3.785599946975708,2.7300000190734863,3.4593000411987305
2026-05-07,100.05999755859375,94.80999755859375,3.8166000843048096,2.7690000534057617,3.4560000896453857
2026-05-08,101.29000091552734,95.41999816894531,3.8991000652313232,2.756999969482422,3.526700019836426
2026-05-11,104.20999908447266,98.06999969482422,3.968600034713745,2.9100000858306885,3.5998001098632812
2026-05-12,107.7699966430664,102.18000030517578,4.15880012512207,2.8429999351501465,3.697700023651123
2026-05-13,105.62999725341797,101.0199966430664,3.9667000770568848,2.864000082015991,3.6187000274658203
2026-05-14,105.72000122070312,101.16999816894531,3.905600070953369,2.8940000534057617,3.6057000160217285
2026-05-15,109.26000213623047,105.41999816894531,4.053400039672852,2.9600000381469727,3.701900005340576
2026-05-18,112.0999984741211,108.66000366210938,4.114500045776367,3.0239999294281006,3.760699987411499
2026-05-19,111.27999877929688,107.7699966430664,4.162499904632568,3.114000082015991,3.696199893951416
2026-05-20,105.0199966430664,98.26000213623047,3.9470999240875244,3.003999948501587,3.4874000549316406
2026-05-21,102.58000183105469,96.3499984741211,3.8315999507904053,3.0179998874664307,3.3796000480651855
2026-05-22,103.54000091552734,96.5999984741211,3.8877999782562256,2.9070000648498535,3.453900098800659
2026-05-26,99.58000183105469,93.88999938964844,3.714600086212158,2.8940000534057617,3.2204999923706055
2026-05-27,94.29000091552734,88.68000030517578,3.5975000858306885,3.0399999618530273,3.133699893951416
2026-05-28,93.70999908447266,88.9000015258789,3.6187000274658203,3.2850000858306885,3.1851999759674072
2026-05-29,92.05000305175781,87.36000061035156,3.5373001098632812,3.2899999618530273,3.126699924468994
2026-06-01,94.9800033569336,92.16000366210938,3.639400005340576,3.178999900817871,3.084700107574463
2026-06-02,96.0,93.76000213623047,3.698699951171875,3.1670000553131104,3.1442999839782715
2026-06-03,97.80999755859375,96.0199966430664,3.848099946975708,3.2139999866485596,3.1315999031066895
2026-06-04,95.02999877929688,93.04000091552734,3.673799991607666,3.3359999656677246,3.038300037384033
2026-06-05,93.08999633789062,90.54000091552734,3.587399959564209,3.2290000915527344,3.0459001064300537
2026-06-08,94.25,91.30000305175781,3.599900007247925,3.1470000743865967,3.0706000328063965
2026-06-09,91.44999694824219,88.19999694824219,3.541800022125244,3.140000104904175,3.0211000442504883
2026-06-10,93.0999984741211,90.02999877929688,3.612600088119507,3.184999942779541,3.1098999977111816
2026-06-11,90.37999725341797,87.70999908447266,3.5130999088287354,3.0869998931884766,3.1013998985290527
2026-06-12,87.33000183105469,84.87999725341797,3.404400110244751,3.119999885559082,3.049799919128418
2026-06-15,83.16999816894531,80.75,3.2664999961853027,3.1470000743865967,2.947200059890747
2026-06-16,78.95999908447266,76.05000305175781,3.1702001094818115,3.239000082015991,2.880500078201294
2026-06-17,79.55000305175781,76.79000091552734,3.1946001052856445,3.1449999809265137,2.909600019454956
2026-06-18,79.8499984741211,76.5999984741211,3.1273000240325928,3.2330000400543213,2.9948999881744385
2026-06-22,77.9000015258789,74.81999969482422,3.093100070953369,3.253000020980835,2.986999988555908
2026-06-23,77.08000183105469,73.20999908447266,3.154599905014038,3.1470000743865967,2.9590001106262207
2026-06-24,73.73999786376953,70.33999633789062,3.1761999130249023,3.2209999561309814,2.8817999362945557
2026-06-25,75.26000213623047,71.91999816894531,3.2981998920440674,3.3429999351501465,3.0272998809814453
2026-06-26,71.98999786376953,69.2300033569336,3.208199977874756,3.2309999465942383,2.9570999145507812
2026-06-29,73.1500015258789,70.75,3.331700086593628,3.180999994277954,3.0613999366760254
2026-06-30,72.91999816894531,69.5,3.316800117492676,3.2750000953674316,3.014400005340576
2026-07-01,71.56999969482422,68.58000183105469,3.217900037765503,3.2200000286102295,2.945199966430664
2026-07-02,71.80000305175781,68.69000244140625,3.1821999549865723,3.196000099182129,2.91729998588562
2026-07-06,71.98999786376953,68.55000305175781,3.2983999252319336,3.244999885559082,3.0032999515533447
2026-07-07,74.16000366210938,70.44000244140625,3.3017001152038574,3.265000104904175,2.953900098800659
2026-07-08,78.0199966430664,73.5199966430664,3.6575000286102295,3.2119998931884766,3.1033999919891357
2026-07-09,76.30000305175781,72.08000183105469,3.5715999603271484,3.01200008392334,3.0387001037597656
2026-07-10,76.01000213623047,71.41000366210938,3.553299903869629,2.940000057220459,2.984600067138672
2026-07-13,83.30000305175781,78.13999938964844,3.8236000537872314,2.8970000743865967,3.166300058364868
2026-07-14,84.7300033569336,79.33999633789062,4.0142998695373535,2.9040000438690186,3.227299928665161
2026-07-15,84.94999694824219,79.5999984741211,3.9482998847961426,2.9240000247955322,3.3008999824523926
2026-07-16,84.2300033569336,78.94999694824219,4.030700206756592,2.8580000400543213,3.2846999168395996
2026-07-17,88.0999984741211,82.48999786376953,4.064599990844727,2.9110000133514404,3.392699956893921
2026-07-20,89.22000122070312,83.2300033569336,4.11899995803833,2.859999895095825,3.3889999389648438
2026-07-21,91.01000213623047,84.91000366210938,4.1265997886657715,2.865000009536743,3.405900001525879
2026-07-22,94.06999969482422,86.83000183105469,4.148799896240234,2.924999952316284,3.4147000312805176
2026-07-23,100.69000244140625,92.19000244140625,4.341599941253662,2.9159998893737793,3.4964001178741455
2026-07-24,96.77999877929688,89.30999755859375,4.180600166320801,2.871000051498413,3.395900011062622
2026-07-27,88.36000061035156,82.61000061035156,4.111599922180176,2.7669999599456787,3.3273000717163086
2026-07-28,84.08999633789062,79.26000213623047,4.150899887084961,2.6619999408721924,3.3345000743865967
2026-07-29,90.73999786376953,84.45999908447266,4.370100021362305,2.7249999046325684,3.3977999687194824
2026-07-30,89.02999877929688,83.58999633789062,4.209400177001953,2.757999897003174,3.2846999168395996
2026-07-31,90.12000274658203,84.66999816894531,4.121500015258789,2.746999979019165,3.22160005569458
2026-08-03,83.7699966430664,80.33999633789062,3.87719988822937,2.7809998989105225,2.9667000770568848
2026-08-04,79.36000061035156,75.7699966430664,3.7704999446868896,2.681999921798706,2.8522000312805176
2026-08-05,79.44999694824219,75.22000122070312,3.7962000370025635,2.687999963760376,2.8387999534606934
2026-08-06,82.48999786376953,77.29000091552734,3.881999969482422,2.640000104904175,2.938499927520752
2026-08-07,83.55000305175781,78.18000030517578,3.902400016784668,2.6619999408721924,2.985300064086914
2026-08-10,87.72000122070312,82.12999725341797,4.189799785614014,2.7939999103546143,3.1354000568389893
2026-08-11,88.91000366210938,83.19999694824219,4.252500057220459,2.7669999599456787,3.1366000175476074
2026-08-12,88.9800033569336,83.2699966430664,4.303999900817871,2.803999900817871,3.153700113296509
2026-08-13,87.06999969482422,81.25,4.2505998611450195,2.7269999980926514,3.128000020980835
2026-08-14,88.5199966430664,82.4000015258789,4.282899856567383,2.7330000400543213,3.1840999126434326
2026-08-17,90.87000274658203,84.5,4.437099933624268,2.690000057220459,3.2701001167297363
2026-08-18,91.0199966430664,84.94000244140625,4.450099945068359,2.7760000228881836,3.3017001152038574
2026-08-19,91.62000274658203,85.83000183105469,4.452300071716309,2.813999891281128,3.2551000118255615
2026-08-20,93.77999877929688,87.83000183105469,4.480299949645996,2.7330000400543213,3.2629001140594482
2026-08-21,94.38999938964844,87.05999755859375,4.494800090789795,2.7730000019073486,3.347899913787842
2026-08-24,92.16999816894531,85.01000213623047,4.2677001953125,2.7820000648498535,3.2708001136779785
2026-08-25,88.58000183105469,82.36000061035156,4.243800163269043,2.7699999809265137,3.2528998851776123
2026-08-26,87.83999633789062,82.2300033569336,4.260000228881836,2.8420000076293945,3.3201000690460205
2026-08-27,89.69999694824219,83.52999877929688,4.27869987487793,2.9070000648498535,3.384200096130371
2026-08-28,89.30999755859375,83.4000015258789,4.3566999435424805,2.888000011444092,3.4899001121520996
2026-08-31,90.48999786376953,85.76000213623047,4.495299816131592,2.934999942779541,3.437000036239624
2026-09-01,94.6500015258789,90.22000122070312,4.677299976348877,2.9040000438690186,3.1350998878479004
2026-09-02,95.62999725341797,91.01000213623047,4.682199954986572,2.9560000896453857,3.103800058364868
2026-09-03,95.5199966430664,91.30000305175781,4.593599796295166,2.9130001068115234,3.1349000930786133
2026-09-04,96.27999877929688,91.4800033569336,4.540200233459473,2.9749999046325684,3.214600086212158
2026-09-08,97.91999816894531,93.02999877929688,4.567800045013428,2.9159998893737793,3.252500057220459
2026-09-09,101.20999908447266,96.05000305175781,4.801000118255615,2.822000026702881,3.210599899291992
2026-09-10,107.62999725341797,102.4800033569336,5.057499885559082,2.8340001106262207,3.393199920654297
2026-09-11,104.61000061035156,100.05000305175781,4.9593000411987305,2.8310000896453857,3.3071999549865723
2026-09-14,105.68000030517578,101.38999938964844,4.96150016784668,2.8959999084472656,3.3171000480651855
2026-09-15,108.75,105.83000183105469,5.26200008392334,2.9189999103546143,3.4651999473571777
2026-09-16,105.83000183105469,102.43000030517578,5.246500015258789,2.8910000324249268,3.484999895095825
2026-09-17,104.81999969482422,101.91000366210938,5.113900184631348,2.9010000228881836,3.5072999000549316
2026-09-18,103.87000274658203,100.30000305175781,5.057799816131592,2.9119999408721924,3.527600049972534
2026-09-21,100.33999633789062,95.77999877929688,4.889500141143799,2.8359999656677246,3.469899892807007
2026-09-22,99.25,94.58999633789062,4.9421000480651855,2.9649999141693115,3.487499952316284
2026-09-23,103.08000183105469,92.16000366210938,4.776400089263916,3.0230000019073486,3.5869998931884766
2026-09-24,106.5999984741211,94.61000061035156,4.730299949645996,3.296999931335449,3.5645999908447266
2026-09-25,104.31999969482422,92.41000366210938,4.684700012207031,3.196000099182129,3.393399953842163
2026-09-28,105.27999877929688,92.5999984741211,4.755300045013428,3.0,3.3376998901367188
2026-09-29,102.58999633789062,89.37999725341797,4.897900104522705,3.010999917984009,3.2781999111175537
2026-09-30,103.52999877929688,90.41999816894531,4.956900119781494,3.0260000228881836,3.4377999305725098
2026-10-01,102.30999755859375,92.87000274658203,4.642000198364258,2.9670000076293945,3.402600049972534
2026-10-02,102.25,91.11000061035156,4.501100063323975,3.0350000858306885,3.3124001026153564
2026-10-05,100.31999969482422,89.43000030517578,4.545199871063232,3.065999984741211,3.2462000846862793
2026-10-06,100.58000183105469,89.44000244140625,4.569399833679199,3.114000082015991,3.273200035095215
2026-10-07,100.19999694824219,88.27999877929688,4.622700214385986,3.203000068664551,3.2342000007629395
2026-10-08,104.27999877929688,91.48999786376953,4.882900238037109,3.1679999828338623,3.315999984741211
2026-10-09,104.04000091552734,91.54000091552734,4.776100158691406,3.197999954223633,3.1359000205993652
