Date,BZ=F,CL=F,HO=F,NG=F,RB=F
2018-01-03,0.019077612271119593,0.020871329443820752,0.014380171319925639,-0.01570683814288465,0.0194543526332569
2018-01-04,0.0033903798547985087,0.006165783657832158,-0.005268273989983863,-0.04255312065993755,0.005174136823665965
2018-01-05,-0.006610796977517874,-0.009192061123250883,-0.008810697590755479,-0.029513900961588457,-0.011568058429245576
2018-01-08,0.002366105090448656,0.004720067089996283,-0.006460475002704191,0.014311256086284585,0.0033598622624693153
2018-01-09,0.015343773004684813,0.01992547466964978,0.01016921611991295,0.03104058481259364,0.02477953799648036
2018-01-10,0.005521610797777354,0.009688701067691152,0.007017666537314504,-0.005816010194494292,-0.001906102136691179
2018-01-11,0.0008671270322910818,0.0036180516492130277,-0.0019224052742449205,0.0612526558526143,0.0023462641186611233
2018-01-12,0.00880740097512156,0.007837050480822283,0.003996757406251161,0.03761346721675074,0.006804533690835779
2018-01-16,-0.010304868933733502,-0.008864750893754492,-0.010359715882816478,-0.022187530663795307,-0.006001586879049725
2018-01-17,0.0033260408165427524,0.0037659137014074417,0.0027623693357246015,0.03291791809754008,0.010879014827044342
2018-01-18,-0.0010089319342077019,-0.0003126537030172516,-0.0035763364680770904,-0.01330452343912003,0.01350623812132734
2018-01-19,-0.010099509059287137,-0.009069614138156656,-0.0016007129081734295,-0.0012542955904523145,-0.01056541786258347
2018-01-22,0.006121529882072929,0.001893683897817633,-0.0007286685496299405,0.01224490895853525,0.008853829173012695
2018-01-23,0.0134724079620685,0.01543549403572797,0.01419615766945359,0.06823822275808888,0.015211944744107475
2018-01-24,0.00814750860896929,0.01768263328778019,0.009587258498483076,0.018873419602922326,0.004034141810527192
2018-01-25,-0.001559628700629645,-0.0015241346317761417,0.004415741489563141,-0.0176688615353382,-0.0005217739218538187
2018-01-26,0.0014200294905033495,0.00961681014920246,0.009738035989550253,0.01682625102661084,0.011642479184741372
2018-01-29,-0.01503116291906359,-0.008769305056048449,-0.0146067103447437,0.03594862294058743,-0.00144500580327811
2018-01-30,-0.006334616285714967,-0.016168358725858534,-0.015725907438811526,-0.12007714229695254,-0.020414490240290295
2018-01-31,0.00043474949508603977,0.0035659435183503785,-0.0012067659914332118,-0.06259782530909908,0.006383866733149723
2018-02-01,0.0004344500792330397,0.01653019680725243,0.01024547711022672,-0.04641066586848852,-0.006133700637511952
2018-02-02,-0.007237984753139193,-0.005319241448063616,-0.017652144963150818,-0.003501397286502672,-0.01255407507066375
2018-02-05,-0.013998236495204375,-0.01986242143588357,-0.016508411758361152,-0.03478565658391741,-0.013568335261356812
2018-02-06,-0.011239309455202351,-0.01184726606629738,-0.017082533725204296,0.0043684324772454985,-0.02241962185105051
2018-02-07,-0.02019142180372757,-0.025240550394805217,-0.027101902172118053,-0.020659716896306968,-0.02171501702258749
2018-02-08,-0.010685461071746505,-0.010357653020969804,-0.005177854416777206,-0.0018504353080457392,-0.0005662778661834622
2018-02-09,-0.03116797900262469,-0.03188880971841357,-0.03445584556413084,-0.04189837410376451,-0.03671389493359167
2018-02-12,-0.003185232680734007,0.001520272828176017,-0.00873271807520859,-0.012383925495304426,-0.012763148973542915
2018-02-13,0.0020770261670923773,-0.0016866636409879066,-0.0010875927366152949,0.016457701629990718,0.0040511981332187474
2018-02-14,0.02614794894339223,0.023821589459808834,0.02585879166727767,-0.002698615122667447,0.016436282376272038
2018-02-15,-0.00046610905861377283,0.0122112491270574,0.0038208462277984356,-0.002705825191896105,0.013309963766779509
2018-02-16,0.007927786294415151,0.005542878248159688,0.009938686874015001,-0.008527068456814502,0.008699160068308842
2018-02-20,0.006323314084917486,0.003566816141611806,0.009055700077819306,0.0226739043510924,-0.00034266968072549364
2018-02-21,0.002605335922533536,-0.0035541391806128697,0.0023862264636329567,0.01643730270201349,0.003999296853870682
2018-02-22,0.014827289022511403,0.017671857120539425,0.010557391503535518,-0.009401977323065913,0.004780039427998872
2018-02-23,0.013857481208062072,0.01242629876706336,0.00855227593162211,-0.003416880306544412,0.024239717548854012
2018-02-26,0.002822796735965527,0.005664840514138403,0.008378184107345366,0.005333310081845344,0.01006354444901314
2018-02-27,-0.012888929578993014,-0.01408232714798463,-0.011531287980739657,0.0166730389506764,-0.012755204924211005
2018-02-28,-0.01275699398407959,-0.0217425641704323,-0.025165608600752565,-0.005963485613754149,-0.025341062568944972
2018-03-01,-0.0010641486184741478,-0.010545063556421708,-0.014684371970865473,0.01162350891173225,0.0789099454066613
2018-03-02,-0.020392578854977805,0.004262966295752735,-0.0031290937691252907,-0.0011119425617996948,0.0026365720828989136
2018-03-05,0.018176139801507674,0.02155101542570148,0.009097667643291452,0.003339541063244189,0.017618636724449077
2018-03-06,0.0038144643959070468,0.0004794434943773407,0.003479739669088877,0.016642040073013842,-0.0009303117628742807
2018-03-07,-0.022039892954227036,-0.02316289111159675,-0.015079069710343895,0.01018547733410391,-0.011794510834904126
2018-03-08,-0.011345908751772216,-0.016843868655640803,-0.008268466994397872,-0.007562084559696647,-0.022300180757799937
2018-03-09,0.029555057937100893,0.03193616130662136,0.014792121786227241,-0.00870824711998841,0.019596291740245686
2018-03-12,-0.008245547917876572,-0.010960675292407851,-0.011608214560037688,0.016837482401140358,-0.005408770243137351
2018-03-13,-0.004772864867734872,-0.010593245101259807,0.004933821166371644,0.00287973242193007,-0.004065515006774878
2018-03-14,0.0038675742939446867,0.004117937798881366,0.007044092549766345,-0.01974158883475363,0.02014525168403747
2018-03-15,0.0035445116211587635,0.003772958426682571,0.003073503699461355,-0.01830829487149488,0.0002598778679334668
2018-03-16,0.016738272296031642,0.01879394593378758,0.009984699091795113,0.002610954680105193,0.010962138726587467
2018-03-19,-0.0024164935044134195,-0.0044914786431108356,-0.002510765344454491,-0.013764859141006558,-0.010791874629978881
2018-03-20,0.02074178734123522,0.021592009715368565,0.02228632421864618,0.009053160777401148,0.021299749703230786
2018-03-21,0.030406453684866497,0.027917927452161262,0.02780202831292522,-0.01383175384364177,0.023551642564466624
2018-03-22,-0.008060998254695084,-0.01334962623341096,-0.0056894666156283025,-0.007960541454194225,-0.0012922139311941638
2018-03-23,0.022347891514909124,0.024572225920243662,0.013100396442832674,-0.009935048477227815,0.011942759132804515
2018-03-26,-0.004684091071041396,-0.005009019663294478,-0.0016844277723632173,0.010420667531512828,-0.0114083566317843
2018-03-27,-0.00014264312376910393,-0.004576705382010937,0.0036723558582281157,0.02788386301477641,0.001541941045481554
2018-03-28,-0.008272740350954266,-0.013333375426544558,-0.00375782782556211,0.002601252144969868,-0.0009436094761646752
2018-03-29,0.010642857425015029,0.008698434480882922,0.006749986154966914,0.012972604308572055,0.0031318216739031346
2018-04-02,-0.037427029729017014,-0.029719803623574514,-0.023762518915160125,-0.018294896298388097,-0.025670257615889813
2018-04-03,0.007096442360510435,0.007935248584653998,0.007473968344823501,0.005218016588529606,0.004068977317553957
2018-04-04,-0.0014680871914768412,-0.00220436771135879,-0.00887215882286474,0.007786395342731289,0.001367697283645386
2018-04-05,0.0045575595896458765,0.002682688756635576,-0.00040459895959410463,-0.015820450279549703,0.0024282078805495377
2018-04-06,-0.01785454687561061,-0.023292406687307143,-0.009461170401790508,0.00971963489781369,-0.013574915420722311
2018-04-09,0.022947413224874813,0.021914224388651204,0.019818163518146248,-0.002961827869905176,0.015091833904446572
2018-04-10,0.034814265644953934,0.032954967323044926,0.03415806425515533,-0.013739390351404923,0.02857574397963658
2018-04-11,0.014358060668935968,0.019996909111215766,0.013512194992401527,0.007153634837695488,0.013082473389792515
2018-04-12,-0.000555105701950942,0.003741394809065879,-0.004252844229853392,0.004112208074270374,-0.006287488571164013
2018-04-13,0.007775690281737857,0.0047711301070560985,0.007870169772831836,0.01824265986360074,0.005256441542946355
2018-04-16,-0.015982414340654505,-0.017361599340287803,-0.0142366614949897,0.006215794887137305,-0.012346190629828446
2018-04-17,0.0022403201653811156,0.0045302841563448215,-0.006375908795886676,-0.005087273585743346,0.0006372165558024001
2018-04-18,0.02654374793623715,0.029314562177446657,0.01652808270833117,0.0003652907121940441,0.01327654675694312
2018-04-19,0.0040826811194609736,-0.0026288929745389433,0.008751401967617367,-0.028842641044083628,0.004399729385749618
2018-04-20,0.0037950499312755515,0.0013178552743313698,0.00644727048934346,0.029699245727893286,0.008905405757463347
2018-04-23,0.00877668845944335,0.003802312762120952,0.008431460607532859,0.00036507027776933043,0.013263917153783389
2018-04-24,-0.0113773053746129,-0.013694674384685523,-0.006212313820738946,0.014963463223020668,-0.01356124310871254
2018-04-25,0.001895469651929771,0.005169957448937668,0.003948093418936649,0.0017979556356246817,-0.0024821755101803733
2018-04-26,0.009999971132020669,0.0020573017394569515,0.011236034067515943,0.012562844818003072,0.010814918748631497
2018-04-27,-0.0013379512574158703,-0.0013198997516167266,-0.0042130548074621466,-0.017724278261939563,0.006911915489002496
2018-04-30,0.007100733971473927,0.006901633351456438,0.007671206030730016,-0.0028870073141419317,0.0010813973757028972
2018-05-01,0.0,-0.019250396685124294,-0.03123554159653119,0.014115104658248612,-0.019537849565623988
2018-05-02,-0.02407872293046709,0.010111528701498562,0.010382455335548268,-0.01713065542134229,-0.0037363969443225953
2018-05-03,0.003544194848245086,0.007360518147412787,-0.0041480224800116705,-0.010166985640258197,0.003702377754873698
2018-05-04,0.01697908113780988,0.01885139426822091,0.019548472877474188,-0.005502606205372462,0.012694603802590576
2018-05-07,0.017363368167134574,0.014486547885064427,0.014391781930904957,0.011066016882955276,0.009460728548052355
2018-05-08,-0.017329653755491226,-0.0236109956041185,-0.012494225032663842,-0.0032834092413687177,-0.010590521688660481
2018-05-09,0.031529734915993535,0.03011876490858434,0.027946364937210255,0.0018301155989712825,0.026475371711793372
2018-05-10,0.0033674671585737226,0.00309251086014406,0.0021641485091958845,0.028132956904338924,0.010012414311275197
2018-05-11,-0.004517858120641982,-0.009248930163456737,-0.00035996614430455764,-0.0028428917243247254,-9.127216957971473e-05
2018-05-14,0.014393160928676929,0.003677540982368166,0.01242126526450349,0.012829655532734296,0.005208325958093951
2018-05-15,0.0025565248582397615,0.004932334817316475,-0.00026665236607337217,-0.0021112040624781114,0.002090632432294237
2018-05-16,0.010837670162102464,0.002524194521642986,0.008981775661799807,-0.007404763293895611,0.02045546731525283
2018-05-17,0.0002523243285690313,0.0,0.005111941259010155,0.015630518458340514,-0.0030224340650636394
2018-05-18,-0.009962180140292376,-0.002937461053962087,-0.0067081878192237765,-0.0041973011750391365,-0.004368934773474664
2018-05-21,0.009043422050106109,0.01346800085456068,0.0036635741885349127,-0.012996116046458672,0.010388230600613557
2018-05-22,0.004418056914011093,-0.0015227105980678557,0.0027267461660931414,0.034875463198097645,0.006071353138751734
2018-05-23,0.0028905788339290694,-0.004020531354083756,0.004210493073678823,0.0020632881627962174,-0.004449002820757886
2018-05-24,-0.012656667889791806,-0.01572936123358315,-0.010001689006607917,0.008922451126237352,-0.01163663323116948
2018-05-25,-0.029826100353020468,-0.04002265404746885,-0.025102582466457912,-0.00034019248975003524,-0.0234577291040593
2018-05-29,-0.013736303221113522,-0.016941572525276838,-0.010815472888868638,-0.021776078138345922,-0.01709916055109295
2018-05-30,0.027987805112534403,0.022178864874660364,0.020952454912994467,0.003478257552437247,0.018702531867260896
2018-05-31,0.0011612430695564502,-0.017152883516335482,-0.018057934957675048,0.023223539855611763,-0.010942235836160719
2018-06-01,0.0,-0.01834730519296146,-0.006890573120650445,0.0033875307563611123,-0.007823016448045506
2018-06-04,-0.02964293763267123,-0.01610693812364883,-0.010936053910226784,-0.010803452932210522,-0.009797475459315086
2018-06-05,0.0011953292176420938,0.01189184004735755,-0.00506388898211485,-0.013651863802616737,-0.007632899201987509
2018-06-06,-0.0002652778428630098,-0.012057285204644663,-0.007004047082105336,0.002076056513945934,-0.01718737388984859
2018-06-07,0.026008480209638307,0.01884742048569521,0.025063436090850155,0.011740386527900881,0.021642533599456115
2018-06-08,-0.011122615283832293,-0.003184216742837198,-0.007156276225196878,-0.013651863802616737,0.0002364118431847917
2018-06-11,0.0,0.005476127503039718,-0.0016633009214195305,0.0204151469545244,-0.0049165873083947265
2018-06-12,-0.007585689746267277,0.0039334665995833795,0.0005090132194474073,-0.003390976895306541,-0.0071261662394561665
2018-06-13,0.0113336932193,0.004219390848727578,0.010778134838296038,0.008166100283936384,0.016890768036600834
2018-06-14,-0.010424751689248835,0.003751500634599836,-0.012081867335357432,0.0006749426262557812,-0.016092580719530014
2018-06-15,-0.032920725831276476,-0.027358377152831737,-0.03321447930937138,0.019224337897916888,-0.03242469747294563
2018-06-18,0.025871375726059798,0.012142652093029449,0.02137039396301743,-0.023494406828080683,0.015519950939886673
2018-06-19,-0.003450949289536598,-0.011845084242536608,-0.004597465622468655,-0.017282236619979074,-0.008128117088517572
2018-06-20,-0.004528555660537115,0.017673298467379306,-0.006928049904971867,0.022068927302231423,-0.0070661001744121155
2018-06-21,-0.022611651864000826,-0.010268805385693414,-0.017559651036036295,0.00371117342562699,-0.005534940134372168
2018-06-22,0.034223133409435835,0.046383901023216545,0.02671368314827216,-0.010084024319817808,0.02892207031162064
2018-06-25,-0.010853734767720002,-0.007290755127591586,-0.011762536269259716,-0.007470233095656864,-0.009176438508730622
2018-06-26,0.02114270213683267,0.03598702823660349,0.013616443481265561,0.005473757603109419,0.011260004079206354
2018-06-27,0.0171668880867466,0.0316177994545519,0.02263979879218425,0.019394407051998463,0.028439224809782893
2018-06-28,0.0029630986781843394,0.009483160964176784,0.0004592722232619195,-0.01869158655386083,-0.00032808255969651867
2018-06-29,0.020423943461138405,0.00953035543527636,0.014277859985838415,-0.005442187793715081,0.021660667171844228
2018-07-02,-0.02693856147885787,-0.002832084695229109,-0.024215786022647623,-0.02120384258340069,-0.03409666811381595
2018-07-03,0.005950828800933561,0.0027048544987631207,0.0038964481738219536,0.002795212101733835,0.00608132760455149
2018-07-05,-0.004758265643226345,-0.016185553791759677,0.006699890154718613,-0.011498255639887267,0.0055251952913455415
2018-07-06,-0.003618022761405104,0.01179052072341813,-0.004727553667982387,0.007402237453820515,-0.009768521359248994
2018-07-09,0.01244973514296377,0.0006774447194564104,0.012589872884109399,-0.010496840787028172,0.018970814218951526
2018-07-10,0.010119135629761189,0.0035206789655057857,0.011886942442602022,-0.014144257737559451,0.0054922275652939945
2018-07-11,-0.06923660971612966,-0.050330634546136954,-0.054460368466037634,0.014705842110124046,-0.04578071516744098
2018-07-12,0.014305114448711187,-0.0007103640851712223,0.010615005979757619,-0.011311440400496031,0.004996681755484289
2018-07-13,0.011820079501471126,0.009668708765417922,0.004851359253141618,-0.016088608859522124,0.01689426354590795
2018-07-16,-0.04632955540066519,-0.04154350780017202,-0.03707691709372063,0.0025435934755442258,-0.04960367309707636
2018-07-17,0.004454445163299292,0.00029392114573201233,0.007691183712285055,-0.006886572298768989,0.011936886114099599
2018-07-18,0.010254958789007063,0.009988253332648966,0.00975798919889348,-0.006934326036361571,0.009032158914973554
2018-07-19,-0.0043895704818417425,0.010180292706438943,-9.569591920211007e-05,0.0176406093526853,-0.0004402417072748577
2018-07-20,0.00675114151843248,0.014396775312131238,0.006841715322451369,-0.00433372469913107,0.012478619913989686
2018-07-23,-0.00013688430644920313,-0.036474591657929434,0.006462702683840638,-0.013057676369216176,0.010826438995553689
2018-07-24,0.005201271496179993,0.009279676816642102,0.006893313653482114,0.004042688930516958,0.0020082154891827297
2018-07-25,0.0066720839798510845,0.011383631741177735,0.008721741736766209,0.015739378134207227,0.013122806849881208
2018-07-26,0.008251056510665933,0.004473269046788131,0.01194675215097063,0.0018017570632469226,0.018463598859373098
2018-07-27,-0.0033539039029971685,-0.01321646546298838,-0.009968260504809145,0.015107933721349553,-0.0001850188944205744
2018-07-30,0.009153322072898984,0.020963673909315306,0.007331105792270476,-0.008858998983299338,-0.0007401022490242104
2018-07-31,-0.009603857662794035,-0.01953508014889771,-0.018010102094986546,-0.005362841206232649,-0.014442407008974256
2018-08-01,0.0,-0.015997650377347683,-0.01618280449531795,-0.008626947263559837,-0.039453340519521984
2018-08-02,-0.010774451875526059,0.01921364694059724,0.01640125254443703,0.021029764287177732,0.011246394896762713
2018-08-03,-0.003267499982861133,-0.006815563035715733,-0.002298517114233678,0.013139183619559791,-0.0012571706570259078
2018-08-06,0.007376054122118836,0.007592411865674942,0.005830152120898546,0.00245354702591416,-0.00019368984346102014
2018-08-07,0.012203410520391866,0.002318447004232782,0.013929760528258672,0.012937126100674767,0.01883692692980099
2018-08-08,-0.031748194214844316,-0.03223934923479943,-0.02461852313702173,0.01794953607959382,-0.040161630565441864
2018-08-09,-0.0029053553959494938,-0.0019421105179416864,-0.0017960558217484657,0.002034602306637101,-0.009705389251530971
2018-08-10,0.01026776560154019,0.012273607615463034,0.013163427975611874,-0.0037224765712390306,0.019651024771319747
2018-08-13,-0.0027468336073110944,-0.0063581298630623895,-0.0012617900035567509,-0.00475541404131552,-0.01201457963702901
2018-08-14,-0.0020658521500896976,-0.002380893452094579,-0.0038839801910650618,0.00989762566835517,0.009629284954884243
2018-08-15,-0.023461178163421748,-0.030280410972170824,-0.017992219223680772,-0.006421106013997591,-0.01804238203373465
2018-08-16,0.009468600179737052,0.006921964827800053,0.002870284164519399,-0.010884375587430162,-0.005006503572637988
2018-08-17,0.005599909340192388,0.006874497157508541,0.0008586435092976519,0.013067437039621765,-0.0032706075990671657
2018-08-20,0.005290230317851474,0.007889494980643397,0.00743492776367316,-0.001697255353896976,0.017264855484692365
2018-08-21,0.005816343640359101,0.013849136906802562,0.004636179888832803,0.013260807390214069,0.0013895031461408358
2018-08-22,0.02960211492748921,0.007572414963400886,0.021049118089274232,-0.008053667541774834,0.02482783505909847
2018-08-23,-0.0006685667715886634,-0.0004420686564553522,0.0032745033294265813,0.0027063250204886202,-0.004255333376144144
2018-08-24,0.014585792706103051,0.013121028536386747,0.012319535253650926,-0.01585692697272678,0.009081140236364638
2018-08-27,0.005143753511186899,0.0021827928290798493,0.005766997203328961,-0.0140555800531027,0.005630758808831793
2018-08-28,-0.003411653842723128,-0.004936894928496693,-0.0015801998802148498,-0.008344899176958465,-0.005216318984329615
2018-08-29,0.015668235539459063,0.014300355674742304,0.01388259378365131,0.015077132841030627,0.013133150584376141
2018-08-30,0.008166933606464477,0.010645919163104534,0.0027652982242010182,-0.007253854433720841,0.01780633618333738
2018-08-31,-0.004500430618859963,-0.00640565050878561,-0.003113449827540804,0.014613714626075192,9.320959222369751e-05
2018-09-04,0.009687419500622463,0.0010028609135204203,0.005978601154340346,-0.031892983085852755,-0.0697391898350066
2018-09-05,-0.011513388089555487,-0.01645915959170563,-0.008959069766753314,-0.009918483309854675,-0.014742749556118429
2018-09-06,-0.009965014578986686,-0.01382428056986873,-0.011367162275724318,-0.008228980779795059,-0.007023628351449207
2018-09-07,0.004313749425551405,-0.0002950663133676201,0.0041193066380649235,0.001442982826207917,0.009738623089305953
2018-09-10,0.007028516239200089,-0.003099617482991257,-0.00018035631658230855,0.010086411274793816,-0.005482235456134021
2018-09-11,0.02184302380791081,0.02531831598005696,0.015420774194977227,0.008559261303710874,0.028072655602894292
2018-09-12,0.008601066609846608,0.01617332486039036,0.002531026968930261,0.0003535811515111842,0.010227425665235934
2018-09-13,-0.019563551547354008,-0.025294960057080096,-0.015148139074162459,-0.004241811219342861,-0.020591722840166526
2018-09-14,-0.0011512403035792707,0.005831776457727145,-0.006431350514983003,-0.017749362397436408,-0.011390471762879217
2018-09-17,-0.0005121435268067298,-0.0011595043359490242,-0.0012674216516714853,0.016985880742973247,0.003349925138717902
2018-09-18,0.012555998580668692,0.013640904978337476,0.013279539310971922,0.04228862866186245,0.014214899955374838
2018-09-19,0.004681801243795025,0.018181879745229557,0.0048754399631874,-0.0085237281348709,0.00788069200728736
2018-09-20,-0.008816178390230411,-0.004499433105542128,-0.008279171972433552,0.023383795866471102,-0.0030187258935534533
2018-09-21,0.001270725633971681,-0.0002825462090207953,-0.0008976010360293163,0.00033599714282250837,0.001240969508908174
2018-09-24,0.030456774156569555,0.018366813706954588,0.026909273807663503,0.020490463136699555,0.01864052363908697
2018-09-25,0.00825130324533041,0.002774652374606612,0.008486758116598603,0.014483182622660795,0.006326963591240409
2018-09-26,-0.00647375584354104,-0.009822898401542601,-0.0023858405446860464,-0.01979237779984211,-0.0044493195897590265
2018-09-27,0.004671808457354043,0.007684826800377742,0.010131390432985166,0.011585596455273572,0.011610411195306813
2018-09-28,0.012236906327243835,0.015668291879973983,0.012354127573383167,-0.01570683814288465,0.009028053910715927
2018-10-01,0.027321108593804544,0.027986389785089605,0.02385412489086769,0.028590494358721408,0.012516634381291691
2018-10-02,-0.0021181489534630726,-0.0009296107833635103,-0.00012466006862743573,0.023270777612110827,-0.0002820679424012651
2018-10-03,0.01757072889325384,0.015685235311996282,0.012294461016144842,0.02021482373215311,0.005124839351341004
2018-10-04,-0.019816885691618435,-0.0272215905165063,-0.015386567365376913,-0.020123856605766877,-0.017494624206344844
2018-10-05,-0.004965691178208331,0.0001344612752554042,-0.0030837338355585997,-0.006951050442893569,-0.006808164985114162
2018-10-08,-0.0029705321901328796,-0.0006725238744436091,0.0007942967698033598,0.03945277662074753,0.0036430805128107036
2018-10-09,0.012990064239299048,0.009018685700477258,0.012363170972962356,-0.0003060690336734728,-0.007785243122733432
2018-10-10,-0.022470631318933787,-0.023879414853116288,-0.011923388136752644,0.0055112943318209595,-0.027438106597919232
2018-10-11,-0.03405938532181185,-0.030066926380980963,-0.02618064679138421,-0.018879426842883462,-0.043407249699439654
2018-10-12,0.0021180932521875917,0.005213401589734934,-0.0046737073853122535,-0.01893230059063733,0.004811917696679435
2018-10-15,0.0043515911077096625,0.006167682422105081,0.0018954959810966177,0.025624830529344278,0.0011843583909987299
2018-10-16,0.00779902070231242,0.0019503955423416652,0.006234640085546417,-0.0009253611614823409,0.01697268499128546
2018-10-17,-0.016705571172754397,-0.030172389101676966,-0.012434809806113,0.025007671866556835,-0.02963640655111488
2018-10-18,-0.009494092532876919,-0.015770587442596296,-0.007009677456626395,-0.03674698237117191,-0.014384703733816173
2018-10-19,0.0061798191210964415,0.006846339552169622,0.0030938626823644455,0.016260177148436306,0.012056458213996368
2018-10-22,0.0006267617513524559,0.0007233133735047304,0.006993887701744361,-0.03446153494027948,-0.0037619533954529327
2018-10-23,-0.042465230012429855,-0.039612518957672704,-0.030067729349192662,0.02358186152788777,-0.03666021676496367
2018-10-24,-0.0035322378837953083,0.005870832272419024,0.0016456226532857166,-0.014321296807091155,-0.007894175794114777
2018-10-25,0.009452556623490427,0.007632477380420832,0.011544790637129543,0.011370819522852571,-0.005158322081619371
2018-10-26,0.009494126189730112,0.0038614956151095114,0.010930143283484517,-0.005309169413531212,0.001158425790291684
2018-10-29,-0.003607400138925354,-0.008137231131272515,-0.008119793587275215,0.0,0.0054545308855167285
2018-10-30,-0.018489691537270758,-0.0128281712202718,-0.01072544352920024,0.000627972840193447,-0.01041155848652997
2018-10-31,-0.005796369650629796,-0.013146006989576686,0.0008850754482243595,0.023219291152471344,-0.02098674980709936
2018-11-01,0.0003974927628416225,-0.02480476178905633,-0.026969717636639245,-0.007359684155692214,-0.029128938129097892
2018-11-02,-0.03536421415821611,-0.008635566791014182,-0.012722591179292309,0.01451959576818429,-0.004777191488936183
2018-11-05,0.004668355476350472,-0.0006335273347167769,0.010815521435286746,0.08617539563763676,-0.009600175405064193
2018-11-06,-0.014213488336107916,-0.014104586547865727,-0.0036425512513637015,-0.003364128343123829,0.0012412026870742832
2018-11-07,-0.0008317975998661797,-0.008680291327349154,0.02230041308965247,0.0,-0.02750884534332909
2018-11-08,-0.019703041139977895,-0.01621534019281945,-0.030754090582439053,-0.0033755509699008313,-0.001881775849344458
2018-11-09,-0.006652529519492911,-0.007911645899505215,0.0020754281512063155,0.04967544993179529,-0.013926890188255436
2018-11-12,-0.000854909637116763,-0.00431962664006158,-0.007916049625473875,0.018553375597336608,0.009436311514298357
2018-11-13,-0.06631490792555006,-0.07074923505549546,-0.04318986263170477,0.08262928102324119,-0.05743262657747272
2018-11-14,0.009928234515953482,0.010055690197529277,0.016193967877012216,0.1794684445643353,0.011603026820118822
2018-11-15,0.007562008155328481,0.0037333170572917407,-0.01040127896736176,-0.16518499152793342,-0.0025631600681431665
2018-11-16,0.002101461781395919,0.0,-0.00019288673272632728,0.05794941133403397,0.013105516918092919
2018-11-19,0.00044935258144018775,0.005313482853793516,0.0061243579932599435,0.10018726351381901,0.003741296947161299
2018-11-20,-0.06378203440389685,-0.05866804289693062,-0.04610812300679834,-0.03765958573603467,-0.05496241695490578
2018-11-21,0.01519271999816496,0.022459306683238145,-0.01004929138099242,-0.01591853938329335,0.00989367749293768
2018-11-23,-0.07372401290050346,-0.07706393587510085,-0.04771088448854266,-0.03212763851309952,-0.07903622519958309
2018-11-26,0.02857143413221186,0.02399847169996905,0.008954293955297121,-0.01392756303564624,0.03687202630093034
2018-11-27,-0.004464293316918999,-0.0013557949520836,-0.0036978179914084475,0.0032956540694704106,-0.015111632483035486
2018-11-28,-0.024082391379962487,-0.024631505506932605,-0.025238616097741473,0.10628814165755385,-0.016117670176550192
2018-11-29,0.012763785252273507,0.02306621249342533,0.002828562011363722,-0.014634197647428127,0.04063238315822337
2018-11-30,-0.013443106362365231,-0.010106908650198476,0.0010305693323309217,-0.007318106018370685,-0.009211492867109983
2018-12-03,0.05075795586282794,0.039662290313365434,0.022758090212268156,-0.05919335736474063,-0.006868863415999016
2018-12-04,0.006321984325297958,0.005665707889290994,0.007099315640801462,0.027195101995781457,0.008383459839484741
2018-12-06,-0.03253866620785428,-0.033051611671985004,-0.022463071239920196,-0.02916752166415637,-0.006928079733619974
2018-12-07,0.026806472841178985,0.02175177501214076,0.01506834454398076,0.037208174180993314,0.03655643342181292
2018-12-10,-0.027566028842501922,-0.030602558290690807,-0.022319983982396763,0.012700570695891145,-0.04502625765477186
2018-12-11,0.00383524324753437,0.012745127958409874,0.0016268212045535968,-0.030363038311897905,0.014729727867769382
2018-12-12,-0.0008305521001144012,-0.009680541824369171,0.002057297646573364,-0.061493057512922555,-0.01347409379662956
2018-12-13,0.02161262184675472,0.02795699437960497,0.013831085291413636,-0.0029013741464113396,0.04069271640820493
2018-12-14,-0.01903990185705917,-0.0262457402065015,-0.016626725890358074,-0.07201749867464946,-0.029698291295834567
2018-12-17,-0.011114767460403852,-0.02578124365536505,-0.010079655037908863,-0.07812902899841578,-0.016663120502535822
2018-12-18,-0.05619866221300818,-0.07297512653774241,-0.03985324472851126,0.0878684616088996,-0.04247025240605573
2018-12-19,0.017419185676699644,0.020761225121661564,0.02936311152616966,-0.02918186212361873,0.02650868603644785
2018-12-20,-0.05048922291406743,-0.027966094777283512,-0.03085192382622859,-0.03837899172746417,-0.04609391573417332
2018-12-21,-0.009751587749339818,-0.006320856773669115,-0.009715928690264164,0.06502931723452288,-0.003100397138940947
2018-12-24,-0.06224449076768124,-0.06712001235028109,-0.04068795325691377,-0.09145701742854817,-0.052719387863060185
2018-12-26,0.07925500105514516,0.08676234534016736,0.04295514827507274,0.021920961937474504,0.06534268755845685
2018-12-27,-0.042408689581835746,-0.034833417737565986,-0.031898936708986136,0.027942415351814853,-0.019843633682681827
2018-12-28,0.000766888720175718,0.016139906093972423,-0.008103433004458371,-0.0930807222341693,0.01702453069342047
2018-12-31,0.03065131131678167,0.0017647918183540945,0.009671369920733364,-0.10990006630678428,-0.001885128340098241
2019-01-02,0.02063198189763038,0.024884410304168547,0.011780144815743299,0.0061224105837087706,0.0014354286743516464
2019-01-03,0.018940100499314827,0.011817774521724278,0.024344322631391968,-0.00439486534387612,0.018029505377682442
2019-01-04,0.019839152729499432,0.018475237397869382,0.015614227238775369,0.033616291801679354,-0.0012596699099486353
2019-01-07,0.004731869107350795,0.011676425854485029,0.005200077487387267,-0.032851480807343014,-0.005193626203613189
2019-01-08,0.02424558425350498,0.02596863787398407,0.027327979729593777,0.007812500632691899,0.01625889112959511
2019-01-09,0.04632148074695297,0.0518280814447849,0.029447173614332245,0.0057296797782153686,0.04608839807329934
2019-01-10,0.0039062774061076055,0.004392657363545993,0.013451736400424519,-0.005026764962663632,0.0037182024236266376
2019-01-11,-0.019455265191345328,-0.019015021812103794,-0.01385031676361137,0.04378574321187645,-0.02096873736885163
2019-01-14,-0.024636208251439973,-0.020934325021522815,-0.014470385905284822,0.15876092501793337,-0.026343917317585785
2019-01-15,0.027970802919708104,0.03167694203102456,0.01063430540333088,-0.025062698574255582,0.034902412366577984
2019-01-16,0.011213725462072777,0.0038380495221050914,0.011964545137799432,-0.033418985147223634,0.0031883460373636208
2019-01-17,-0.002283095080645503,-0.004588064847372397,-0.005436524892599381,0.008569752756979021,0.00995829905964496
2019-01-18,0.024844727855208637,0.033224496876812726,0.016823231532745675,0.020216819092486515,0.01594411801753437
2019-01-22,-0.019138767916072275,-0.022862445347193172,-0.007776601792382598,-0.12693858024000304,-0.035311156095403584
2019-01-23,-0.005853668461000994,0.0009510982946698832,-0.006575165653629145,-0.019736823530408287,-0.011273634953678058
2019-01-24,-0.0008177827536748339,0.009692173063147624,-0.0015884893539463985,0.03993287156935277,0.001371117611402628
2019-01-25,0.009003097654064263,0.010540138289773626,0.0033410970681380103,0.025492093181274766,0.001297247292791015
2019-01-28,-0.027741711573732175,-0.03166319597178191,-0.028648414624779295,-0.08401509194119694,-0.040521119795125404
2019-01-29,0.023193715711167684,0.025389491290802146,0.03254069135160198,0.01339746965077282,0.013352406581755183
2019-01-30,0.005381634584100237,0.017257515386338795,0.00047426134847294854,-0.032542357484488416,0.023243736791476177
2019-01-31,0.0038929092916371033,-0.008113565008723622,-0.010324439041595967,-0.014015486681307032,-0.014179290665497946
2019-02-01,-0.00032316138246746284,0.027328451031528367,0.018043443625612055,-0.028429256146713322,0.054450748463235055
2019-02-04,0.0103442605575772,-0.01266733567687095,-0.0027709755086525734,-0.027066526196786733,-0.0032013696167391137
2019-02-05,-0.008478624116588729,-0.016495628724809475,-0.005190297686356038,0.0007518251793137143,-0.004468330136912946
2019-02-06,0.011455293477193873,0.006522520967505718,0.007747001642983475,0.0,0.023283558431196116
2019-02-07,-0.016908559288788094,-0.025365654035552243,-0.006118562436442931,-0.041697905740827546,-0.02282231647562083
2019-02-08,0.0076261138708468845,0.0015197916410010226,0.004209364248504821,0.012544031731819727,0.014448085975166336
2019-02-11,-0.009500807843558334,-0.005880147308670369,-0.008540719608126524,0.022841663384526756,-0.01880538020913214
2019-02-12,0.014794340306355291,0.013165400280821693,0.007927272883055503,0.017411053940986188,0.005636990227391392
2019-02-13,0.019064442106925483,0.015065971275831647,0.016568791330174193,-0.042038659821475255,0.026555557235370175
2019-02-14,0.015091952134275388,0.009461935196575899,0.016917721671146024,-0.0007767353099205065,0.029622502573198872
2019-02-15,0.026018279589839377,0.02168719552444376,0.024700676825293977,0.02020988989564798,0.04269146683535885
2019-02-19,0.0030188218602593686,0.008994423432767684,-0.012720811276988098,0.014095215570359088,-0.005785542124479348
2019-02-20,0.009480886557500012,0.014797611233722252,0.011882080703479403,-0.009767101226780928,0.021933732044376875
2019-02-21,-0.00014910757241271,0.0007027567957507141,0.008918340664382463,0.023141164877396703,0.01019966381800641
2019-02-22,0.0007455352912677515,0.005266840622936808,-0.0025536067148265174,0.007415639869668089,-0.001982194072631227
2019-02-25,-0.03516091349492301,-0.031086252732695052,-0.02781747638322629,0.04379829138909663,-0.040963248364405125
2019-02-26,0.00694868643295532,0.00036049852070463295,0.012103733697090835,0.006699595781302525,0.02659851503736621
2019-02-27,0.018095389077481983,0.025945921201963706,0.011558678320008564,-0.019614708898015087,0.030069928651027755
2019-02-28,-0.00542251263234228,0.004917502647476368,0.0009398286749759954,0.0046445199460265485,-0.0028763437035934647
2019-03-01,-0.014538832382557265,-0.0248165318655883,-0.011119366705572453,0.016714057869750443,0.06198978178912573
2019-03-04,0.009220815689796602,0.014157722694065011,0.006646767074929283,-0.000699494600974071,0.010807376852659756
2019-03-05,0.0028932914070964877,-0.0005301074256226501,0.0010425411965337972,0.00945045479364448,0.010520339361388631
2019-03-06,0.001973842274722637,-0.0060113179691053675,-9.920312342037718e-05,-0.01490984115651861,0.01222134643497852
2019-03-07,0.004697760236759718,0.007826371703224977,-0.0017359312703658647,0.008799667808490952,0.009167120892477065
2019-03-08,-0.008446533366689435,-0.010412992484588601,-0.006409357351375489,-0.0003488930714278249,-0.002049417248555341
2019-03-11,0.012777669525117163,0.012841113333724286,-0.002800267866222783,-0.03246071024103914,0.0134872505211312
2019-03-12,0.001351702244151154,0.0014086637624186604,-0.00426235082250348,0.004328948478623751,-0.005750248831442151
2019-03-13,0.013199413634038537,0.02444169888790193,0.0032230392767500504,0.012931039650620813,0.02274852034056485
2019-03-14,-0.004737226948443363,0.006007591810880619,-0.003614277731494031,0.012411378247956462,-0.003931505504602084
2019-03-15,-0.0010411972531457758,-0.00153557672156035,-0.00866542050147534,-0.021015741638773178,0.004433657562845195
2019-03-18,0.005658088634565628,0.009740254449170926,0.0006606582810015915,0.019677934467733804,0.013511327385210992
2019-03-19,0.0010364183280329176,-0.0010154234749716329,0.010868448461113456,0.008421111806940162,0.0054705971626947125
2019-03-20,0.013163724029195967,0.013552482945982991,0.008892723316035411,-0.018789192023181522,0.012413483375874002
2019-03-21,-0.009343056783188919,0.0025070651277130374,-0.010457660133199043,0.0003546687812083782,0.001930511296271309
2019-03-22,-0.012231090828019764,-0.01567186785400132,-0.01066884444138616,-0.02410495420436487,0.002916198284597993
2019-03-25,0.0026853693637747256,-0.003726307880955071,0.00737576801734563,0.0007265141463277391,0.00623083484261211
2019-03-26,0.011307873033523874,0.019041124408290644,0.004797024270262851,-0.005444683949575424,0.009185248558972514
2019-03-27,-0.0020597232180981084,-0.008842155346008185,-0.004673598446151672,-0.009853996465314041,-0.03078186529100646
2019-03-28,-0.0001474588819174727,-0.0018515504230615099,-0.004342116817760755,-0.00036865680705244763,-0.008230000793680414
2019-03-29,0.008404595950886051,0.014165264138197742,0.0007099360519540188,-0.018436561314720268,0.008351498920971645
2019-04-01,0.009065693114713946,0.02411042197630997,0.007449100611396142,0.017280242237580845,0.0017409109675252665
2019-04-02,0.00521664395316046,0.01607406520561927,0.010462187373181608,-0.008862603367178257,0.015587984477241967
2019-04-03,-0.0008650019549154564,-0.0019175893747335193,-0.001045343681064792,-0.0026080363050023925,0.011770781158021881
2019-04-04,0.0012985712084185863,-0.005763698617169188,0.003288888645997856,-0.01270084338010391,-0.005791291367981621
2019-04-05,0.013544593535220528,0.015781052834356935,0.014403399388879246,0.00794557236473259,0.014846131284089736
2019-04-08,0.010804693997703119,0.020925803051806025,0.007197500573750126,0.016516482652990216,0.009803415185290376
2019-04-09,-0.006891671930877474,-0.006521769777812825,-0.005930735875545268,-0.003323509278559289,0.005533157841431713
2019-04-10,0.01586181471322412,0.00984684389844892,0.020881242850007364,0.00037056909342458866,0.03511760244172124
2019-04-11,-0.012547072128247905,-0.015941785630193217,-0.00977200966328462,-0.013333338042836096,-0.018509586634364417
2019-04-12,0.010165201215446729,0.004875708550897473,0.0016931041184065077,-0.0015014821509150567,0.0030035645978288006
2019-04-15,-0.0051712471111200475,-0.007669398473165723,-0.004684320181182922,-0.026315853158898173,-0.012371080445848559
2019-04-16,0.007586413503964051,0.010252389751340685,0.010286239940234587,-0.006949763730862424,0.00989156209436226
2019-04-17,-0.0013942899110300777,-0.004527786360763453,-0.006243401752815014,-0.021384162591828737,0.004971268781903682
2019-04-18,0.004886881607077287,0.003764141856724912,0.0008215370370328046,-0.010727036487326091,0.014888841921874674
2019-04-22,0.028761979431907392,0.02656245231628418,0.0159834510402046,0.013654586249452594,0.0277965542406855
2019-04-23,0.006347936451801983,0.00913251341530974,0.006653963096794335,-0.027337562460899245,0.0008450661024383965
2019-04-24,0.000805228249544987,-0.006184067017150796,-0.009112362464676282,0.0028513114867452227,-0.0014542683929383848
2019-04-25,-0.0029502644710134307,-0.010320235414702617,-0.00028593870028648105,0.021121059314516577,0.0016913885695288844
2019-04-26,-0.02958973763809747,-0.029289984269711522,-0.02235357472765276,0.020684187366280637,-0.014774212998435843
2019-04-29,-0.0015246099518391176,0.003159569752764879,0.0018038309701469135,0.010522194298320908,-0.008473813511180595
2019-04-30,0.010549724133424698,0.006456690510426855,0.012798654116691566,-0.006941723068492278,0.019396980000677688
2019-05-01,-0.008516520887248191,-0.00485059261510179,0.006246402155527742,0.01747566487070351,-0.02778825213529046
2019-05-02,-0.019811586299941286,-0.028144609178857638,-0.007831086428048417,-0.011832023001751901,-0.022236154292701094
2019-05-03,0.0014134059946444566,0.0021031750611502087,-0.0036577480586464928,-0.008497518153746886,0.004062790448231102
2019-05-06,0.005504578659813131,0.005004865679111292,-0.0012558953952575003,-0.016751065174744006,-0.014754480628093258
2019-05-07,-0.019090407792435093,-0.013654593961784589,-0.014509562399974252,0.005150559353239492,-0.02399082435974864
2019-05-08,0.007012099490889545,0.011726341825942788,0.009128379790398489,0.028774125315326637,0.013496214568162301
2019-05-09,0.00028416430703326334,-0.006761078173968538,-0.0061277817819545,-0.005747075512830602,0.000202504891956945
2019-05-10,0.0032675573082532328,-0.0006483130475318788,0.0033274300354197983,0.009248527615991486,0.006935308592386447
2019-05-13,-0.005522506010767758,-0.010055123798557553,-0.005852557459004926,0.0007636859458299838,-0.012769555873324512
2019-05-14,0.014381239620661734,0.012123162723958858,0.010056997528208322,0.01449823260065175,0.006620100760591274
2019-05-15,0.007439623739326606,0.0038847795922460904,0.013307968719910246,-0.021812655534727443,0.018212239339356007
2019-05-16,0.011843474199155324,0.013705231664742579,0.017686835700872816,0.014609714479780544,0.02439505152646171
2019-05-17,-0.005645877810555033,-0.001749651856535639,-0.013046320715669024,-0.00303141234869142,-0.007032642692675228
2019-05-20,-0.003323609843683517,0.005417465928631682,-0.010450937085711431,0.01596353274163964,-0.018267965327584124
2019-05-21,0.0029178696805725046,-0.001743213919401465,0.0027970720598751164,-0.022446756084779973,0.004676795096446806
2019-05-22,-0.016486595128497372,-0.024924646256331062,-0.01457157808466214,-0.0267891065790391,-0.013915720277256516
2019-05-23,-0.04549930729308449,-0.05714748333072894,-0.04231124196409164,0.01376330557096006,-0.039122104271490654
2019-05-24,0.013724915523261494,0.012433106934903515,0.004535286655095616,0.007757944295507357,0.011080301688656036
2019-05-28,0.020672559593466255,0.00869858966812398,0.010754294917842966,-0.006158595888958951,0.01147582765879851
2019-05-29,-0.009413830500123122,-0.0055799462252815735,-0.012547039807408011,0.019752083461645586,-0.005877242881057176
2019-05-30,-0.037148946220730616,-0.03774870207215053,-0.026683613875561618,-0.03266235056279643,-0.03423810726139753
2019-05-31,-0.03559151764703872,-0.05460328934893255,-0.03822453726874642,-0.03651352087056581,-0.040775021560915725
2019-06-03,-0.04977514639174818,-0.004672897196261627,-0.019166042400397987,-0.020782347154162384,-0.03368482652336502
2019-06-04,0.011259831187192537,0.004319240229790244,0.008303341291617583,0.005409809569742352,-0.00982023584037961
2019-06-05,-0.02162336818125188,-0.033657428056613536,-0.022783405778420973,-0.01572842306826172,-0.018211324149567387
2019-06-06,0.017153176356729416,0.01760835607659561,0.004662958498691472,-0.02270821646762522,0.008742882864763546
2019-06-07,0.026268895649129487,0.026621059551565907,0.020410432449137206,0.005593808995521199,0.018329789609845104
2019-06-10,-0.015800284176558876,-0.013521084168159003,-0.010138081044024583,0.008558074565337526,-0.004945653477937517
2019-06-11,0.0,0.00018779828287041056,0.008747162072558767,0.017819183236858382,0.015026309683187078
2019-06-12,-0.03724513823607767,-0.039985001873691584,-0.023160138026571797,-0.005418929481665669,-0.03997037381340496
2019-06-13,0.022344507675702507,0.022291736473489143,0.015000854269636932,-0.025565747023090113,0.020046264035601835
2019-06-14,0.011417337017825213,0.00439937925796996,0.012620374759013009,0.026666681706691397,0.007325975335966239
2019-06-17,-0.017255276951888887,-0.011045477716566166,-0.016344132350335605,-0.00041900540601869096,-0.02406926785815411
2019-06-18,0.019691512799173472,0.037935705933488606,0.01572661689400001,-0.024308403735597617,0.01809798428563747
2019-06-19,-0.005149657192908275,-0.002597461973697368,0.0008753188773431564,-0.022336788764012683,0.008190981395622687
2019-06-20,0.042542822167599637,0.053757501759224,0.030009867641453747,-0.03998246010259965,0.029271084125904068
2019-06-21,0.011636928402064983,0.013768733597307126,0.016717073708325536,0.00045774186065128397,0.03907519535095094
2019-06-24,-0.0052146680031369685,0.008183897234992132,-0.0036016040176978237,0.05352235075908385,-0.000646495734290653
2019-06-25,0.002929423984247226,-0.0012089756991272571,0.007596009096101364,0.0021711309157157466,0.012022214097415995
2019-06-26,0.022136737040057808,0.026802683520376513,0.024903795552044583,-0.007365770241767544,0.04964839546595745
2019-06-27,0.000902469392632943,0.0008420214914308666,-0.009536864080305407,0.014404187675288727,-0.01207877372214372
2019-06-28,0.0,-0.016153442361484416,-0.004046094584589044,-0.006884593296251906,-0.002106218626877543
2019-07-01,-0.022389262582080516,0.010603709918604043,0.004731038253087849,-0.017764352787586257,-0.006177588027545644
2019-07-02,-0.040885277167728495,-0.04806228033938342,-0.034548058404133,-0.011909991568584966,-0.031183618241781286
2019-07-03,0.022756380356119044,0.019377780490451357,0.006573732334030469,0.022321407189022535,0.02480882726183742
2019-07-05,0.0064243758080528846,0.002964739597016486,0.003318045261482494,0.05589520659959302,0.0066781333642649265
2019-07-08,-0.0018683285117573334,0.0026082686533959176,-0.0050918324551895155,-0.006203418772574243,-0.014615201121426113
2019-07-09,0.0007799571249689219,0.00294835213479816,0.008072556333825975,0.009155153933762428,0.013464511833150894
2019-07-10,0.044420173183440825,0.04495933584295497,0.04208108003893862,0.00783507372345027,0.04063515431103748
2019-07-11,-0.007312423183749361,-0.0038060490000796365,-0.0062280415566804415,-0.01145667605675571,-0.007829575176881765
2019-07-12,0.0030066835196926878,0.0001660850731974861,0.0007581170885122557,0.015314644447422587,-0.006283009497915271
2019-07-15,-0.003597090218503518,-0.010463332718774865,-0.014393252661619282,-0.018344914404525126,-0.02362164937177247
2019-07-16,-0.032039783021315826,-0.03289699293275816,-0.023929084764489295,-0.04235880332883035,-0.019945061086809823
2019-07-17,-0.010722589635903002,-0.014578274351946696,-0.006456977047846202,-0.0008673432198811337,-0.00692463670563459
2019-07-18,-0.027175613358199735,-0.026065508525089376,-0.01590410348016036,-0.007378455155160446,-0.023686588012775345
2019-07-19,0.008719536781307102,0.005967483464873746,0.014550382231395709,-0.015741151850537927,0.003434724920766019
2019-07-22,0.012646023457548283,0.010605790783025038,0.005239190128845106,0.027099116251886102,-0.006845935934770897
2019-07-23,0.009010488849909848,0.009782981592288076,0.011687279926442251,-0.005190347636351067,0.017834632674770257
2019-07-24,-0.010183323002235345,-0.015677283467886993,-0.006764849580543575,-0.03478257624548575,-0.0029024146529074146
2019-07-25,0.00332382215033733,0.0025053576766718155,0.00293392131674719,0.010810778882343053,0.013584178136755831
2019-07-26,0.0011042703186341374,0.003213143586306977,-0.0051715896415513996,-0.03342248176745943,-0.00313781057623419
2019-07-29,0.00393948949900258,0.011921675442167157,0.0032555954470865345,-0.012909118988902901,-0.005868564382205732
2019-07-30,0.01585311804653,0.020749082597822932,0.017481450682131028,-0.001868261766001189,0.017977930479629034
2019-07-31,0.006952981145776693,0.009130105098360985,0.0056584553296916695,0.04492276666397421,0.0026885404928536083
2019-08-01,-0.07165871260021994,-0.07903722982918648,-0.0522250703045154,-0.013882730305883717,-0.0799684389950519
2019-08-02,0.022975196523114638,0.031695997410389865,0.02013060072628292,-0.03678467520664297,0.018058174052104192
2019-08-05,-0.03360798249911301,-0.01742725877402651,-0.028885832100320474,-0.024045316839848896,-0.03564407980163686
2019-08-06,-0.014546108119143808,-0.019381926955764794,-0.006319469073158168,0.01980682565923031,-0.017869666225795888
2019-08-07,-0.045978947194013076,-0.04736156749841003,-0.038815760278484435,-0.01326391072416,-0.039708358667574606
2019-08-08,0.020451743468628436,0.028381302771752104,0.013346993127311357,0.02160349375367332,0.015676061512962525
2019-08-09,0.020041786158499608,0.037304892468957185,0.017674189591887046,-0.004229352844816514,0.017196358571580417
2019-08-12,0.0006834258732548726,0.007889913856436337,-0.0012168182947757122,-0.00660686136955102,-0.005256887469708094
2019-08-13,0.046610885375804045,0.039504790768057685,0.03959467520385984,0.019952520157979103,0.042757634742220274
2019-08-14,-0.029690044330765497,-0.03274954434074617,-0.01789803030670567,-0.0018631517380403029,-0.03489981689524613
2019-08-15,-0.02101546754573158,-0.013760607058343477,-0.01789878583948601,0.04153067183421988,-0.02351114828823553
2019-08-16,0.007041041570242879,0.007343449645997202,0.001159767369731668,-0.014336945894473985,0.012466418661222223
2019-08-19,0.018758565829940066,0.02442136283347396,0.011198097386122097,0.004545450112051208,0.004587125598438879
2019-08-20,0.0048543202658564155,0.0023127747773108442,0.011565141722881478,0.003619862834880916,0.010033663517666769
2019-08-21,0.004497758841480959,-0.011714587249282982,0.0016178724828987967,-0.021641055121560115,0.007554554506073563
2019-08-22,-0.006301842005359215,-0.005926756990768389,-0.008614672941141488,-0.00506919632066305,-0.01552718968423683
2019-08-23,-0.009679539954626004,-0.021318885956744693,-0.013957515319232061,-0.0032422277638500807,-0.014812620871426652
2019-08-26,-0.010785294708505755,-0.009783991087537358,-0.012778164031217343,0.03624538590241544,-0.016009224424843094
2019-08-27,0.013798936082896063,0.024049234343882064,0.013110893570193793,-0.012556105878375745,0.020661886250076922
2019-08-28,0.016467877408408382,0.01547421207716626,0.019329249314951946,0.022252509972815693,0.019698181348409616
2019-08-29,0.009753680545820265,0.016672648360131603,0.007023237053313647,0.019991149597018643,0.0013671089210411935
2019-08-30,-0.010641805933090609,-0.028390065885089855,-0.019205998325058316,-0.004790905037340143,-0.04232209250193597
2019-09-03,-0.03590934920873601,-0.02105262939266561,-0.013619932064658391,0.03194746235516854,-0.08857071503408409
2019-09-04,0.041881265219748665,0.04301074812551886,0.04264404389530174,0.036895628376016676,0.042434535008375907
2019-09-05,0.004118616093208294,0.000711001008189438,0.004414395627868384,-0.004089975761264686,0.008545911830540431
2019-09-06,0.009680068009886522,0.003907659390487206,0.006248372195078344,0.02505137993935258,0.01824064052862928
2019-09-09,0.017062060796876333,0.02353145798983669,0.014418784618557945,0.0356570451972269,0.00660649053750717
2019-09-10,-0.003355153921723919,-0.007778685568047061,0.001815627257166108,-0.0019342802193930142,0.00391270684083489
2019-09-11,-0.025168317857350964,-0.02874567041840581,-0.014498755561700882,-0.010852666185147353,-0.01313805031818871
2019-09-12,-0.007071210252671434,-0.011838562285419019,-0.009510310519774912,0.008620625224685208,-0.010765056484502211
2019-09-13,-0.0026498814935695947,-0.0043565379887827715,-0.003872483813533667,0.015540094059560916,6.440218651171392e-05
2019-09-16,0.1461307745596312,0.14676396127077207,0.10970289220605611,0.025631182157534793,0.12832403066943177
2019-09-17,-0.06476374686636033,-0.05659779470476367,-0.04520593664299377,-0.004848941242759253,-0.04411097347879078
2019-09-18,-0.014717343651788561,-0.020728000321427187,-0.008192583164000178,-0.011619152589946946,-0.010387455461975281
2019-09-19,0.012578664637599601,0.0003441827147410148,0.016013783404336568,-0.03754265224160469,0.025939617260286152
2019-09-20,-0.0018633966419054904,-0.0006881285875166565,-0.009277264316530975,-0.001576117711512448,-0.01311225046973663
2019-09-23,0.007622866724872335,0.00946805363428882,0.005386893951924598,-0.0027624189833131974,0.0032173154614103527
2019-09-24,-0.025783514829378684,-0.02302180232217743,-0.01472207879035703,-0.009497400039211179,-0.01751990019213101
2019-09-25,-0.011251966745511766,-0.013964029050027915,-0.006962801624314396,-0.00039949161501007246,-0.017590486431268815
2019-09-26,0.005609910117685191,-0.0014162122265466426,0.0006141972109332539,-0.02957638585082034,0.022151127625087197
2019-09-27,-0.01322922870337695,-0.00886367667705179,-0.006905065726991899,-0.00988464979079462,-0.005899395744116576
2019-09-30,-0.018252319026010655,-0.0329100368021743,-0.01854141635693185,-0.030782079372955184,-0.028157907483512323
2019-10-01,-0.031095745765171268,-0.008322559006460062,-0.0037258534089785744,-0.020171645010482186,-0.019440495519642664
2019-10-02,-0.020376987185881767,-0.018276754228981895,-0.013431625167056316,-0.01576873126226297,-0.017919496722710315
2019-10-03,0.0003466884770284562,-0.003609396445896418,0.0016017196687623247,0.03649310989398913,0.006729173316187165
2019-10-04,0.0114364903462576,0.006863691231934865,0.00986139124481511,0.00987548387506254,0.011247537223693094
2019-10-07,-0.00034264961674934646,-0.0011361744315606659,0.004645040736289907,-0.020833343892546208,-0.0025423081597220065
2019-10-08,-0.0018851207974424078,-0.0022748612679576175,0.003572708520423129,-0.006513185696707113,0.007327641964375298
2019-10-09,0.0013735922742426077,-0.0007600401808005586,0.004816489713588057,-0.02360145835469518,0.003921864337125047
2019-10-10,0.013374464735570024,0.018254403530847174,0.0007815404165958384,-0.007162055799980305,0.022808850525328994
2019-10-11,0.02385786605442175,0.0214752855698086,0.019158698175951283,-0.0018034033446967523,0.009548493243154432
2019-10-14,-0.019170383070384434,-0.020292515445513692,-0.021710267228912006,0.029810291390795607,-0.015621232201259772
2019-10-15,-0.010277958068023896,-0.014554931462511078,-0.0026630525209954126,0.025877199999623457,0.0007439126925679052
2019-10-16,0.011576378465235848,0.010414679469005206,0.017068086792602966,-0.01539119861348226,0.006441983053584677
2019-10-17,0.008246410191289577,0.010682153079166978,0.002831235951057165,0.0065132892219272875,-0.0014155736580333533
2019-10-18,-0.00817896310657329,-0.0027814115525697236,-0.0005132834740161352,0.0008627502045019941,0.0003082175576591961
2019-10-21,-0.007741486008881582,-0.008739260257975112,-0.00333830084613429,-0.03534483600243965,-0.009735057909051492
2019-10-22,0.012550910616646815,0.015944446674633905,0.0015974019918874038,0.015192207142501024,0.0010576931563914815
2019-10-23,0.02462307181272938,0.033419523234683,0.010598385016759027,0.004401404109089402,0.026726399001336
2019-10-24,0.008173941719256783,0.004645315630920965,0.011199895519671488,0.014899175690249011,0.006840588051995056
2019-10-25,0.005675406181455234,0.007647168925420278,-0.0033731253779492043,-0.006908476912928174,0.005892230130405629
2019-10-28,-0.007255736207965824,-0.015001738023476485,-0.008991702320257478,0.06347832604031622,-0.00011956556514569616
2019-10-29,0.00032484095927887147,-0.004837850763660501,-0.002803526888719543,0.061733351736205755,0.007711689672725397
2019-10-30,-0.0159116665011918,-0.008642411493049451,-0.021826944650645386,0.03619565086668408,-0.012576413420658739
2019-10-31,-0.006269610036109041,-0.01598258347559922,-0.018603651532103527,-0.021553358627616204,-0.02000603315744265
2019-11-01,0.024240396738652414,0.037283138545326056,0.029339703688112007,0.03076342302085866,0.015019625465624742
2019-11-04,0.007132476109599883,0.006049824697014872,0.0038280667917365285,0.03942524431096284,0.004831803083558572
2019-11-05,0.013359053630909612,0.012203725071385563,0.008296794452716583,0.014533813517293437,0.006551674400784746
2019-11-06,-0.019377341546161775,-0.015376569546637575,-0.014719356126033034,-0.011879776389696284,-0.028902450909100708
2019-11-07,0.008908312635377946,0.014197037682711189,-0.0038904721554675614,-0.01980197769386849,0.005718849919884583
2019-11-08,0.0035318253776268627,0.00157480577751401,-0.0011456581944451205,0.006132741518573237,-0.0011005448568059961
2019-11-11,-0.005279123743693104,-0.006638732651508383,-0.002033288732655625,-0.054499802272439335,-0.014568167507985952
2019-11-12,-0.0019298638034065396,-0.0010552474964288239,-0.008671974724790088,-0.006067513051088658,0.00279522422364753
2019-11-13,0.00499512651843359,0.005633797519761785,0.007852007099033553,-0.00801226495735441,0.013689278599946508
2019-11-14,-0.001443003914208485,-0.006127424381405566,0.002823499257910589,0.018076989029993884,-0.012648932393946155
2019-11-15,0.016377656996723333,0.01673420389781821,0.015694242929007007,0.015489190865731528,0.011882638389713929
2019-11-18,-0.013586107752242338,-0.011607795728913795,-0.02222788214778426,-0.04538689756844094,-0.008562653851072577
2019-11-19,-0.024503504371353624,-0.03225241327247208,-0.024833359223451645,-0.021823848250568822,-0.010672430091218321
2019-11-20,0.02446234907567657,0.03441408363314502,0.018682048648995586,0.019521922303469275,0.03279909306686912
2019-11-21,0.025160250904370463,0.025739821484727532,0.027799813320052102,0.003126180912650378,0.02904063041081395
2019-11-22,-0.009066778489711491,-0.013827267804242593,-0.007867555641320467,0.03817688077157344,-0.01766016720495267
2019-11-25,0.004101627050542733,0.0041543683896108075,0.007722653966826032,-0.050281450229114455,0.0002986818270300784
2019-11-26,0.009740692888049907,0.006895389371704752,0.008383460645025043,-0.0241010955103359,0.017852850556126176
2019-11-27,-0.003267451306072422,-0.0051360937826442354,-0.007191714084979317,0.012550566215161041,-0.014958608565278753
2019-11-29,-0.02544485350513881,-0.050593743082537945,-0.03472894660691406,-0.08796482806311634,-0.04895191028407975
2019-12-02,-0.024187123640063146,0.014319393542630676,0.003778799235294228,0.02104344559493687,-0.014840324867333998
2019-12-03,-0.001641472047385406,0.0025017761247119186,-0.0032343894142659035,0.048089303881216905,-0.006610345650868821
2019-12-04,0.03584347773946628,0.04153301059588288,0.02287354823261567,-0.01720608585647454,0.026425273377061353
2019-12-05,0.006190466502356218,0.0,0.005252487003775563,0.011671578646082592,0.01053481068038531
2019-12-06,0.015775359041308112,0.013178169668697892,0.00988105034178166,-0.03831888479441581,0.01622359724833977
2019-12-09,-0.0021742412016693136,-0.003040545656351812,-0.004046923550334869,-0.04370179659729512,0.00449194838007716
2019-12-10,0.0014007212123055002,0.003727570637017674,0.010955641293479035,0.0143368390761196,-0.0013899105346847351
2019-12-11,-0.009636231776133597,-0.008102689792935491,-0.01867209888227117,-0.009275578186131672,-0.015975847945939203
2019-12-12,0.007532889490641015,0.007147753499656906,0.011406032417782264,0.03789569192620945,0.0013529349451257833
2019-12-13,0.01588791777176035,0.015038854090215326,0.0182489579880738,-0.013745731918388793,0.021433439952793565
2019-12-16,0.001839851501710843,0.002330604134504366,0.009111913001224048,0.01959933633239541,-0.000300603507772057
2019-12-17,0.011631499522900102,0.012124224436744546,0.014417634197730012,-0.009397724747440273,0.01383292302788286
2019-12-18,0.0010589969204253258,-0.00016406829272264112,-0.006442483952415756,-0.014230268343759955,-0.0011271737555422767
2019-12-19,0.005591699513687987,0.004759575153041817,0.004553826923421989,-0.005686794124306616,0.01365958080072005
2019-12-20,-0.0060114445502744696,-0.012740976452812691,-0.0037940213854239513,0.02419712569777821,-0.0005858492677163207
2019-12-23,0.0037798609360000235,0.0013236570627475075,0.00019787633177381636,-0.04896910595083748,-0.00041036283566309173
2019-12-24,0.012200595963856031,0.009748845805109374,0.006972522796667935,-0.018970214799634122,0.012843785009119424
2019-12-26,0.01071430436608023,0.009327437230096658,0.007759170884527933,0.05616942121363411,0.015460347345636505
2019-12-27,0.0035336498768310243,0.0006485232705808475,-0.0012182921347426712,-0.05928505810751561,-0.0036494206892182524
2019-12-30,0.004107963090567157,-0.0006481029607291466,-0.004391015332144144,0.012975030791129827,-0.010873950147416878
2019-12-31,-0.035651700093015326,-0.010051863307671494,-0.0060276458520297505,0.001372270088318528,-0.017647361907282444
2020-01-02,0.0037878787878788955,0.0019652625153272485,-0.0020706905252155794,-0.030607544810224097,0.003769577674876956
2020-01-03,0.03547167508107307,0.030565526684486866,0.0184278791772281,0.0037700921304677504,0.026170642617942885
2020-01-06,0.004519026164486517,0.00348931361404059,-0.013340407011777966,0.0023473595087817323,0.003202181758988676
2020-01-07,-0.00928757778306255,-0.009009004120439812,-0.0007375631462249732,0.01264634685224375,-0.018353840945835698
2020-01-08,-0.04145297115592539,-0.04928229848466481,-0.03650852137655414,-0.009713186411463903,-0.042619915841925815
2020-01-09,-0.0010696774482380489,-0.0008387726312464316,-0.004136468643609836,0.011676719556392268,0.002365315302711446
2020-01-10,-0.005966029880101642,-0.00873069922387304,-0.011127586281095558,0.0166205056279336,0.004175030143137803
2020-01-13,-0.01200379144960717,-0.016260146842582146,-0.01576438349931808,-0.009082643873762897,-0.0013858905794350562
2020-01-14,0.004517148431660178,0.0025826051386492743,0.006480513426495804,0.0022915282402009574,-0.0017498367193097275
2020-01-15,-0.007598044347971844,-0.0072127455306035815,-0.016960692947749934,-0.030635642236084948,-0.010638261844387653
2020-01-16,0.009687542915344238,0.012281596049237953,-0.00953191865380032,-0.020283011865598444,0.01099707118632609
2020-01-17,0.003559203308007186,0.0003417713193305527,-0.00043011480431309757,-0.03562825479543352,-0.008581152326169517
2020-01-21,-0.004009285155715525,-0.0034164803520938536,-0.016135957066189643,-0.05391914075040072,-0.0024990644766337278
2020-01-22,-0.021365495148796265,-0.02742541086623773,-0.015853948941251805,0.005277039875413392,-0.03476933967669038
2020-01-23,-0.018509700773476467,-0.0202679149076469,-0.004777245103889993,0.011023636730679298,-0.01228159082067326
2020-01-24,-0.021760191310385424,-0.025184413060551747,-0.032150045611726075,-0.01713395243351279,-0.028842429033338113
2020-01-27,-0.02257371828777477,-0.01937625509632379,-0.03143021038446303,0.004754328421276766,-0.02059137468245542
2020-01-28,0.0032029438247882513,0.0063981963961805555,0.021673093700063983,0.016824429907568383,0.012938064025029394
2020-01-29,0.005041220974951077,-0.002804744062557041,-0.007226477232338047,-0.02947261662785894,0.018360783507626932
2020-01-30,-0.025413817469705835,-0.022313939631505852,-0.037511002453884834,-0.025572711094282274,-0.024235666208067608
2020-01-31,-0.0022302464586272386,-0.011123859285517623,-0.009209564487672739,0.006560942995668784,-0.0033473891274617973
2020-02-03,-0.0637895305056081,-0.02812258968810999,-0.0286857390762979,-0.011950003066029335,-0.010075895324845097
2020-02-04,-0.008999112426097633,-0.009978048172218812,0.0038024732583707976,0.029136873628585302,-0.020696243059134978
2020-02-05,0.02446255962231958,0.0229792254711354,0.038828255228756214,-0.005876088310140748,0.02986419045270039
2020-02-06,-0.006331376299743563,0.003940901732797153,0.012155087122615038,0.0005373706401410328,0.007871919671401661
2020-02-07,-0.008374277843018918,-0.012365084566858142,-0.013270068089733855,-0.0021482000677610635,0.01728972353074365
2020-02-10,-0.022030489003979525,-0.014904610583237776,-0.018742836416394626,-0.049515611219634215,-0.0017061970993632603
2020-02-11,0.013891455930364671,0.00746417054998294,0.008806258469404415,0.012457505534186453,-0.004667052041873454
2020-02-12,0.03295690889300529,0.02462954697757036,0.03012227470987483,0.0313199075314603,0.04411570434017231
2020-02-13,0.009858383725307895,0.004885675375140508,0.0028645231237003355,-0.009761392002491709,-0.0005060174301929621
2020-02-14,0.017394383024177396,0.012252063215663744,0.01053255374739237,0.006024116836073068,0.001961800822259052
2020-02-18,0.007501749955777015,0.0,-0.015192550872434873,0.07838864084084274,0.019895144312659818
2020-02-19,0.023722925227441793,0.023823279474399994,0.020569233624831984,-0.013124636234136955,0.03003471745449038
2020-02-20,0.003213843789563686,0.009194930669005785,-0.005390190419171326,-0.01790285680940218,0.003847765877633469
2020-02-21,-0.013657078983912885,-0.007437666795478304,-0.006479757980424994,-0.007812492724042275,-0.011439222433021756
2020-02-24,-0.03760685064853764,-0.036530549342836616,-0.04351951969101997,-0.040944855972022576,-0.025142356377574338
2020-02-25,-0.02397865883508632,-0.029749149722305135,-0.0277088449719054,0.010946896927421346,-0.04766638052782057
2020-02-26,-0.02766151841054787,-0.023446932822953848,-0.04405484250389813,-0.014076893799626067,-0.05057425286294048
2020-02-27,-0.023395096254171466,-0.03365482054287694,-0.0068027367730282284,-0.03789127209275156,-0.030448882084160855
2020-02-28,-0.03181295204491308,-0.04947975840952801,0.000940097972233378,-0.038812762552170255,-0.01070466670666792
2020-03-02,0.027315935384223833,0.0444593778617155,0.025560180098318508,0.04275535988746193,0.10326053436858196
2020-03-03,-0.000770730527000052,0.009197867490390976,0.0028128464054542057,0.025056895958533554,-0.005391053465241935
2020-03-04,-0.014076350436652674,-0.008478201002364627,0.00013048479377797406,0.015000039074157145,0.015803619562530846
2020-03-05,-0.022296095557082674,-0.01881139966612022,-0.029154725911163415,-0.030104031799061293,-0.021665052174659416
2020-03-06,-0.09441890502548766,-0.10065365126354575,-0.0693987070617309,-0.03611738832353051,-0.08726506730804784
2020-03-09,-0.24099844791455216,-0.2458817809757493,-0.1604822760953193,0.0409836385942739,-0.18149755183265182
2020-03-10,0.08323633758871174,0.10375848174309499,0.07481298010725035,0.08886388786549326,0.017767626911920464
2020-03-11,-0.03842021113047045,-0.04016301058212102,-0.009520720280105088,-0.02995866159247229,-0.0404459587627124
2020-03-12,-0.07180775716910459,-0.04487566897449302,-0.06316638159470245,-0.019701842208797005,-0.1916598909304198
2020-03-13,0.018964395853945604,0.0073015727694072385,-0.01931369247828274,0.015209124244249583,0.00189419912972566
2020-03-16,-0.11225995297948721,-0.09549318698424791,-0.07983123302166406,-0.02889240344047328,-0.23276249558118933
2020-03-17,-0.0439267796451811,-0.060975608135167336,-0.010414695933728457,-0.04738296538057252,0.031163925218674837
2020-03-18,-0.1340062806408957,-0.2441558344129846,-0.07869067979453692,-0.07229612608413061,-0.10359847347086304
2020-03-19,0.14429261550173123,0.23809515337769716,0.09169982547120892,0.03117211495491712,0.07417277644632381
2020-03-20,-0.052335785284660874,-0.11062645060031195,-0.033982944042585284,-0.030229788512347366,-0.11620434490884535
2020-03-23,0.0018532670592119604,0.04146234028187612,0.009738722798531496,-0.0012468667613949602,-0.31978860338368087
2020-03-24,0.0044394720250249264,0.02782532540869198,0.06318268022030438,0.03183520543511009,0.07746476172073313
2020-03-25,0.008839770699457405,0.019991650881324485,0.016199244047783834,0.0036297894567784983,0.23236428876993775
2020-03-26,-0.038335131816665036,-0.0771743326791442,-0.043268367275801745,-0.013261045128439508,-0.005486504911496715
2020-03-27,-0.05353074560531379,-0.04823009443316684,0.017328420286803814,-0.0018326335036659147,0.054983476645348084
2020-03-30,-0.08704372441758157,-0.06601580944603092,-0.04595230646816084,0.03427179645998013,0.020568225395110717
2020-03-31,-0.0008787547259464512,0.01941261257771565,-0.007161094035828541,-0.02958584013766763,-0.021007710428318616
2020-04-01,0.08795074846659312,-0.008300785160827329,-0.07884597490491874,-0.03231705717037703,-0.046580531783252055
2020-04-02,0.21018596649341958,0.24667653178834636,0.06736034720170148,-0.022054169091352605,0.2128087484999317
2020-04-03,0.13927855717806192,0.119273321254463,0.07587178155290486,0.04445876526216819,0.04345203692214494
2020-04-06,-0.03107597051667399,-0.07974594977817817,-0.02325805904211231,0.06785927921109192,0.014459210679745427
2020-04-07,-0.03570343192334968,-0.0939417473200399,-0.01740453423958388,0.06990182277964951,-0.07611179948508584
2020-04-08,0.03043612449988964,0.0617859095926403,-0.01635040916919539,-0.03725702256647301,0.045973463334360476
2020-04-09,-0.041412929477236626,-0.09286567993367378,-0.03769665051025162,-0.02804259816614263,-0.0010324439171259803
2020-04-13,0.008259219589028088,-0.015377872493409939,0.022619797616304504,-0.0051933426050139175,0.03838775106466419
2020-04-14,-0.0674227915904313,-0.10263271988938227,-0.050673656538811174,-0.04292343499774576,0.02374524298490699
2020-04-15,-0.06452702104043928,-0.011934349270711797,-0.032196546099509726,-0.03151510746573116,0.000555482153542286
2020-04-16,0.004694805282026149,0.0,0.03556580057947878,0.05506879673817133,-0.021238168221125675
2020-04-17,0.009345802722284358,-0.08052341791101081,0.010567462906927894,0.039739046196993755,0.007942101243362476
2020-04-20,-0.08938747278139458,-3.059660652724544,-0.07163028392079507,0.0975470631877231,-0.0596594961893534
2020-04-21,-0.2440359736250306,-1.2660111598392576,-0.18123451306401184,-0.05353432614099829,-0.23642076724728656
2020-04-22,0.053802427296024025,0.37662331847024166,0.005778018160680576,0.0647995781522952,0.25102888974051374
2020-04-23,0.04712808271581714,0.1973875413452082,0.004650482890548702,-0.06395046549721062,0.00814531432719523
2020-04-24,0.005157084423113689,0.026666699033794927,-0.11953705570904172,-0.038016530879737,0.027346178153063505
2020-04-27,-0.0676306309151492,-0.24557264875658102,-0.05613113058218633,0.0418098236371669,-0.01950997444806879
2020-04-28,0.023511721797693674,-0.03442876287768171,0.03342068642401741,-0.013743802132764937,0.02915322696682221
2020-04-29,0.1016618731245802,0.22042141275487603,0.10098290968176715,0.041805979508627855,0.08992796789711122
2020-04-30,0.12111798719385525,0.25099599121175853,0.05385161422159035,0.04280366223191945,-0.0404290321515105
2020-05-01,0.04629996260781577,0.0498938708303831,0.08771696368278037,-0.03027194213951745,0.09816572637162224
2020-05-04,0.02874433485365757,0.030839164905326344,0.008792826658676534,0.054497378625547155,0.07203442399536852
2020-05-05,0.1386028839951996,0.204512025557537,0.11567680106446732,0.07074763184439559,0.09713939063084642
2020-05-06,-0.040361641191932196,-0.02320845713431885,-0.08035717017910526,-0.08903470085116771,-0.027072002052732858
2020-05-07,-0.008748325534617574,-0.018340997843082074,0.015898092260756336,-0.025720140004687475,0.06215073864148857
2020-05-08,0.05125594962009705,0.05053080987726388,0.07430408322064164,-0.037486851731845294,0.02233196740955745
2020-05-11,-0.043267684284709396,-0.024252238763970202,-0.034026412155556685,0.0016456506067838994,-0.029405584195316914
2020-05-12,0.01181236555460874,0.06793708941435694,-0.03487972857553756,-0.05805035489245769,-0.0061674877622480695
2020-05-13,-0.026350867919985976,-0.0190069727721921,-0.008349271272082848,-0.06046509919390952,-0.07163855276419218
2020-05-14,0.06646106855823719,0.08975873737597717,0.0762569543832321,0.04022273251730546,0.07247566953344942
2020-05-15,0.04400902268446005,0.06785199112736828,0.028609762971620656,-0.020820920131194076,0.06090760439253318
2020-05-18,0.07107696533203134,0.0812096284357875,0.0934375961273819,0.08323205492839514,0.057307758587059165
2020-05-19,-0.004596375785692275,0.021370217212365095,-0.03259143396434261,0.02636009576323639,0.018912069377064578
2020-05-20,0.03174598631112735,0.03046159010667071,0.0174609902097409,-0.03224044474053511,-0.0013394507362359809
2020-05-21,0.00867136708506333,0.012839548191333483,-0.0016151499051415552,-0.03444381059118318,0.0012454275791000669
2020-05-22,-0.025790356898450217,-0.01975230557526131,-0.007077885670820683,0.012280647940816403,-0.006602194107997117
2020-05-26,0.029604243359218074,0.033082660875822345,0.008961333823281015,0.03581746860339874,0.010306287032585626
2020-05-27,-0.03953543165247586,-0.04483252312195285,-0.01887364068265962,-0.039598427580921025,-0.05300790072658679
2020-05-28,0.0158318713439054,0.027430590475814087,-0.047834611921713566,0.06097562073114626,0.005235043497948233
2020-05-29,0.0011334914845453348,0.05280340084061397,0.04224286046659431,0.012041573570433117,0.027441178840798663
2020-06-01,0.08463056067948904,-0.0014089334852905866,0.06665290905518573,-0.04056242801667198,0.03976993385795957
2020-06-02,0.03262004201343549,0.03865696387328699,0.06132164981942512,0.001691038156312219,0.04837346984754798
2020-06-03,0.005559798392717807,0.013039921877987526,-0.025180874250193663,0.024760850192358408,0.0008942562504130613
2020-06-04,0.005026407598332172,0.0032179921946529078,0.00892356451679377,0.000549174487116888,0.026534477449975613
2020-06-05,0.05776437763536291,0.05720394007957941,0.07122236078117661,-0.021953940985775744,0.056222792088943985
2020-06-08,-0.03546099354738985,-0.03438686818171077,-0.02546495354505196,0.003928220485548417,-0.015326290725869218
2020-06-09,0.009313751843653462,0.01963864956715322,0.02978690741138834,-0.012297414177975696,0.012803276649235418
2020-06-10,0.013355979431389553,0.01694914922157742,0.015848217373646056,0.007357109076839841,-0.0003304529263650213
2020-06-11,-0.07620417781114985,-0.08232319310980873,-0.07246370036414218,0.018539321854505353,-0.07529545902177048
2020-06-12,0.004669268709160734,-0.0022014813076161044,0.01231613775947471,-0.04522891274419005,0.004915944561502572
2020-06-15,0.025561623810172573,0.02371761307669029,0.032322449974905965,-0.03581739973610054,0.03682287257594696
2020-06-16,0.031218474966290044,0.03394402404328112,0.039753730585110114,-0.03295390400416787,0.035686703618104776
2020-06-17,-0.006103515761424205,-0.01094325096284332,-0.00016910335492181794,0.014869918953191785,0.006626370047847718
2020-06-18,0.019651173054574533,0.023182325851930585,0.014044003556107798,0.0,0.034888507971073235
2020-06-19,0.016381602810690454,0.023429450150284747,0.010679107026385859,0.018925529855449597,0.011051953527237757
2020-06-22,0.021095122856493065,0.017861612187991316,0.005943538451243624,-0.0029958029616901083,0.01549233267528849
2020-06-23,-0.010445699717103185,-0.0022244230010975974,-0.012801645178147747,-0.016226003041556192,0.006272681198019603
2020-06-24,-0.054421760185210166,-0.058459268585404955,-0.04339148956621397,-0.024434919190737148,-0.07926729862698312
2020-06-25,0.018357673990550882,0.018679372021116247,0.004170978525132041,-0.07201002462787776,-0.0018388560292805778
2020-06-26,-0.000730786354553481,-0.0059400706349500565,-0.016701267552965193,0.008771937586134149,-0.03424886171203778
2020-06-29,0.01682102922986184,0.03143671165775985,0.02560948806517005,0.14314380332173693,0.026705960009435037
2020-06-30,-0.013425978683423656,-0.010831241735823616,0.010897512746412596,0.02457580779639912,0.013512298610956597
2020-07-01,0.021385108646096773,0.014005582649587511,0.01824971700315481,-0.04568820147363373,0.013998872374038074
2020-07-02,0.026409722640732713,0.020843843229927828,0.026258738221921263,0.037701953091893836,0.03476044555611102
2020-07-06,-0.0009272349581196382,-0.000492016162679354,0.008610259397136666,0.05536336628340499,-0.014612415962040881
2020-07-07,-0.000463959252305135,-0.00024617612521593557,0.0012884817641092283,0.025136613516913098,0.02756282434163726
2020-07-08,0.004874630351600295,0.006893220122030863,-0.007158310478413421,-0.027718573817205217,0.012470600884953775
2020-07-09,-0.021714077651337926,-0.03129590577604835,-0.008506216092133423,-0.02467102909053054,-0.03129601710393359
2020-07-10,0.02101542470868223,0.02347300177303513,0.014135150163872678,0.014614897716555886,0.026069609075502154
2020-07-13,-0.012025912062409327,-0.01109742962777116,-0.014260358780400217,-0.03656508956184279,-0.007559862694237696
2020-07-14,0.00421349016929673,0.0047382156767130645,-0.0022067602530218,0.004025352985294717,-0.020417704349529053
2020-07-15,0.020745905780715557,0.022586245389272452,0.019659181356011413,0.01832757428220111,0.013708494402209448
2020-07-16,-0.00959127597308751,-0.01092234841277584,-0.013576432951141526,-0.030933603845002433,-0.02419934394825496
2020-07-17,-0.005303194556162127,-0.003926376623610062,-0.007166731453970843,-0.002901912413069918,-0.007618129899003012
2020-07-20,0.003245233927426261,0.005420084254153412,0.013452530236975235,-0.044819568974471924,0.0032666948991662004
2020-07-21,0.024029596692706656,0.028179310769008703,0.03601780179224012,0.02071902450916796,0.04167686762431955
2020-07-22,-0.0006768677685793367,-0.0014298751168455581,-0.00726562009600451,0.0035821147059573732,0.0024223788908366295
2020-07-23,-0.022126880153049533,-0.01980911219160819,-0.01306367598038316,0.06186791951068171,-0.018864954307750703
2020-07-24,0.0006926524669974565,0.005356737821715862,0.0017542520531783623,0.012885155371113122,0.020816825160907992
2020-07-27,0.0016151290857815415,0.007507811860502311,-0.0017511800419941492,-0.040929204779738715,-0.007861150874343692
2020-07-28,-0.004376840068574972,-0.01346148026765237,-0.009568587072830592,0.03806227564900655,-0.0071389967921882125
2020-07-29,0.012262812686895552,0.005604277219918519,0.009016948046401518,0.03000001192092938,-0.019042309314582395
2020-07-30,-0.018514317103794697,-0.032711467745195955,-0.03303275939506778,-0.013484345486015403,-0.0169956052437491
2020-07-31,0.008383805818932721,0.008767592807422453,0.004290806533129521,-0.01640239007782429,-0.027286073094128782
2020-08-03,0.01963053819388616,0.018375908998204737,0.019554691459899853,0.16787106259806284,0.021902032281805983
2020-08-04,0.006341987986857811,0.016825224814602135,0.014102605485183384,0.04378867422139199,0.0009892671345548276
2020-08-05,0.01665536481401575,0.011750548076848277,0.003734952952874071,-0.0009120352889925298,0.0069999009452610395
2020-08-06,-0.001771043161396868,-0.005688501341111651,-0.010450514083561235,-0.011866738050778425,0.004334253952439138
2020-08-07,-0.015302697369127927,-0.01740165742455102,-0.024001897582251686,0.03371822425398663,-0.016692407500682682
2020-08-10,0.013288291268278574,0.01746718546054371,0.013935535517849873,-0.037980251526283815,0.017969546745076004
2020-08-11,-0.010891346081041031,-0.007868336365353779,0.0012127177010425871,0.008360374590671515,-0.0201741330295353
2020-08-12,0.0208988832623771,0.025474586470687344,0.015180895093898528,-0.00875175189883759,0.03262771724446312
2020-08-13,-0.01034561341725504,-0.010077255892442571,-0.015192452075912355,0.013940507472627761,-0.007235940363154114
2020-08-14,-0.0035587155398179027,-0.005445155014064396,-0.0011307599045478067,0.07974336894205636,0.007936569998821197
2020-08-17,0.012723207690429783,0.020947419739937745,0.0019405848667539694,-0.007215602856975201,0.02040810071431709
2020-08-18,0.0019836930726626623,0.0,0.01718995867359907,0.0333476139845188,0.010236229637269556
2020-08-19,-0.001979765824910218,0.0009326396851616625,-0.007457957541292415,0.003723650284045643,0.0058457151182280676
2020-08-20,-0.010359211308589189,-0.008152771293572503,-0.0034372486992513274,-0.030502933452522973,0.004649300692743941
2020-08-21,-0.012249510758720272,-0.005636488213858093,-0.031042032771222416,0.04081630791191859,-0.009564143610188869
2020-08-24,0.01758743226224202,0.006613102935469906,0.03278147061244163,0.026552311452584743,0.06463666465771967
2020-08-25,0.01617548249410694,0.017128098557745552,0.010019275481535805,-0.009550310114924798,0.02106649891969581
2020-08-26,-0.0047972354508313275,0.0009227431818994436,-0.012221293535727096,-0.0112495441645738,-0.025288355987852063
2020-08-27,-0.012050816047672663,-0.008066339687586965,-0.027315755700918487,0.047948001691890285,-0.055931201012131226
2020-08-28,-0.0008871349610107826,-0.0016263869269335096,0.004542792461034173,0.030244307398186843,0.02413391829565148
2020-08-31,0.005105428327002448,-0.008377952062475491,-0.01652688506673794,-0.010161817745556356,-0.029950574587860324
2020-09-01,0.006625509272208285,0.0035202466330217508,0.029010982483480108,-0.03916355876428468,-0.040279025022926795
2020-09-02,-0.02523039665819815,-0.029232929117551487,-0.034367878424349185,-0.016224728998172067,-0.01853511276749331
2020-09-03,-0.008102647037560917,-0.003372666714269945,-0.01750104640375627,0.00040222344979978786,0.0024126491963241126
2020-09-04,-0.03199455087760539,-0.038675332739444235,-0.013873481962615397,0.040611206689448176,-0.022989514450453052
2020-09-08,-0.0675105738025441,-0.07568524268505195,-0.06487190513942676,-0.0726429518798909,-0.06320077358446807
2020-09-09,0.025389697516936982,0.03509251834681648,0.027210229149084997,0.002499918043616711,0.014961911508182268
2020-09-10,-0.017896531646275138,-0.01971090709693113,-0.021426633798340422,-0.03449706906657535,-0.019297782417540543
2020-09-11,-0.0057413762943521185,0.0008043591047672827,0.006651887386865951,-0.023245760603520238,-0.0025507768911863238
2020-09-14,-0.005523505161669218,-0.0018752613471143542,0.003487550145089502,0.018069585019285794,0.010868524969876558
2020-09-15,0.023226411380182777,0.027375214807086934,0.005396035631519247,0.02251084288504246,0.028279787702335746
2020-09-16,0.041697569511635946,0.049111837201311515,0.015464349613196093,-0.04022016472079282,0.044635765404587247
2020-09-17,0.0255802459765877,0.020169356981290187,0.03896807875694286,-0.09925006996381236,0.029859575888058654
2020-09-18,-0.0034641504347477925,0.003417119489312892,-0.0006897857439757127,0.0029383162581499978,0.00996406196390387
2020-09-21,-0.03962926625030039,-0.043784947952720366,-0.04460741522898104,-0.10400393018107823,-0.048115879214753465
2020-09-22,0.006756819577056428,0.007377183686060995,-0.01011475656566152,-0.0005449845826985822,-0.010874164365221373
2020-09-23,0.0011984476413613443,0.008333379893192383,0.010400496892086109,0.1586695801226503,0.014601116265049896
2020-09-24,0.004069862750353703,0.00951668082171242,0.00830708486399323,0.05788230895996094,0.012189964279598176
2020-09-25,-0.0004768826518495306,-0.0014884984184290184,0.008507125495553325,-0.04848753207594392,0.015472083023977845
2020-09-28,0.012166082025458769,0.008695614263878104,0.011809680065627548,-0.017765249872486732,0.02668424599487418
2020-09-29,-0.03299555776124108,-0.03226595093171636,-0.02676617268304793,0.21894337110696016,-0.03601801584529152
2020-09-30,-0.001949744546368093,0.02367015229078917,0.03282243533943907,-0.013276125289563123,-0.0007489640983315837
2020-10-01,-0.0004884116579009223,-0.03729487703814094,-0.017810412484523863,0.0,-0.04030640203950342
2020-10-02,-0.04055704458917864,-0.0431302151599533,-0.03555552164713538,-0.03521962342506457,-0.025078121185489022
2020-10-05,0.05143876837832617,0.05856955542044817,0.04451604326253289,0.07260051206209295,0.06283937113093696
2020-10-06,0.03293777137796394,0.03697085423538371,0.048795552745406034,-0.036328882701250564,0.03433548933660391
2020-10-07,-0.015474790710420905,-0.017703403944474116,-0.023388831615516636,0.03412697076136695,-0.027690123417468016
2020-10-08,0.03215047440241947,0.031038744432762222,0.027136442469398725,0.008058383459788487,0.025564233995663432
2020-10-09,-0.011305991618404287,-0.014323869197832795,0.0008387543083765436,0.04339544710379517,-0.023059485588123985
2020-10-12,-0.02637099868510895,-0.028817689973340332,-0.030336081683687066,0.05107628898907124,-0.022855746156337564
2020-10-13,0.017497591583819805,0.01952828941932827,0.010284390042176073,-0.009024652033840397,0.005953975498672381
2020-10-14,0.02049467411657413,0.020895525787210767,0.020102621961858524,-0.07670756554339642,0.012175534690486822
2020-10-15,-0.0036934406403337228,-0.001949362311646996,-0.003186611772079795,0.05273148016246121,-0.014284600392969415
2020-10-16,-0.005328997753694775,-0.0019530766148807555,-0.008075985870986013,-0.0007207543752599799,-0.009491484465867117
2020-10-19,-0.007221089473266162,-0.001223073281657605,-0.017810217118417015,0.007933672690755289,-0.005561264324263959
2020-10-20,0.01267012972924686,0.015429763045927691,0.013297584614559543,0.04221825663562817,0.022025257436375734
2020-10-21,-0.03313253730841992,-0.03449108385801525,-0.02863227472566876,0.03776172024113911,-0.04007064046370301
2020-10-22,0.017493399239016716,0.015238586783746122,0.018247210310124107,-0.005292766263589654,0.015609903476336395
2020-10-23,-0.016250556796674864,-0.01943899919763703,-0.00809857017660165,-0.011972069742866354,-0.016578850907276288
2020-10-26,-0.031362254223953,-0.032371321210157955,-0.025623216209399113,0.017839102685864416,-0.023970497141133418
2020-10-27,0.018289710707155793,0.02619290159654364,0.03200213807365082,-0.0016533981941211362,0.02860733291530715
2020-10-28,-0.050485480401391336,-0.055092249734359444,-0.03757445689853389,-0.007618417191282312,-0.05422417310932748
2020-10-29,-0.03757662183389621,-0.032629078379736165,-0.02315561819517653,0.10180242373649495,-0.027649410937027552
2020-10-30,-0.005046545383953105,-0.010505868749095648,-0.00652332417796353,0.01605573202012689,-0.001902020277257166
2020-11-02,0.04030972165336677,0.02849959294974891,0.02866921070949857,-0.03279669961591436,0.002382141255569792
2020-11-03,0.0189889104590637,0.023091508894586665,0.013305719677162875,-0.05702834314813365,0.023669162053917114
2020-11-04,0.038277524371890914,0.039564569423894635,0.0411675551042856,-0.004249758541760573,0.028972096901244804
2020-11-05,-0.007276236730326069,-0.009195417530535654,-0.0033233337034391797,-0.03414316855629962,0.007039060216448512
2020-11-06,-0.03615928490597098,-0.04253677460519012,-0.023084772725697533,-0.01835482747392514,-0.028228318630961646
2020-11-09,0.07477821814672247,0.08481425895652728,0.06485199936900243,-0.010041566396849722,0.07036139958558185
2020-11-10,0.028537713229423556,0.026557450248452463,0.02942393409480837,0.03147950863589788,0.028775790294348402
2020-11-11,0.004356767348081325,0.002176019131038487,-0.00534933221861944,0.02780604288041988,-0.015241637654680784
2020-11-12,-0.006164394120245054,-0.007961443304718707,-0.010033751404713742,-0.01814577042988108,-0.015987771492850245
2020-11-13,-0.017229497381853975,-0.024075824160634363,-0.023595185232082594,0.006384346282468867,-0.027396090314304122
2020-11-16,0.024310447526956214,0.03015198236398864,0.020511481293685074,-0.09949912195090882,0.01901554561662211
2020-11-17,-0.0015974371362783568,0.0021770718978155745,0.008300125330301666,-0.0018539541681171778,0.005580736744152048
2020-11-18,0.013485717773437544,0.009413453699630203,0.020095294316398116,0.007429413662093598,0.00841132537839795
2020-11-19,-0.0031574061607274606,-0.0019129128871639978,0.005300569139451428,-0.04424774715532864,-0.00034392224302504104
2020-11-20,0.017194531864588525,0.00982270797616236,0.01227667137862487,0.022376576993563768,0.010924697980066567
2020-11-23,0.024466243576910074,0.02158955668965734,0.01881371599180226,0.02301881815284812,0.024506476375420805
2020-11-24,0.03907944384266382,0.0429632702071534,0.037390327228356224,0.02360757303954575,0.04501665563683699
2020-11-25,0.015670706026647663,0.01781338765928875,0.019933774178242825,0.043603534746478045,0.02328721450574811
2020-11-27,-0.008845922645066007,-0.0039378759304531386,-0.004399292137895583,-0.018301096330329614,-0.0042719053199563595
2020-11-30,-0.012245748211929919,-0.004173042648869529,-0.0178195657465805,0.013717916011916964,-0.025818947861741437
2020-12-01,-0.0035722206996743333,-0.017423928382634846,-0.00634264787569383,-0.0006939122354894245,-0.02282014479408412
2020-12-02,0.017503202511683025,0.016386073058090034,0.014027994406639932,-0.03472227051302046,0.015978382131421887
2020-12-03,0.00953365978181675,0.007950543729170034,0.019836105110799584,-0.09820144054565261,0.01758209639713737
2020-12-04,0.011086038301722834,0.013584551712886084,0.0069618461841736146,0.027124084175929486,0.005389503139058283
2020-12-07,-0.009340082933454896,-0.01080847423566067,-0.0027085064367493583,-0.06563112452180875,-0.010011795000615109
2020-12-08,0.001024784507528853,-0.0034965002902287434,0.005360243462317671,-0.0029093806219989693,7.964372769087014e-05
2020-12-09,0.00040950978094156376,-0.0017543425226828058,-0.005544880174199629,0.017924128428012498,0.015924819271070145
2020-12-10,0.028448615887940676,0.027680103446007465,0.02630640220935576,0.045454572081593536,0.031899019202515255
2020-12-11,-0.005572115010883061,-0.00448907845131441,0.0008358018105163456,0.014884491660392518,-0.006759780780213331
2020-12-14,0.006403836041765754,0.009018724208607942,0.01217894318796775,0.035121512495764895,0.008717583565691411
2020-12-15,0.009345742641669874,0.013407048966049828,0.006875763243981314,0.0,0.005837287772268329
2020-12-16,0.0063042458649122946,0.004199932117292304,0.009218775413581515,-0.0018642342163028847,0.019671419734312856
2020-12-17,0.008222360099642056,0.011292365515966019,0.011705805126894786,-0.015315699324341181,0.026018182478235063
2020-12-18,0.014757248961809744,0.01530185803205164,0.01190474387105045,0.02427926088429233,0.005403020741522768
2020-12-21,-0.02583234821048286,-0.027698509937247873,-0.023529455330947968,0.0018518059014955845,-0.025222127246951276
2020-12-22,-0.016303241383718303,-0.015081717540615047,-0.010694463126089904,0.02772645094235715,-0.015363137058615028
2020-12-23,0.022364195106523654,0.023394267618290998,0.024562122388697816,-0.06187047953438052,0.031728272226147824
2020-12-24,0.001757815454038747,0.0022859645218877844,-0.005008302857679614,-0.03450926043161262,-0.0022430668841761925
2020-12-28,-0.008383706326774543,-0.012647742403923634,-0.0073825752502635344,-0.08459087777146224,-0.008122467159307312
2020-12-29,0.004522208798194871,0.007979863012151256,0.005273822292395591,0.070281967974128,0.014769331285296117
2020-12-30,0.004893325489397915,0.008333365122477288,0.0020177704270190056,-0.01824080914259385,0.01736432459936399
2020-12-31,0.008959857481602773,0.0024793166963146263,-0.009061602509588429,0.04830722804038823,-0.002549491697309003
2021-01-04,-0.013706546234168338,-0.018549083210795736,-0.009686370477245743,0.01654196720960499,-0.025205941572215007
2021-01-05,0.049128955060417256,0.048509059745994954,0.03891930501474006,0.046880979805180356,0.05768812648045629
2021-01-06,0.01305971609826484,0.014019642672962185,0.006452009373810297,0.0051814129857303826,0.015770253223477804
2021-01-07,0.0014733302427025752,0.003950242123644809,0.006149022139926519,0.004786454735145496,0.005220316139797898
2021-01-08,0.029606483610305823,0.027739519902017173,0.02691629649344418,-0.010626618869960636,0.04019693532347279
2021-01-11,-0.005893942153275655,0.0001913920599532215,-0.003798621655290657,0.017407381668666844,-0.013940213715676997
2021-01-12,0.01652896130371362,0.018373188219572345,0.014744147020999021,0.0021842162386227493,0.02117305296261507
2021-01-13,-0.009190534481005708,-0.005638023721524332,0.0013778464979703475,-0.009444250886318728,-0.002704431269587415
2021-01-14,0.006421633728782128,0.01247400962607248,0.012821354933012286,-0.022368943440241096,0.003292879553975059
2021-01-15,-0.023395954230122085,-0.022587252032214677,-0.01636407697236386,0.026631696222165324,-0.016410360429543136
2021-01-19,0.014519112049223626,0.011841079538914112,0.0036411630587565025,-0.06978443023011704,0.006346545566746409
2021-01-20,0.0032200411495955095,0.0049075526326343155,0.0010633167070170924,-0.0027493988499347477,0.0037708918522725288
2021-01-21,0.0003565735095132361,-0.002066127101495785,0.0001249894973067711,-0.018905118797055698,0.0025908079979171106
2021-01-22,-0.012299441095836805,-0.01618672300136037,-0.015369254609026162,-0.018064969495150796,0.0005168380141407081
2021-01-25,0.008482245479108697,0.009565716388390433,0.011357861905717748,0.0637775521606414,0.00800673551355402
2021-01-26,0.00053684285475053,-0.003032022854352112,0.002823283499127305,0.020753228615470798,0.012555271080289199
2021-01-27,-0.001788561516616105,0.004561829708899623,0.006569040443526575,0.039156662466513836,-0.0022774727932914907
2021-01-28,-0.0050170683946290096,-0.00964992121585273,-0.004475109012152867,-0.034782592921265953,0.0036776416410562174
2021-01-29,0.006302940689940195,-0.0026748068253782398,-0.0008116234903561281,-0.03753759075165031,-0.006570254929686881
2021-02-01,0.008410833876558943,0.025862039356128852,0.029055290943967194,0.11154447171545612,0.011192406751043826
2021-02-02,0.01969832547309358,0.022595688173889794,0.016819446466171062,-0.0017543425226828058,0.01628828720224096
2021-02-03,0.017403411345863207,0.01698320550915855,0.009494814153885534,-0.019683653326819095,0.020173220829078353
2021-02-04,0.006500189429803793,0.009696551065604853,0.005915403927327256,0.05234847854070401,-0.002305007014374194
2021-02-05,0.008497620644176918,0.011026123722783554,0.007762449010952022,-0.024531525760335904,0.002735914162351083
2021-02-08,0.020559508216481115,0.019701016299795926,0.01989842759494964,0.006636414237761734,0.015461140756227731
2021-02-09,0.008751630899576313,0.006727607062894991,0.005092142342631112,-0.01630809570892877,-0.0007165511645789158
2021-02-10,0.0062203481284348605,0.005483202389950925,0.0024477703581395893,0.026807751034156446,-0.01206979840836786
2021-02-11,-0.005368502106740558,-0.007498272399807271,-0.009312878617258935,-0.01477155020152554,-0.0019353665581233193
2021-02-12,0.021099131966065388,0.02111949702589211,0.015361639536976446,0.01534167011381582,0.025633247876652332
2021-02-16,0.014736475483711375,0.00975278299061988,0.024274575728250758,0.07451923490231915,0.04750368703592467
2021-02-17,0.015627433111524924,0.018151543154644845,0.01284173954635559,0.028763232364701574,0.021208212954632044
2021-02-18,-0.006372335344280944,-0.010140643409782824,-0.0007073936420198823,-0.0425598259151877,-0.00894784058679543
2021-02-19,-0.015954957811584625,-0.021150012716708022,-0.0073513259469102366,-0.004218043923323922,0.007022273063357343
2021-02-22,0.03703700559543499,0.037981092779372005,0.01958415845987016,-0.03779730754031185,0.019259468129575907
2021-02-23,0.001992717459678106,0.0029272480983124627,0.005057575597616326,-0.025059301876829698,0.009176338680479956
2021-02-24,0.02554685786719868,0.025133826784161206,0.02157388167903851,-0.008683521151802709,0.019907425194183315
2021-02-25,-0.002386689438011569,0.004903472834673517,-0.0008908681238439797,-0.026979726234664048,-0.00174084808015873
2021-02-26,-0.011214115293069482,-0.03195338923819424,-0.0262771262720618,-0.0021606201184074525,-0.00808541742748714
2021-03-01,-0.03689700178511457,-0.013983749761814046,-0.02009156480474361,0.002165298505921731,0.03510920034699616
2021-03-02,-0.01554400824487323,-0.014676771085198381,-0.006101612549372359,0.022326264798994355,-0.0033454561251021753
2021-03-03,0.021850062443612206,0.02560667413049167,0.015264670206090125,-0.00810144488042075,0.00795286739148926
2021-03-04,0.04167314158986968,0.04161232216961652,0.032848499977401024,-0.024857930973756992,0.023619233873565904
2021-03-05,0.039256859910754116,0.035406461569869485,0.02531644375808284,-0.016387500163880242,0.03343504618248638
2021-03-08,-0.01614767498163594,-0.01573601670085989,-0.018261342328483643,-0.013698608371661147,-0.007749210477300261
2021-03-09,-0.010551014701678296,-0.01598771509203245,-0.0006287454735135478,-0.0007507858236887044,0.0007321185201081271
2021-03-10,0.005628034681656402,0.006717704902752919,0.005243008696721674,0.01126971151619971,0.014291276289480237
2021-03-11,0.025478581570866465,0.024518841430783755,0.021957999382969273,-0.008915278681392858,0.028131787749561266
2021-03-12,-0.005888209807371703,-0.006210179545016681,0.004133874327957088,-0.02548728584663129,0.005612761393408272
2021-03-15,-0.004911932408106723,-0.0033531659603187602,-0.009453614892248718,-0.044615362043210594,-0.021116344491100558
2021-03-16,-0.007113790408074028,-0.009022730438869253,-0.008312353909133763,0.03140099423620191,-0.0016154371445414872
2021-03-17,-0.005702579223994975,-0.0030864902502700797,-0.013763130708385196,-0.01327085066761391,-0.02574720823794474
2021-03-18,-0.06941178265739889,-0.07120740840208939,-0.06395261498058169,-0.018591838445767506,-0.05031510011460305
2021-03-19,0.019753476992938168,0.023666636149088482,0.02135411119724151,0.021765473760117615,-0.0005144008634134778
2021-03-22,0.0013947616455562972,0.002116591859179895,0.003841348216995888,0.018540406210695526,0.00859452914569303
2021-03-23,-0.059269601799224136,-0.061575970146321324,-0.04395123165225845,-0.028659999872572617,-0.032350255115664917
2021-03-24,0.059549312256341524,0.05921056237925115,0.043856120819827815,0.003987237190562043,0.04882935520622245
2021-03-25,-0.038192870040420046,-0.042824434763252484,-0.04261614498346411,0.020651329666534934,-0.034238299074596634
2021-03-26,0.04229215334331582,0.041154368013920584,0.035587567503675865,-0.005058370343102858,0.024155380550323846
2021-03-29,0.006349754747516867,0.009676892582832108,-0.00011044971541251947,0.011341433224846709,0.014181863330883004
2021-03-30,-0.012927114864415001,-0.01640679197042183,-0.011382517494908151,0.014307788616941819,-0.003107495505005664
2021-03-31,-0.009354513249620111,-0.022956224726055297,-0.010004466017722646,-0.005718592077794793,-0.017948699968432624
2021-04-01,0.020774310289656484,0.0387086024583132,0.03404279003180677,0.011886464123626705,0.03532483783801599
2021-04-05,-0.04178228583057009,-0.04556548742549782,-0.03232142980339059,-0.04850322998910084,-0.030262583468018245
2021-04-06,0.00949316392763433,0.011594207800246004,0.01224329967327753,-0.021903556405840297,0.002651587612324313
2021-04-07,0.006694264547485007,0.007416123599016666,0.007691826220355358,0.026058586704029274,-0.007374267332423079
2021-04-08,0.0006333267198224135,-0.0028442694050623274,0.001050985627891965,0.0007936878869925224,0.003842633720324784
2021-04-09,-0.003955696154779198,-0.004697966215862492,-0.0012156080250022017,0.001586022356704353,0.0014290755545820488
2021-04-12,0.00524222418360476,0.0064059519566785905,0.00022125866437061603,0.013855932507344182,0.004026298099893522
2021-04-13,0.0061630751765442415,0.008040193234541748,0.0035951359707906416,0.022647343560040722,0.0028933970035989187
2021-04-14,0.04570447221292229,0.04935196420143062,0.04160926564645773,-0.0003817974558124604,0.03026776746049209
2021-04-15,0.005407038156368005,0.004908908172657878,0.004709019267690406,0.01527882405911174,0.008007842102834228
2021-04-16,-0.002539674217798993,-0.005200094880527084,-0.0016852146583290484,0.008276927934441236,-0.005799760233505702
2021-04-19,0.004193596267321187,0.003960082302711498,-0.0016879965167267974,0.02574627015048403,0.002255035991865828
2021-04-20,-0.007158886429327493,-0.014831215297645972,-0.006552195935848326,-0.008002936997653642,-0.013255116028619507
2021-04-21,-0.01877722706519991,-0.01745676131584084,-0.014041790271035803,-0.012834648278389649,-0.016853394793814758
2021-04-22,0.001224767780594771,0.0013040233585079886,0.003830169885291612,0.02117390864600388,-0.004386413843279535
2021-04-23,0.010856254860968306,0.011557855786187288,0.006825000791183644,-0.006911623464828098,0.010634540908702306
2021-04-26,-0.0069580862233517005,-0.00370131227060555,0.0026687991778089337,0.021978000864594893,-0.00856841034469269
2021-04-27,0.011728813787808878,0.016637034111379068,0.01447962939459324,0.029749084523916558,0.021126059634768657
2021-04-28,0.012797327575334139,0.014617127481985293,0.01726398505708371,0.01809956403339852,0.02563849305867283
2021-04-29,0.01917646766614345,0.01800816653441273,0.011761110381742101,-0.00478630399763158,0.013367409785056239
2021-04-30,-0.019107316295835397,-0.02199661987672563,-0.020546553980036686,0.006870484656400722,-0.014334066902757736
2021-05-03,0.004609629124070702,0.014312614131922974,0.01603247337709912,0.01194134626373855,0.01531555503336457
2021-05-04,0.019538184466028286,0.01860760765059477,0.024027887608219167,0.0003371299709187259,0.02364978393139361
2021-05-05,0.0011614668154000807,-0.0009134599750061367,0.0018511195999320051,-0.009774197436618559,4.643797975067976e-05
2021-05-06,-0.012616049276861552,-0.014017952269492095,-0.00649189067297018,-0.003403672766032928,-0.017477823292519346
2021-05-07,0.002790460443901077,0.0029362145587148447,0.010605701817038238,0.010245891961531806,0.006244994642152113
2021-05-10,0.0005858365003292842,0.0003081146779084776,0.0029840859815193355,-0.008789730687752129,0.0030560937756596296
2021-05-11,0.003366559689124582,0.00554529606446863,0.012446689515410503,0.00784447562100854,0.0030467825225566347
2021-05-12,0.011232627407544049,0.012254948938686727,0.01361614571595049,0.004737792807068653,0.009860294665714253
2021-05-13,-0.03274663377178144,-0.0342009999032471,-0.03314807458705604,0.0013472375767582534,-0.030402616271532845
2021-05-14,0.024757583253701698,0.024287105283134602,0.017642069004715433,-0.004036355103657185,0.014938227705507012
2021-05-17,0.01091544185698412,0.013767689439655673,0.011884864975372444,0.049983115036603465,0.014906374238237152
2021-05-18,-0.010797581484098484,-0.011770013864614959,-0.0019413456046463162,-0.031199705584876725,0.0012047412855096251
2021-05-19,-0.029835474453186905,-0.032524008595155696,-0.023973912621054194,-0.015936286831790825,-0.027257214453798695
2021-05-20,-0.023252369736049938,-0.02067552652575244,-0.021274500533831397,-0.013157906379201223,-0.026070425128002506
2021-05-21,0.020426997674505287,0.024657576354655486,0.012115605578198352,-0.00649574486000104,0.010404492871957549
2021-05-24,0.030403319819981123,0.03884871263870715,0.02705970597599383,-0.006882306132912075,0.02378537925323876
2021-05-25,0.002775378965047981,0.0003027500702874608,-0.0032321945869175916,0.009355575050180587,-0.00018891550118116385
2021-05-26,0.0032046790358801758,0.0021189555062068877,0.004814874771086997,0.02437344941990549,0.01549140823818207
2021-05-27,0.008566811592292334,0.009666204478147034,0.0054762128751855155,-0.008713144494204683,0.0007906257730916355
2021-05-28,0.0024474254417794494,-0.007928179377626243,-0.0057867865051192124,0.009465894818071252,-0.005390843941749157
2021-06-01,0.008904247752955285,0.02110979391316503,0.013206137893275516,0.03951775891011566,0.01411083356383891
2021-06-02,0.01565834126862775,0.016391030572105336,0.017185588169927213,-0.009342797362648203,0.01091964610262397
2021-06-03,-0.0005606295218332225,-0.0002906330368847021,-0.0025627366392926287,-0.011056961880552718,0.0035095051225062512
2021-06-04,0.008133527568530807,0.011771620647109238,0.00865961843726426,0.018414993855684125,0.004405405121526984
2021-06-07,-0.005564077469397022,-0.005601829564242378,-0.0020283405340265626,-0.008718098619073689,-0.00832012409194216
2021-06-08,0.01021126561403296,0.01184457106836323,0.009169918870520766,0.018892537133306186,0.011809824354505505
2021-06-09,0.0,-0.001284853152949239,-0.0025761490519260466,0.0003196699213698917,-0.007435779825878175
2021-06-10,0.004153910513605474,0.004717007366684234,0.006527373633669509,0.006391812481841397,0.0044040049989417795
2021-06-11,0.00234426097916951,0.008820639330011204,-0.010590683877802487,0.04668151085455685,-0.011798174279654572
2021-06-14,0.002338673314564055,-0.0004231618550520899,-0.004291017508988304,0.016990289506414236,-0.006815776524107697
2021-06-15,0.015509157891187675,0.017494434836540007,0.0003315007454249841,-0.03341288443306634,-0.0003224009470856881
2021-06-16,0.00540615674317757,0.0004159564358627854,-0.004213382322598602,0.003395036404824525,-0.006588393315843821
2021-06-17,-0.017609861128403792,-0.01538462351873171,-0.017400339752710714,0.0006152240863346314,-0.010203059391903246
2021-06-18,0.005883966809002716,0.008445924357947998,0.012773296566948034,-0.011681557505820672,0.015977797647853675
2021-06-21,0.0189089831214051,0.02819659812494102,0.016052021996198595,-0.007464986024518061,0.013190046873338579
2021-06-22,-0.0012016550794602399,-0.008145615988127686,0.011378579053110016,0.02099652540969732,0.01247212806471909
2021-06-23,0.005079600256835626,0.00027380609265548195,0.0039051433238144195,0.02302027319052513,0.019152163217530882
2021-06-24,0.004920802037156946,0.0030104161903514726,0.0013430228835022984,0.02550256212349189,0.006175807745590456
2021-06-25,0.008205436297178847,0.010231923175643143,-0.006012121714646601,0.022820382988966825,-0.007453180733178133
2021-06-28,-0.01969020732463933,-0.01539499449921189,-0.014469842874254346,0.03461099820251756,-0.02089319292274172
2021-06-29,0.0010712617933552604,0.0009600835455807477,0.0017467745339430074,0.003594141850679078,0.01010563085626548
2021-06-30,0.004949105224920647,0.006714138684990489,0.003204644909253984,0.0055096364451752144,0.0024117651631387904
2021-07-01,0.009450274330209174,0.023955384605798935,0.012918642334613706,0.0030136760812609076,0.010336853877584318
2021-07-02,0.00435129017655056,-0.0009304757636671157,0.010620584938252353,0.010652836435412372,0.014199972999695998
2021-07-06,-0.02153077890340649,-0.023815870520370153,-0.03405082470003751,-0.0170270170130985,-0.031133125856567356
2021-07-07,-0.01475913715467081,-0.015946650600259793,-0.007506294889670917,-0.01127306209686152,-0.009963140457029174
2021-07-08,0.009396737553296841,0.010249383995051264,0.014982561695989105,0.025583984636189827,0.022302727817535173
2021-07-09,0.019293041718643655,0.02220996795947272,0.016412022935139214,-0.003796078932324365,0.01631790864863647
2021-07-12,-0.005162135988019179,-0.006169515819942961,-0.0025055411964559626,0.0204137308594301,-0.006457273716900858
2021-07-13,0.017695504747968105,0.015519589062886974,0.016094529004654134,-0.014137095831547875,0.01804849177632839
2021-07-14,-0.022617280374621296,-0.028172793974512,-0.018723672615197584,-0.00974026309128262,-0.010697520633959123
2021-07-15,-0.01725522844657834,-0.020237874786326326,-0.014415675406382111,-0.012568306758456549,-0.018835847842891384
2021-07-16,0.0016332532352494322,0.0022330220419752855,0.00033134380339117087,0.016602086723271903,0.001466449653449109
2021-07-19,-0.06753626632197018,-0.07505917801000395,-0.060616113385838166,0.028579210224509932,-0.06354274411800831
2021-07-20,0.010638235183915379,0.015055706527669743,0.01385252504568979,0.025668135095447964,0.009998125775066535
2021-07-21,0.04152855005306466,0.04271736815530014,0.03691549129601057,0.021413876330632187,0.03997188416895048
2021-07-22,0.021597639292425752,0.022901856905556794,0.021849630182719793,0.011113834480058982,0.025488318705408686
2021-07-23,0.0042010781236963,0.002224948193114251,0.000609517983295893,0.014239361307384346,0.00796235394607292
2021-07-26,0.005398131364585668,-0.002220008788571315,0.008013541559011017,0.010344900079711561,0.007419351247173855
2021-07-27,-0.0002684113163275992,-0.00361566017229209,-0.00330083924225677,-0.031935707661407964,0.002512675444177548
2021-07-28,0.0034907961213421768,0.010327953217171393,0.0056439114571702476,0.018383327486444223,-0.0025496497592890632
2021-07-29,0.017527498333302916,0.016991343656641567,0.015491679180140938,0.0037091656611698554,0.01871589039975241
2021-07-30,0.003681772098106384,0.004482398659995557,0.004567457137415465,-0.035723079670219926,0.00616659937464048
2021-08-02,-0.04506750109898061,-0.036375861028019485,-0.02891700683103826,0.0053653316972563925,-0.038547745791119525
2021-08-03,-0.006585206908469643,-0.009823246655234374,-0.004401110313083212,0.023379926039950316,-0.0017144295179966074
2021-08-04,-0.02803488891071093,-0.034155273754276405,-0.024595549519843996,0.032530430487928585,-0.0091598170850401
2021-08-05,0.012929862142970983,0.01379302701342966,0.015380130551442273,-0.004329034612322702,0.01955551571316194
2021-08-06,-0.008276111091431448,-0.011723803756369944,-0.010208866454346599,0.0,-0.01617255436208842
2021-08-09,-0.02347943570535216,-0.026361972093488895,-0.02034066691089942,-0.019323653692280396,-0.009792180010299911
2021-08-10,0.023030074113643773,0.027226195354952187,0.018657267067576422,0.007142926772492508,0.01481111878884045
2021-08-11,0.011468288538678761,0.014057681528810484,0.012306488339071109,-0.007336808059935196,0.015124162896270166
2021-08-12,-0.0018197771328343215,-0.0023105221965252776,-0.0009022498504080989,-0.031042110629979525,-0.01164110621163128
2021-08-13,-0.010096778086572167,-0.009407930683705934,-0.012358012945021923,-0.018306642536662032,-0.005625375181310344
2021-08-16,-0.015299536162186267,-0.016803060854117646,-0.014245106102524496,0.02201503154708151,-0.02726945493966726
2021-08-17,-0.006905529307751235,-0.010402802319998017,-0.005956215859659997,-0.027622960784072004,-0.01603890006590658
2021-08-18,-0.011589098022745659,-0.016969474629254244,-0.0073178968391416355,0.003909331592842458,-0.008265602869478084
2021-08-19,-0.026088323627651122,-0.027039420753421917,-0.02582622267083312,-0.005711338109421149,-0.030823679159228456
2021-08-20,-0.019112064731253597,-0.02151042489283783,-0.030878596689299487,0.005483067176023315,-0.027816454695774873
2021-08-23,0.05477139733214664,0.053273422835076634,0.05078083270580103,0.024409208244168923,0.049219130886797746
2021-08-24,0.03345458984374994,0.028945788292900954,0.030771585109582,-0.012420792300306571,0.02712887292644206
2021-08-25,0.016889470748763014,0.012140948826012021,0.02486933582872264,0.0002567161095570203,0.055025736481432386
2021-08-26,-0.016332184154682072,-0.013750767013069765,-0.016523503341540624,0.07364637808413876,-0.0197323283167129
2021-08-27,0.022935095826891905,0.01957875601711656,0.012480809890708766,0.044455035760507355,0.008335559412095295
2021-08-30,0.009766255071133934,0.006837376131936912,0.01474494343945354,-0.014874155359878904,0.01692906129838012
2021-08-31,-0.00572137007747664,-0.010258620052950529,-0.00434518215243751,0.016724745545615205,-0.013015136749707557
2021-09-01,-0.01918073115294383,0.001313815151688047,-0.0009854485234047639,0.054375125418961945,-0.0752212417110738
2021-09-02,0.020114576268585482,0.020411161986103155,0.018225374706554387,0.005633808055830913,0.024918351036554487
2021-09-03,-0.005751036231214868,-0.010001385478031866,-0.0038289734714930246,0.015298449113017032,-0.004391045247513992
2021-09-07,-0.012670405745929036,-0.013566206220032018,-0.017504896667616232,-0.030560283673589206,-0.011142028291230566
2021-09-08,0.012693485865879373,0.013899116296197223,0.00697590136015247,0.0757443534774771,0.0009859111417360733
2021-09-09,-0.01584024173621479,-0.01673886884597986,-0.010625384525848491,0.023809544603050625,-0.015196346149631279
2021-09-10,0.020573845815108793,0.02318758211340266,0.015281258812249732,-0.018485377183773855,0.02586087082906574
2021-09-13,0.00809111330362633,0.010470391777937849,0.005731600661972758,0.05933570927882781,0.003203376024721205
2021-09-14,0.0012242733679130868,0.00014197497038659357,0.0013899926275047214,0.005543927085390088,0.005321801623042521
2021-09-15,0.025271747947190004,0.030513788728570912,0.020358187162726082,0.03802277577232216,0.015742935516137146
2021-09-16,0.002782919255506222,0.0,0.00258462464562359,-0.022893772733822648,-0.011510887288602834
2021-09-17,-0.004361065667239816,-0.008814204438351125,-0.0008593205275272409,-0.043111530914510254,-0.004538828605332168
2021-09-20,-0.0188478661795628,-0.023343063452561208,-0.022678958823877937,-0.023506343802298546,-0.02583700702705105
2021-09-21,0.005952414127508687,0.0038411813849723586,0.006855058946483528,-0.036108385226638284,-0.00472768072109897
2021-09-22,0.02461002980142446,0.023667883448451832,0.017388938158796163,0.0,0.008882711357804718
2021-09-23,0.013912554464202032,0.01481378437069547,0.016956006297027315,0.0355879313056755,0.02241161651595669
2021-09-24,0.010873739001820315,0.009276947842630001,0.00800325735903118,0.03295820736820754,0.007368193720395988
2021-09-27,0.01844029336581654,0.019870147669719174,0.012747521876068424,0.11011673140921796,0.01654859270368303
2021-09-28,-0.005532534240661802,-0.0021205571794071787,-0.0030487671911113567,0.023659346723048147,-0.009803499007277283
2021-09-29,-0.00568968224906341,-0.006109696890411187,0.008082066819279587,-0.06231806858503619,0.012443806130256085
2021-09-30,-0.0015259759348094093,0.002672683995033509,0.014821318827288543,0.07120683761993418,0.010900219692029145
2021-10-01,0.009679090279196778,0.01132878166000495,0.017508599745749365,-0.0422703495150476,-0.0015973918681867483
2021-10-04,0.024974815683910467,0.022931016817949068,0.022621397655018693,0.026161209657552087,0.026000022888183594
2021-10-05,0.015997974257788927,0.01687706148208612,0.02339322108827324,0.09469303214028102,0.0213991126925126
2021-10-06,-0.017926305369482254,-0.01900418084632438,-0.02069296665161091,-0.10091882564794741,-0.021078088028321007
2021-10-07,0.010730082604096358,0.011235990483702496,0.007207231835227645,0.0003523973522976398,0.011350861021442116
2021-10-08,0.005369157508134492,0.013409902700376897,0.0057326699178290585,-0.0197287277880569,0.013622357992900458
2021-10-11,0.015293144138422976,0.014744778720152008,0.016695661392999828,-0.039532841826904086,0.004944601081639632
2021-10-12,-0.0027495917840770767,0.0014903471384131173,-0.001988116990996547,0.029934580080410278,0.0021027438842509127
2021-10-13,-0.0028769823667879058,-0.0024801209047115025,0.0044223322029506296,0.01544051523704737,0.009484214837061522
2021-10-14,0.009858135270687018,0.01081545363976355,0.01598504292498948,0.017352351088621765,0.012263566171143214
2021-10-15,0.010238102504185331,0.01192966732048073,0.004802067150751821,-0.04870757169976814,0.02110880797561565
2021-10-18,-0.006245566527043223,0.0019446240214291421,-0.009519327681271172,-0.07781885687410584,8.045093178776774e-05
2021-10-19,0.00889363196626669,0.006307576754816191,0.004511172714110945,0.019843652077653928,-0.004463852536004453
2021-10-20,0.008697670990169382,0.010969186019189614,0.012340375373102175,0.016116403002012447,0.01329018588076658
2021-10-21,-0.014099266939820665,-0.016334836076273618,-0.016664744455340053,-0.010638356743547184,-0.011282111040479825
2021-10-22,0.01087339749803462,0.015272753166429842,-0.004001421663533344,0.032258151725022666,0.0008064568071675104
2021-10-25,0.0053782192334603796,0.0,0.010161877479007764,0.11704536536426602,0.01373838908920666
2021-10-26,0.004768038984707568,0.010625589385741652,0.004912927062057815,-0.002712749177338658,0.0002383996221990703
2021-10-27,-0.021064810910669807,-0.023508539018291197,-0.024250183626611688,0.05440329366229757,-0.026660764303599427
2021-10-28,-0.0030740379593490186,0.001814588553582741,0.0006759680374248678,-0.06772010105380089,-0.00600080566147021
2021-10-29,0.0007115460010780339,0.009177661618607225,-0.00798723558181047,-0.06157038094109446,0.01108827558250991
2021-11-01,0.003910901182700766,0.005743728116386793,0.002683784719990534,-0.04423152280219245,-0.021405282937595915
2021-11-02,0.00011807503646044104,-0.0016656678710912365,0.002037478323634767,0.068646346991448,0.0169343189643254
2021-11-03,-0.03222383519355354,-0.036348503380355335,-0.02938360307117205,0.023096402675657046,-0.04554913051804588
2021-11-04,-0.017685046786455993,-0.025352498593666506,-0.011460250887446954,0.008112875343162962,-0.019628011965278636
2021-11-05,0.02731558136620338,0.031214302254529258,0.02036068512698419,-0.034989552711569116,0.012344084424681157
2021-11-08,0.008339406081957268,0.008121123284993814,0.004683124953335227,-0.01613483530704385,0.0005601691293699584
2021-11-09,0.016181211424942887,0.02709631651939448,0.016618754558350712,-0.08255020277221015,0.022823172823280613
2021-11-10,-0.02524179547606953,-0.03339281208597611,-0.02232765581335039,-0.019883505782572253,-0.03283936829516765
2021-11-11,0.002783196498455043,0.00307351870242889,-0.002039115192020713,0.0551229604707868,0.00896747379777496
2021-11-12,-0.008447020084907497,-0.009805067511588605,-0.017735201723402705,-0.06952811551812721,-0.002761285793902557
2021-11-15,-0.0014603276117979291,0.0011139539159645828,-0.002329830569769542,0.0471718460047843,0.00752791675958675
2021-11-16,0.004631288717664717,-0.0014836192045299956,0.013677577656795004,0.031891536991422775,0.00897458407536278
2021-11-17,-0.026082755282288983,-0.02971770012871533,-0.027356199049542673,-0.06973151590556326,-0.029535716416535296
2021-11-18,0.0119581352649476,0.00829506790219492,0.00828969451685646,0.01785713578492576,0.006139621096056258
2021-11-19,-0.028926619102843665,-0.03683082626794387,-0.03800336046177999,0.0332517561118959,-0.03591512909914085
2021-11-22,0.010267430154144996,0.008541413126308406,0.013953110736560026,-0.05449161298522176,0.021836442849549886
2021-11-23,0.032747813178042096,0.0228013029315961,0.025328922579583413,0.03716850532909577,0.03406773821762643
2021-11-24,-0.0007289218852307711,-0.001401281660529441,-0.0005452738813810365,0.020334171934403678,-0.0074875595829694275
2021-11-26,-0.11586624655680089,-0.1306288805140844,-0.12106581813794182,0.07478299110136022,-0.12514544643331582
2021-11-29,0.009901006719154726,0.026412257990629184,0.027500606148911144,-0.10886725394585595,0.023504447468438716
2021-11-30,-0.039079556797017356,-0.05389559410354117,-0.04102968549930752,-0.05912652943501773,-0.04669972609010409
2021-12-01,-0.02408951332852094,-0.009217295369275735,0.006444394512375773,-0.0676592995828954,-0.0146457468545238
2021-12-02,0.011616021351225969,0.014183320260853893,0.012661861717226719,-0.04744003503823713,0.008508027701817023
2021-12-03,0.0030141967847252538,-0.003608990432624526,-0.002377044804307782,0.0187376066138345,-0.007521447615281063
2021-12-06,0.04579285494291008,0.04874729283736201,0.03469305995640659,-0.11495641532932233,0.046290060384762244
2021-12-07,0.032293384663664604,0.03683990886007793,0.02459471203149599,0.01394582415440282,0.02774922607013286
2021-12-08,0.005037079018032964,0.004302533594218838,0.01649735189910162,0.028856557208660982,0.023095268208425113
2021-12-09,-0.018464805216485303,-0.019624076243335065,-0.004864527475122782,-0.00026216669051892794,-0.009355307718103889
2021-12-10,0.009809236426966406,0.010290325661350463,0.0005777436572689254,0.0291033204507698,0.004134574982830541
2021-12-13,-0.010113135339974044,-0.005302040785911788,-0.008349626928295995,-0.033375807274688474,-0.00968567057787495
2021-12-14,-0.009275473142459356,-0.007855204816974215,-0.006449303697730335,-0.012387963217177944,-0.0026930655505245094
2021-12-15,0.002442338027533353,0.0019793493991784317,0.0009015927960274173,0.014678427292545537,0.007911706060663937
2021-12-16,0.015430420032882308,0.021306539414643444,0.020671890671921878,-0.00946870408153544,0.023642717525709456
2021-12-17,-0.01999466898321478,-0.021000230737016623,-0.02047393149539678,-0.020180556173689523,-0.025759892187242506
2021-12-20,-0.027203483287816743,-0.03711539981321654,-0.021126986709712803,0.03902440411186103,-0.014940912265403505
2021-12-21,0.03439606864279221,0.04235672354477105,0.03902439077911524,0.009128807094998415,0.0297607999913303
2021-12-22,0.017707454706015202,0.023059608075271854,0.0221454292019978,0.027655754379439346,0.007341324857114362
2021-12-23,0.02071985043995439,0.014156112548875166,0.01022612986157001,-0.0616197483976455,0.017573802812657524
2021-12-27,0.02277163350353617,0.02412249298295266,0.009479271061297201,0.08818011281013916,0.012601461095979705
2021-12-28,0.004325750303889597,0.005425481854771652,0.007605791094865477,-0.0012315552983714895,0.00590896826948617
2021-12-29,0.003673687693924288,0.00763351113496924,0.002698772708403352,-0.007644799458510487,0.010947349613332324
2021-12-30,0.0011358870892026474,0.0056165140920581,0.007612088217080704,-0.11505965204160717,0.011048991414957632
2021-12-31,-0.019415039352651875,-0.023119870485598715,-0.02746356327456312,0.0474585524276816,-0.029737030565391898
2022-01-03,0.015428189720621655,0.011567647349721266,0.01171618397674945,0.022788213863893292,0.01256455810555801
2022-01-04,0.012914618887223117,0.011961041151597351,0.02210059577339485,-0.025688086008173072,0.0087746278255878
2022-01-05,0.0100000381469727,0.011170290092400004,0.015189921013637697,0.0443906272570227,0.006941088415452157
2022-01-06,0.01472765800824849,0.020680804648785633,0.012918522758053053,-0.01803192524293884,0.005322681105964344
2022-01-07,-0.002927160263722639,-0.007047540461187607,0.0016547944920757285,0.027282227740151432,-0.002343523262184344
2022-01-10,-0.010764492396550085,-0.008491738352191969,0.002337016918515289,0.041624134682391345,-0.010222265780362227
2022-01-11,0.03524172594691244,0.038220602524166036,0.030551524566764243,0.0416769003316817,0.0360376285177717
2022-01-12,0.011347311686460637,0.017483355671057854,0.01193627390347074,0.1430924432253493,0.014168176630811935
2022-01-13,-0.0023620757360018896,-0.006292311797034489,0.00551233849741517,-0.12085647692042312,-0.0028024255111469554
2022-01-14,0.018823207232308237,0.02070137471242295,0.009890737842663366,-0.0018735121870979698,0.014638626990571613
2022-01-18,0.01684876387138501,0.01920783364606682,0.01507042910004519,0.004927242617023708,0.005291433952285374
2022-01-19,0.010627360101397532,0.017909385155464808,0.00684370093037634,-0.05883722986000384,0.010362747639442338
2022-01-20,-0.0006784846939373868,-0.0006899443333189259,-0.0076143752504466145,-0.05680974541084172,0.00211636515013236
2022-01-21,-0.0055442167797824515,-0.02025318878396498,0.007261067640186969,0.05181484069726072,-0.00804156783798926
2022-01-24,-0.01843216245115631,-0.0214940315265868,-0.023706932255795676,0.00700171978549835,-0.018178831116397176
2022-01-25,0.02237162837922635,0.027487708349970053,0.01587125142262602,0.006456424933788174,0.025646402181122463
2022-01-26,0.01995467343681745,0.020443925598071955,0.02806186002218669,0.055267697653003545,0.02577760854588318
2022-01-27,-0.006891982579944722,-0.00847164140465062,0.018403846671827706,0.4648117697281202,-0.0007531792765131939
2022-01-28,0.007723331874747386,0.0024246516914070426,-0.0032206343102793022,-0.2595371048958809,0.008449059187579877
2022-01-31,0.013106745764470018,0.015319072054016392,-0.009441735053838718,0.05065749872953074,0.004720168347544407
2022-02-01,-0.022475555782702217,0.0005671630345758238,-0.006523675434142673,-0.025235975200946115,0.008182284967084952
2022-02-02,0.003476867943708939,0.0006803309531120405,0.010105044381238049,0.15786150524977538,0.01234856735917167
2022-02-03,0.018330159464320595,0.022773560595811926,0.02549750258489869,-0.11143427088771718,0.013693840743895125
2022-02-04,0.0237075624875962,0.02259888103899721,0.012537400104754681,-0.0646481145665655,0.013546744143308365
2022-02-07,-0.006218443470945245,-0.010724709023430812,-0.006851870417909578,-0.07436573722705841,0.002538799653885926
2022-02-08,-0.020606361115555916,-0.021462977343655654,-0.02199347450856748,0.003780782447885045,-0.02241843067078697
2022-02-09,0.00848209168115277,0.0033572409322819574,0.011566281024361524,-0.0562618437568122,0.010780559988963212
2022-02-10,-0.0015292122881666037,0.002453642452856286,0.0008141966456651772,-0.01247186732008465,0.004522531158219767
2022-02-11,0.03314734337498826,0.035825559847585176,0.02960532751521816,-0.004546634347570744,0.02746303993256216
2022-02-14,0.02160102565428268,0.025349093974556425,0.017485994168332075,0.06445069472306653,0.014898157588359329
2022-02-15,-0.033167542146512075,-0.035512250389282185,-0.034539862139359556,0.026460084980448606,-0.039684845546473446
2022-02-16,0.016402216973832706,0.017269512029492784,-0.000699372299187262,0.09544815437120446,0.002997226355261562
2022-02-17,-0.019407197397652953,-0.020286156860866766,-0.024951890761490958,-0.04897179271159913,-0.010645789210399048
2022-02-18,0.0061310066402073815,-0.0075196428219546085,-0.0016868657567021828,-0.01226032714897729,0.007928682187848146
2022-02-22,0.035278975732995654,0.014055109076382521,0.01340998385370984,0.015120719644194036,0.01543299460914671
2022-02-23,0.0,-0.0027070926272950713,0.003689533468257844,0.027790128050596996,0.00534902667292525
2022-02-24,0.0231309952279255,0.007709002130680265,0.023928993534332976,-0.011897102195802534,0.016768735034320192
2022-02-25,-0.011606797584035378,-0.01314514872099748,-0.016362317897096856,-0.021453601801292077,-0.015770473195934498
2022-02-28,0.03124678391767577,0.045092314094830055,0.05751891221217731,-0.015212492835441349,0.02555641275010112
2022-03-01,0.03940987663255946,0.08033851173565365,0.04569583822159706,0.038845980404613956,0.10429035820581012
2022-03-02,0.07583118026012481,0.06952900645381388,0.10904130094484454,0.04132957174538032,0.07109785937372037
2022-03-03,-0.02187196682925996,-0.02649186569257833,0.002489521985308274,-0.008399823844621235,-0.007224263794449404
2022-03-04,0.0692558536056902,0.07439400271616936,0.07789571824496866,0.06226168240909202,0.07904028899433002
2022-03-07,0.04318007321789907,0.0321576868161253,0.038450339195464256,-0.036483177515187815,0.007928897980727712
2022-03-08,0.038714425029665156,0.03601336153610757,0.13153136348859729,-0.06331475710806023,0.030934212262555105
2022-03-09,-0.13158308740091784,-0.12126111859385258,-0.21927754332750926,-0.0002208808331578549,-0.10557755485841458
2022-03-10,-0.01628574382340997,-0.024655017299143767,-0.048523477826755035,0.023199297070812364,-0.04162372181537166
2022-03-11,0.030549677873890957,0.03122057435194936,0.03683025244000748,0.02029796195620004,0.049228638417408765
2022-03-14,-0.05121147365614109,-0.05780663668688468,-0.041344793554382586,-0.014179875897198158,-0.04323538646903091
2022-03-15,-0.06538819236665172,-0.06378021122779332,-0.07526780702205049,-0.01932163004192855,-0.05389881975693933
2022-03-16,-0.018917094883059704,-0.014516813463681721,0.02323662364923096,0.03940462160444014,-0.003535602507303559
2022-03-17,0.08794126751474218,0.08354379592718453,0.12493145687047114,0.050968748688145604,0.0766861899896436
2022-03-18,0.012096782847999199,0.01670220950903456,0.03174281421700487,-0.02545087392119172,0.006901731014087753
2022-03-21,0.07124990660300656,0.07086920739842895,0.05636309120516314,0.007608509136192154,0.04100279789218786
2022-03-22,-0.0012108578647528345,-0.0032108508877336517,0.016653985383383585,0.05857136670771679,-0.01213073705327894
2022-03-23,0.0529961459930981,0.028364335257270445,0.06485167788257762,0.008675550038164337,0.03242562903508439
2022-03-24,-0.021134866176590994,-0.022535490824048265,0.009380764114515605,0.03230125245402071,-0.01424957843237784
2022-03-25,0.013610037496394556,0.01388646287023354,-0.009341687110827612,0.03147566664942136,0.02368943983695515
2022-03-28,-0.06771651940006718,-0.06971029266933082,-0.08049387746493142,-0.01130859828708386,-0.07239191891569707
2022-03-29,-0.020003555590766275,-0.01623255224202025,-0.017788254006464332,-0.031227293854713345,-0.004815480408093653
2022-03-30,0.02921158934271273,0.034343840218928,0.024864797654732707,0.05041230418600651,0.037992085810146126
2022-03-31,-0.048832026753251045,-0.06993137578249586,-0.03079953577083072,0.006601280850109248,-0.04072182102172073
2022-04-01,-0.032619814224850385,-0.010071820388164898,-0.07238838096978983,0.013824811961191674,-0.011318005655788665
2022-04-04,0.03007950386059499,0.04039490552869429,0.0356600103737148,-0.0013985834434629973,0.01414301848271271
2022-04-05,-0.0082767543918153,-0.012780787281426842,-0.021967777285400558,0.05602244006393886,-0.010381171515552179
2022-04-06,-0.05223180538919714,-0.05619846782061888,-0.03546505612790818,-0.0004973904786402805,-0.03750514235771252
2022-04-07,-0.004848103940329085,-0.0020784014409193086,-0.023137620372800205,0.05473551354983952,-0.0021010138072548035
2022-04-08,0.02187310507249296,0.023221945072172234,0.015239585566972247,-0.012737903041364573,0.03019934752147968
2022-04-11,-0.041836889214182715,-0.04040302396084827,-0.015041009993300047,0.058139575510104846,-0.04103333398807851
2022-04-12,0.06255072931291839,0.06692117400917996,0.06019527457390628,0.005569727796547852,0.05018151124245529
2022-04-13,0.03956421458138881,0.03628232188112657,0.07331715293095398,0.04745514928822425,0.04359821396982588
2022-04-14,0.02684315316889907,0.02589925130208326,0.0366824398407295,0.04330426809791854,0.027375215986018775
2022-04-18,0.01307078562001851,0.011781226481383023,0.009339009412486998,0.07123287223834551,-0.0009759832809452806
2022-04-19,-0.05222696598487553,-0.05221330351798925,-0.007427754721770041,-0.08235294619807432,-0.038690351419155555
2022-04-20,-0.004195775741185903,0.0018525979517276525,0.028794078867720785,-0.033305506758083525,0.011516907903281304
2022-04-21,0.014325830857470967,0.01012166341145826,-0.018197366852154007,0.0028830880076997634,0.016378429970713038
2022-04-22,-0.015508172037103973,-0.016571935692562545,0.009690338833947987,-0.06080205150334961,-0.010064055088361501
2022-04-25,-0.040600110352591035,-0.03458409708877341,0.038668531593154976,0.020661192307464882,-0.01972771228180281
2022-04-26,0.026094587342736064,0.03206815509798622,0.09215572616638834,0.02714046361097644,0.030557434975780673
2022-04-27,0.003143173995325599,0.00314650643487302,0.046196289914529176,0.06087595613682817,0.0351024732893066
2022-04-28,0.02155332937375576,0.03273871865503697,0.09864570214097768,-0.05215359523527685,0.0137152767597426
2022-04-29,0.01626545273320823,-0.006359132166514847,-0.06887480948890568,0.05168408043013373,-0.008934197385725429
2022-05-02,-0.016096529776689183,0.004584924217646336,-0.12062662445931138,0.031888452226992214,0.010944347276870658
2022-05-03,-0.024261020319095605,-0.026243173479971738,-0.02906133757541407,0.064080280623934,-0.0025355196215623987
2022-05-04,0.049252149269534806,0.052729164177174104,0.027996242017967132,0.057958255706414,0.0431566097248115
2022-05-05,0.006900328131851152,0.004174052386858973,-0.03709797611769572,0.04373143579153882,0.0017523501754961313
2022-05-06,0.013435508054721046,0.013947852180307585,-0.021527700755850532,-0.08425364587965023,0.02741412903940521
2022-05-09,-0.057389420618114695,-0.060854518624946285,-0.030194984352631127,-0.12644537739499062,-0.031151901681482075
2022-05-10,-0.032848813259734766,-0.03230181705260393,0.025372253545224543,0.051095958557380916,-0.027568019243696118
2022-05-11,0.04928755706501975,0.05964311167633074,0.004831914354118005,0.03452940144896499,0.04066068368335052
2022-05-12,-0.000558135864533349,0.003973116758895223,-0.008883372935001965,0.012958112413862688,0.028815624060565703
2022-05-13,0.03815734034399809,0.04108169907835513,0.0013023190911296556,-0.009820356418376752,0.0438062162504429
2022-05-16,0.024114699582424848,0.03357769170243774,-0.003493830527148134,0.03823564404688451,0.016448581150992236
2022-05-17,-0.0202205672425555,-0.015761781702840816,-0.027690357632747298,0.04374058020343008,-0.020184474066846314
2022-05-18,-0.025194315082064933,-0.02500004581709292,-0.03453263450430766,0.007707144805409127,-0.05609257248428079
2022-05-19,0.02685363659413098,0.023907316672444834,0.033777686723027944,-0.007170222203379706,0.029860828933607086
2022-05-20,0.0045519647631473426,0.009090137071412485,-0.013950441756548804,-0.027082262678514102,0.0013831475520205139
2022-05-23,0.007729854230100974,-0.02596487109638701,0.007943098868947951,0.08177659740149412,-0.010242367995514257
2022-05-24,0.0012343448413736358,-0.004714881386747027,0.003449376824016248,0.005946830914446366,0.003502167281866253
2022-05-25,0.0041387920993976035,0.005101623440959102,0.022370292205550868,0.019895429757372574,0.005431639276891609
2022-05-26,0.02955365064157034,0.0340795290894087,0.026277656638397984,-0.007022598074260311,0.011926777615895112
2022-05-27,0.017291301132133174,0.008589739577440358,0.008795410538413817,-0.02031878715922708,0.03569404256067488
2022-05-31,0.02855225675292128,-0.0034761582249043244,0.02198401608635936,-0.06668955688950717,0.01608645621221161
2022-06-01,-0.05332135800742366,0.0051452339470337005,0.01280894494255258,0.06764881650721755,-0.002156658606026096
2022-06-02,0.011350930298668294,0.013968424262639223,0.01571204481921673,-0.024264080048104875,0.029300493607739897
2022-06-03,0.017940656401678856,0.017113031171366977,0.017084966167946414,0.004478504224996627,0.01462699656864741
2022-06-06,-0.0017540852182712507,-0.003112667098787214,0.018643471131094325,0.09374631098779873,-0.013922272024365578
2022-06-07,0.008869530078206012,0.007679355798391407,-0.00905937055436079,-0.0031108485318152024,-0.008418740599438812
2022-06-08,0.024964768548138894,0.022611145343251815,-0.0014581244471471022,-0.06391906257706337,0.015441211129893162
2022-06-09,-0.004126898597458295,-0.004913589969061327,0.020721742427918244,0.030348307631049565,0.012861467956845507
2022-06-10,-0.008612964664192924,-0.006913043803121521,-0.008401958240771057,-0.012607376138054294,-0.024320569465939412
2022-06-13,0.002130927811521799,0.002154654348021534,-0.019076215537768837,-0.027231657072092852,-0.032812525357902134
2022-06-14,-0.00899647096034717,-0.01653849330152035,0.025820608195022077,-0.16494366852324271,-0.010284205738707697
2022-06-15,-0.021952596128672508,-0.03043809583194368,0.034820181172073195,0.03213241652895715,-0.02493861488581328
2022-06-16,0.010969499611255706,0.01977277623424034,0.0053442047033531725,0.005929939126789074,0.015818388499337477
2022-06-17,-0.05583836865316638,-0.06828811148376057,-0.05064208152305838,-0.06966779770682474,-0.04115477812330259
2022-06-21,0.013525448569202014,0.009948922887682787,0.0042859089221005675,-0.019585207966998808,0.00039549952715423053
2022-06-22,-0.025381627766071335,-0.040307266362120675,0.010600283778510189,0.007344258703486206,0.010436129741172806
2022-06-23,-0.015124349779137458,-0.018080852756353072,-0.015143254669531037,-0.09025954738153952,-0.017866002925992497
2022-06-24,0.027896407175748594,0.0321281884661726,0.005763069134405274,-0.0030453684696369887,0.03165497989720323
2022-06-27,0.01741507729381775,0.018119279859469373,-0.030415543128141098,0.045176872477104,-0.012252891119889808
2022-06-28,0.02511084465202562,0.019987245117330188,-0.007280948200571458,0.0076911538674531155,0.025513435339521884
2022-06-29,-0.014578752091568226,-0.01771656513141484,-0.03874367248869626,-0.008090363660569144,-0.027470756448073952
2022-06-30,-0.012472084560411711,-0.036618661757760296,-0.03431014061304538,-0.16528167661165893,-0.046302546393970245
2022-07-01,-0.027697938966968927,0.025245821813676406,0.010440705565350816,0.05641597432674872,0.010411493162792995
2022-07-05,-0.07936935257857203,-0.08235728377794271,-0.0856330606774044,-0.036125698934672545,-0.09729376352895192
2022-07-06,-0.020239313706355788,-0.009748755986966118,-0.0530319825528649,-0.0023537090645685543,-0.02775610517002347
2022-07-07,0.03932862239006374,0.042626658171838194,0.07720047678124153,0.14283115603668883,0.05678798322009326
2022-07-08,0.022646871310378458,0.02005254055561867,-0.0002721705955428533,-0.04176592255231537,0.007806110567141866
2022-07-11,0.0007475409602328842,-0.0066800703456525445,0.025919590186701758,0.06496523095269047,0.004380494508819721
2022-07-12,-0.07105509541338029,-0.07925833692240081,-0.027998190648431343,-0.04092748313168182,-0.057073505877725306
2022-07-13,0.0008041193363399479,0.004799736346456029,0.0009009860527802172,0.08534804701801546,-0.009465172199105698
2022-07-14,-0.004720309552512347,-0.005399836510715961,-0.004500940075113702,-0.013305460209511843,-0.01450352024434498
2022-07-15,0.020787136424893493,0.018897448127604077,0.013591244039453887,0.06303028717951764,0.008284200212951731
2022-07-18,0.0505139659546201,0.05133725099121933,-0.0117599210556677,0.06599206259126755,0.015903153918880975
2022-07-19,0.010162810437287728,0.01578950068883911,-0.007851149059520002,-0.028747178761332814,0.013234009182507611
2022-07-20,-0.004005592093971444,-0.018806362133138244,-0.006203826451156469,0.10228524735140065,-0.00970520433716393
2022-07-21,-0.02861950627569798,-0.05779389339573926,-0.0038842324109824578,-0.009366780261145013,-0.038438063468084205
2022-07-22,-0.006354743483831582,-0.017125080975710527,-0.03751777198862327,0.04626823231804056,0.023273575393112367
2022-07-25,0.01889539375291549,0.02111932486220769,0.01765246842502788,0.051572534178980556,0.04939802416188965
2022-07-26,-0.0071326675141836215,-0.017786904297724115,0.019137827245035544,0.030480094740169994,-0.00798342715924616
2022-07-27,0.021264379197856842,0.024005039994878352,0.037222010746964074,-0.03402643776503622,0.021997045173036467
2022-07-28,0.0048771021353501975,-0.008636684647699067,-0.008339359057885853,-0.06365838985265093,0.010440964493795057
2022-07-29,0.026787406784877454,0.022816890887945362,-0.016710514393107556,0.01167940362407971,0.006782879721456414
2022-08-01,-0.09071905429630744,-0.047961906562586476,-0.050955943573064766,0.006562146095162147,-0.1404776245660332
2022-08-02,0.005098491876978972,0.005644890645886136,-0.0173256144857582,-0.06966076803999377,0.019545694958617243
2022-08-03,-0.03739807143417062,-0.03982201418928433,0.010176306606692886,0.07267064022722347,-0.04727320887915187
2022-08-04,-0.027484976919465165,-0.02338410170909877,-0.022724611663896832,-0.017420766633719942,-0.04075957301116728
2022-08-05,0.008499738621101205,0.005308348947856256,-0.03634783193904567,-0.007141050572920915,0.022230239208902658
2022-08-08,0.018225910138076618,0.019660711807664155,-0.01144311338090287,-0.05890375706755557,0.010715727435042455
2022-08-09,-0.003517888897230037,-0.002864721574600715,0.0486615831635433,0.032151792173147786,0.025639290906687817
2022-08-10,0.011317661664584922,0.015801108344483783,0.022946768608759882,0.0471083202572935,0.03719344241803246
2022-08-11,0.022587237307770014,0.026215555582665973,0.02161098754285118,0.08193123126544988,0.00039082847560889533
2022-08-12,-0.014558202514620922,-0.02384990552619215,0.009701528540941862,-0.011945002414277095,-0.008302151588881479
2022-08-15,-0.03107491598921297,-0.029101887092578438,-0.022030843954169765,-0.004562039627518777,-0.030958644630298626
2022-08-16,-0.029022104947578176,-0.03221121535456328,0.01159784455133539,0.06885893759934336,-0.017278138129954046
2022-08-17,0.01418675806737868,0.0182595845758029,0.03942298621697837,-0.009111376764614265,0.011652320346054124
2022-08-18,0.031393430476339024,0.027125177313500615,0.008929063979344232,-0.006058060028038659,0.03121483793101909
2022-08-19,0.0013459456231650346,0.0029833883211758394,0.013918975831579194,0.016108045449204633,-0.002841940713576019
2022-08-22,-0.0024813674600963065,-0.005949028380558663,0.020456707039008037,0.03684659879671148,-0.041855794958278514
2022-08-23,0.038764487288968974,0.03890052506094932,0.017398456965485032,-0.05030996384707476,0.014457671962035068
2022-08-24,0.009978048172218701,0.012267991808045275,0.04458723315367896,0.014902652704340547,-0.04510744443091441
2022-08-25,-0.018573452481128516,-0.02497631743941786,-0.01597223954973037,0.00482315934211397,0.004070405458012294
2022-08-26,0.016609639487670913,0.005836585982710529,0.014813454412370808,-0.008426717122395844,0.013939784661073595
2022-08-29,0.040598064767283004,0.042445784238815065,-0.024378651743949042,0.0061316870823699965,0.009223846473586539
2022-08-30,-0.05500046608349607,-0.05535514512246864,-0.02373459759798413,-0.033251350443866956,-0.06366412475582106
2022-08-31,-0.028395929555434685,-0.022806594847344708,-0.026643280563654947,0.009400579503237028,-0.032845910228647024
2022-09-01,-0.04280233542184286,-0.03283084691473426,-0.04150295469244847,0.01479130393622885,-0.08465410184889444
2022-09-02,0.007145907626172843,0.0030019874656297407,0.004717557461443311,-0.05139276914708135,0.032826060381983435
2022-09-06,-0.0020425157908869895,0.00011505130102373862,-0.0011738349940895176,-0.07295695147256709,-0.019361880917096674
2022-09-07,-0.052030612256638964,-0.056859978915542286,0.0034136992544966382,-0.037200789822603664,-0.04478665242806712
2022-09-08,0.013068199157714844,0.019526463588589893,-0.012799740226134615,0.009308843936828959,0.016640020166966307
2022-09-09,0.04139085528720465,0.03890351884585552,0.010903637437285507,0.010233714670523364,0.037082771313798
2022-09-12,0.01249465432858865,0.011406819372350219,0.006818117013573932,0.031640793956548174,0.004808645351112029
2022-09-13,-0.008829806713347765,-0.005354308808830588,-0.017151897532221128,0.0042430358591503126,0.014561594751982376
2022-09-14,0.009981757255049128,0.013400593643982717,-0.0458588666792924,0.1001931294008429,0.017779312296415606
2022-09-15,-0.03464401901267855,-0.03820077706346103,-0.051407289826641445,-0.08667982599054358,-0.0379480796183036
2022-09-16,0.005614290585541859,0.00011753391785918055,-0.010202190889140206,-0.06727539590256892,-0.005352662578069878
2022-09-19,0.007115506696620866,0.007284722619384176,0.04359343893091072,-0.0015456058755378699,0.020035569837882905
2022-09-20,-0.01499997014584753,-0.014930670227109921,0.018545347129176326,-0.0045149442810357154,-0.006614976569357611
2022-09-21,-0.008717732195799743,-0.017880338204883328,-0.011387205571933068,0.00803418397819744,0.015810158104503147
2022-09-22,0.007013216526509991,0.006631244347404364,0.023306706421689638,-0.08870029536443047,0.011743445310959055
2022-09-23,-0.04764534161192091,-0.0568930425384675,-0.051121234747570576,-0.036817625633537854,-0.05274881721852709
2022-09-26,-0.024260057228871146,-0.025781036758586673,-0.03336313534988822,0.010984154732119888,0.0005036505157665072
2022-09-27,0.02629073457838471,0.023334649157747966,0.0418011585598943,-0.03650584666055112,0.0456756259462443
2022-09-28,0.035354157533781905,0.046496834724572,0.05813057137666511,0.032626673715626,0.03401388127689686
2022-09-29,-0.009292452237914417,-0.01119900367446125,-0.010088726493368227,0.0008736228792967093,-0.027270206620192083
2022-09-30,-0.005989363680546256,-0.021420724132169333,-0.01335440134563437,-0.015711416545555523,-0.013957602834172689
2022-10-03,0.010231941055554028,0.052082016617280624,2.972270836143487e-05,-0.04374815442307711,0.016298686046139377
2022-10-04,0.033085780117176444,0.034556970997991154,0.04947905425153021,0.056723356243873146,0.06769070235895769
2022-10-05,0.01710239262126212,0.014332010416963303,0.04273429524309158,0.013602447945450402,-0.0054044504918460134
2022-10-06,0.011245532735102204,0.007862292561714224,0.04827910074114827,0.006060648596258211,0.0048342193433101865
2022-10-07,0.03706841842696784,0.04737142550562323,0.03979404543925247,-0.03212851021082608,0.01984038385977205
2022-10-10,-0.017667440358344666,-0.016299677743728425,-0.02587903759273602,-0.04638414277640479,-0.040883475690477455
2022-10-11,-0.01975258839437377,-0.019532523131181256,0.004112685437178687,0.025019464366999866,0.0017156901289459014
2022-10-12,-0.019514306389004976,-0.0232792598385676,0.000508826060822587,-0.02440877001535846,0.0011418646341845307
2022-10-13,0.022931344689701927,0.021084038479006306,0.041192010431540194,0.047552484136364814,0.02779144978036263
2022-10-14,-0.031088108817739157,-0.0392772974528901,-0.027986701008382298,-0.0427236462415882,-0.026818078432960024
2022-10-17,-0.00010907461677966968,-0.0017521495714224455,0.026380528434808648,-0.0703548723623767,-0.014367644742620533
2022-10-18,-0.017354332237721648,-0.03089163840311937,-0.022446842844611847,-0.042340420712012716,-0.016389656361337823
2022-10-19,0.026435687160753396,0.03296309305714962,-0.022336301480965326,-0.04926022593698709,0.039833737022798354
2022-10-20,-0.0003247095282142842,0.005026303797039278,-0.037778869224327716,-0.019040661586689156,-0.0016590056950954724
2022-10-21,0.012123866420017615,-0.010816472073338024,0.02009689435806372,-0.07446803019434811,0.005362932366668627
2022-10-24,-0.0025668220724014423,-0.0055261752361972505,0.022910530787588756,0.0483968069699956,0.025619877123969736
2022-10-25,0.00278784581686109,0.008749087819218238,0.012015016824806546,0.07963070662609217,0.06805356148115727
2022-10-26,0.02320365564834237,0.03035635228022948,0.038541031198806364,-0.0012470995166724563,-0.0056926934841246
2022-10-27,0.01327198882499836,0.013309044707156659,0.05189193280555382,-0.07491974318499661,0.03869766914056583
2022-10-28,-0.012273127605637701,-0.013246523135616028,0.04981654988801121,0.09602779741867984,-0.0348651940701572
2022-10-31,-0.009815128380082028,-0.015585924036402687,-0.07888260507490241,0.11805066889749938,-0.03299389623501081
2022-11-01,-0.0018981366835409963,0.02126434754700801,-0.13596123042628283,-0.10086542755035288,-0.07692029726192284
2022-11-02,0.015953535255016416,0.0184451420477183,0.015547807037585182,0.0969548265657203,0.03958373192287312
2022-11-03,-0.015495064854611496,-0.020333353678385402,0.051095834618656744,-0.04674540768473123,-0.0012234730387327142
2022-11-04,0.04119574945928561,0.05035729311118531,0.012806247722785713,0.07112974017043072,0.015182445652885734
2022-11-07,-0.006594313968665277,-0.008854332031313694,-0.0341524206569106,0.08499994747340756,-0.029874244404142325
2022-11-08,-0.02614376640588656,-0.03137593664552174,-0.0027505373419131063,-0.11607139730253269,-0.00618148532500451
2022-11-09,-0.028418614378432405,-0.034641791746627515,-0.030339170616704103,-0.04447706741885438,-0.03492999127145824
2022-11-10,0.011009137898195354,0.0074565929860772595,-0.023767194756995402,0.06376813078851074,0.008527825713639414
2022-11-11,0.024767799083755815,0.028796089147890003,-0.0039502646056090995,-0.057701501154337254,0.016872599950835454
2022-11-14,-0.02969057753460791,-0.03473467142188813,-0.0031783779100454934,0.009185218421664976,-0.031077554009627417
2022-11-15,0.007730311632180964,0.012227732488398813,0.02745486882167736,0.01702339974038769,-0.004904152622585478
2022-11-16,-0.0106541657095377,-0.015301447987488226,-0.0076071588824491165,0.027510754321781405,-0.0032192810430266006
2022-11-17,-0.03316822970935174,-0.04615021751664128,-0.024573819204215308,0.027258089350364667,-0.021251956163681363
2022-11-18,-0.024058766563638367,-0.019108250493097723,-0.001900828073002514,-0.010362691973001548,-0.013810250784837774
2022-11-21,-0.0019402624173791017,-0.004370610216262061,-0.005912314470993163,0.07504363820322801,0.006733296098486052
2022-11-22,0.010405988494750495,0.015301562021099446,-0.007434313201700515,0.0004427069882118051,0.04242747314648154
2022-11-23,-0.033386112809698054,-0.03718338011501676,-0.032264567225930074,0.07803515230407165,-0.026018454659035184
2022-11-25,-0.020840725118491887,-0.021298481012460013,-0.03578124085117562,-0.03886151019180695,-0.05908500608861533
2022-11-28,-0.0052612080170041375,0.012585200574664945,-0.007316846965611856,-0.04441917243772675,0.001030805477298502
2022-11-29,-0.0019233520544980065,0.012428781862032556,0.025035804681246665,0.07792018007280999,0.0006435644324003231
2022-11-30,0.028905233784940476,0.030051230117962957,0.02032825938239191,-0.04215622661331275,0.03704816912190467
2022-12-01,0.016972924535437972,0.008317791974691735,-0.029884952348542493,-0.027705615731305477,-0.03163115181067999
2022-12-02,-0.015078241252386881,-0.015267149041281347,-0.028782481554240125,-0.06782424821009148,-0.026302292768241253
2022-12-05,-0.03377351174424792,-0.03813457018932975,-0.053242853913706645,-0.11208405998931692,-0.03442379894969949
2022-12-06,-0.04027578397149845,-0.03483686851091139,-0.028101887502957612,-0.01936529957676325,-0.02397926335491618
2022-12-07,-0.027473224286031384,-0.03016832139756942,-0.046304233890472,0.04644362649446476,-0.0334559244036402
2022-12-08,-0.013217528408298818,-0.007637870232489408,0.03571305463725638,0.04176128630550857,-0.013527832948135532
2022-12-09,-0.0006566388805759882,-0.006157325035592631,-0.02989794396890344,0.0474672924254711,0.0034161191490234
2022-12-12,0.024835734921744512,0.030273185405575553,0.06256932397660386,0.054763813274077755,0.012110402847525847
2022-12-13,0.03449163373622688,0.030340320845399837,0.04167092677083728,0.0528313428319509,0.0383950133971529
2022-12-14,0.025037142233833354,0.025069629990048137,0.059698555710199,-0.07281905098884756,0.0386412624212884
2022-12-15,-0.018016903491569036,-0.015139728098167993,0.0020142033972174733,0.08398133378994999,-0.03457494272175354
2022-12-16,-0.026720824940388632,-0.02391275364904788,-0.04979596383217666,-0.05308463367240768,-0.0159221532758127
2022-12-19,0.0096154115312157,0.012114706081404858,-0.021282749885773167,-0.1134848611063648,0.021244669600785526
2022-12-20,0.002380887277516619,0.011969595255509224,0.0017685216728231534,-0.08972818895758883,0.020756847636769882
2022-12-21,0.027628442849023438,0.028913190741490125,0.026349269915713736,0.0011264673082749255,0.014846136461706516
2022-12-22,-0.014841771734818598,-0.010218457560384864,-0.0025799632549077245,-0.06245306078135837,-0.0031030984374482706
2022-12-23,0.03630519498811546,0.026713121072262203,0.043015844929406466,0.016003185146260535,0.0599430607079976
2022-12-27,0.004885649083117949,-0.0003770585748796851,0.026820977506705646,0.03996851128509915,-0.009817112064434252
2022-12-28,-0.012688244653045744,-0.007167103024935506,0.00718611258842583,-0.10848162574566744,0.0011440091900556393
2022-12-29,-0.012010568992825599,-0.007092167744260691,-0.01918409149942968,-0.03185391629720813,0.003300970736639597
2022-12-30,0.044371522381365214,0.02372449711927116,0.014850606254626975,-0.01842511742598718,0.03745737388966952
2023-01-03,-0.04434879554857574,-0.04149017869950289,-0.08199990795689915,-0.10882681540434458,-0.03996746378960381
2023-01-04,-0.05188796851894306,-0.05316526648980113,-0.03712941706829875,0.046138420042848294,-0.04319837117667724
2023-01-05,0.010919914484911919,0.01139486371202536,0.00013461636582023928,-0.10834130157344835,0.0034968127135182048
2023-01-06,-0.0015250062632974348,0.0013573839637102125,0.010833313948405143,-0.002688169458695655,-0.009924589650524451
2023-01-09,0.013745727825500209,0.011657864301019893,0.010484307541803961,0.053908368093605,0.02151832246627161
2023-01-10,0.00564967909129277,0.0065657980865276855,0.0328392534985531,-0.0693094989557449,0.015177204818074497
2023-01-11,0.03208489068391862,0.030484569113404802,0.026214258597442974,0.008793642590430029,0.045882237379778035
2023-01-12,0.01645095730584445,0.01265980727525462,0.0003418575192095652,0.0065377089085156825,0.016759127112800476
2023-01-13,0.014875639868603407,0.018752407604907262,0.011463126408874924,-0.07469554204997264,0.023229460610368013
2023-01-17,0.007504683381911681,0.004007008419465663,-0.001504953708321044,0.0488447088890942,0.004856291335308738
2023-01-18,-0.010940349534963922,-0.008730318602867326,0.0036911978440095083,-0.0766870774070536,-0.00848689962447502
2023-01-19,0.013885623188546248,0.010694494693261003,0.03460006690041384,-0.01087285175758268,0.029047007811361825
2023-01-20,0.017061206230601034,0.012199622870669558,0.026926136287796165,-0.030839715307112936,0.018715325306660535
2023-01-23,0.006390564938268728,0.0038126330992063195,0.024258684847951795,0.08601134208401118,0.019316555048968898
2023-01-24,-0.02335871562490266,-0.018255396263466284,-0.034836211692655716,-0.05483032440834912,-0.01772670608980187
2023-01-25,-0.0001160397904870214,0.0002496477367603944,-0.019228549789390703,-0.058624920435663475,-0.02087816564865974
2023-01-26,0.015675782989622356,0.010729888883082461,0.010472174190474082,-0.04010430715963165,0.00721056697912803
2023-01-27,-0.009260289782664799,-0.016417748376528762,-0.038569126363878437,0.05604618258570948,-0.008996580029045464
2023-01-30,-0.020309278350515436,-0.022339342024089492,-0.047374073668455474,-0.1389514076243793,-0.03465193013965162
2023-01-31,-0.004829253883869455,0.012451876786945704,0.022984461329063288,0.002614855944237382,0.01784785747665385
2023-02-01,-0.01952895688954026,-0.031190554061179654,-0.07265184715019268,-0.0804769295382497,-0.035266359536162195
2023-02-02,-0.008087858505117507,-0.0069363484267731534,-0.018433873323804972,-0.00486217415724155,-0.0006112524670901509
2023-02-03,-0.027138807073526894,-0.03281494404188812,-0.041909719135711065,-0.018729642563384052,-0.053541560451158765
2023-02-06,0.013134793473804196,0.009810617613994488,-0.0023781722565412444,0.019502045502728382,0.022576420290539856
2023-02-07,0.03333750646812339,0.04088515388399072,0.049012255388874104,0.051689089366211194,0.035139467436737126
2023-02-08,0.01672832901952126,0.017241403183536397,-0.003821806006713002,-0.07275549308447748,0.002442218333115642
2023-02-09,-0.006933792023538943,-0.005224973311217407,-0.026924331994548134,0.014190383810144036,-0.006212455463510569
2023-02-10,0.02236685668222993,0.021265740635763253,0.017475335650336765,0.03456784769546872,0.022962217644455496
2023-02-13,0.002546605188765483,0.005268416489138783,0.014347561960658783,-0.04335718783666909,0.010943809796882809
2023-02-14,-0.011892377000789156,-0.013476439222361525,0.01183879500358942,0.06735964357562052,-0.016830593763137336
2023-02-15,-0.0023370480644713254,-0.005944867634922413,-0.03254992246388633,-0.0373977247417937,0.0037371882953871616
2023-02-16,-0.0028109378249004946,-0.001272407160971989,-0.011812633368644021,-0.033184952902439946,-0.02494202996353856
2023-02-17,-0.02513506465808857,-0.02739204464765732,-0.03511457374664417,-0.047718646508969065,-0.01120914885200297
2023-02-21,0.0006024464067206914,-0.002357776845895776,0.029423653134156735,-0.08879126711033136,0.0030728493395968393
2023-02-22,-0.029500355058504235,-0.029017943902314935,-0.027615616874252846,0.04872169455002484,-0.03229014186181456
2023-02-23,0.01997519405497883,0.01947265045073787,-0.0024678800593254113,0.06439736195438317,0.01792433249478176
2023-02-24,0.01155582761484486,0.01233585770931156,0.032532016503801664,0.05920487915299377,-0.008741280111931982
2023-02-27,-0.008537838896112149,-0.008385736271063426,0.008439976661207105,0.11423907557013013,0.004070006332693277
2023-02-28,0.017465160639244193,0.01810257321693398,0.0003901210592827109,0.005858671819045647,0.027868085050692715
2023-03-01,0.005006534414126351,0.008306286363396032,0.018752907440613864,0.023298190822177878,0.09879635979492662
2023-03-02,0.005218864359478381,0.006049700166473881,-0.0026446060763136714,-0.016364283897399745,0.009533445453414169
2023-03-03,0.01274338443722356,0.019447243754458388,0.016363140896547668,0.08824591275984273,0.018553526838843926
2023-03-06,0.004077810400261006,0.009789141268944146,-0.00909683382320814,-0.14523098275122037,0.016761162044359512
2023-03-07,-0.0335344555513406,-0.03579414971648631,-0.030866805899724126,0.044712289402331296,-0.034257079940603785
2023-03-08,-0.0075639001860128285,-0.011858702593856352,-0.01987486326619403,-0.0506140365276424,-0.004369256318904391
2023-03-09,-0.012944680338905279,-0.012261967081940828,-0.026623857579439636,-0.0031360780285747403,-0.031165189344554145
2023-03-10,0.014585151303084576,0.012678276135713817,0.03896739894613077,-0.0444356731574711,0.015623276851194356
2023-03-13,-0.02428125351377952,-0.02451743930537087,-0.004111299487394526,0.072427932099568,-0.02056096578534039
2023-03-14,-0.04110436836460141,-0.046390388758434375,-0.01705588656058199,-0.012663082519910551,-0.01481822031758051
2023-03-15,-0.04854738095533617,-0.052151985492920105,-0.04034046847001305,-0.05207931027069823,-0.044888344833395544
2023-03-16,0.013705990953644331,0.01094509476540706,0.014818307076992943,0.030750328424295592,0.026697815699038063
2023-03-17,-0.02315924763340671,-0.02355523988725683,0.013315634350781425,-0.07000790935162282,-0.0007989189024459886
2023-03-20,0.011237490490702662,0.013485189611722737,0.003135835842838608,-0.04918734244157552,0.013791774363277387
2023-03-21,0.020734500072013384,0.024985252168185035,0.0011537184550767243,0.056230318133818624,0.0011434878400413684
2023-03-22,0.018189096549826145,0.022645314486649415,0.018623094200150625,-0.07538332284413451,0.021387243286125512
2023-03-23,-0.01017080133610404,-0.013258144163271202,-0.020289723430788054,-0.007830474396963494,0.004897455277897977
2023-03-24,-0.01211969113366107,-0.010005674062359304,0.0039110344455211,0.02878367454824171,-0.006677165659783713
2023-03-27,0.041738964821663505,0.051256068623570794,0.027901484790819442,-0.05776174023177816,0.03697122839956246
2023-03-28,0.006784418339258913,0.005356398883746616,-0.00028881487792498106,-0.02777781901130061,0.010394150972908855
2023-03-29,-0.00470442135287541,-0.003142018266772406,-0.040258531280904175,-0.019211781119526705,-0.016223557348278406
2023-03-30,0.012646881441078506,0.019185987425770934,-0.012941570179387574,0.05675541541562268,-0.002511164728456472
2023-03-31,0.006307556719743257,0.01748010453614013,0.020048079915707895,0.053231931407975,0.014691489646655231
2023-04-03,0.06468602080050201,0.0627725666042025,-0.00511901062750153,-0.05370044772339311,0.021107173322404638
2023-04-04,0.00011776917690475841,0.003606079608682755,0.0015397903642935251,0.004291875747189922,-0.007398022772844071
2023-04-05,0.000588596902828753,-0.001238984949267996,0.02411222222718923,0.023266868963968124,0.030324133778167672
2023-04-06,0.0015296492067322642,0.0011164413498225834,-0.025814682673682365,-0.06682137137704713,-0.002411323905763041
2023-04-10,-0.011043261408306249,-0.011895899885700834,0.007855670239823809,0.08005968170940547,-0.0019194336191988848
2023-04-11,0.016987411499069127,0.022447967939319913,-0.0049228180552588485,0.006445754063544085,0.020406742323675564
2023-04-12,0.02009112496718224,0.02121922461469361,0.013079960204595675,-0.04254353565573665,0.0026175949779987384
2023-04-13,-0.014199077833101703,-0.013211607565434269,-0.011209316097386512,-0.04108933030690953,-0.014272249005039983
2023-04-14,0.002555479498914659,0.004381608628421407,-0.012571120595839536,0.053313459970387056,0.0014832014553156636
2023-04-17,-0.017958469078985018,-0.020479821628224926,-0.009283075722561818,0.07615894375836763,-0.021827334308171298
2023-04-18,0.0001179153679098377,0.00037113421523327084,-0.005660332454715533,0.03999992873642766,-0.008327289069814281
2023-04-19,-0.01946436194201895,-0.021023954185137028,-0.016231427510032037,-0.06086223889965492,-0.03831476400253042
2023-04-20,-0.02430226426507187,-0.023623075544109917,-0.024553283249614477,0.012151300738657778,-0.022339789786095632
2023-04-21,0.006905119587233832,0.007504228544240599,-0.0025251403118525806,-0.007114287198438651,0.005876855662367397
2023-04-24,0.013103106133225628,0.011429297011133155,0.017037644862087253,0.017913103956798127,0.011608243146634223
2023-04-25,-0.02369160684559457,-0.021457623102689505,-0.031568467441355996,0.014958169759272666,-0.01641462765690005
2023-04-26,-0.038132899958769007,-0.035941308603020916,-0.03186332704936523,-0.08235796499452941,-0.015143255160662727
2023-04-27,0.008752738882826572,0.006191104516539703,-0.00792246985180367,0.112423195322356,-0.006511387540156122
2023-04-28,0.01492915819753926,0.027019751007838266,0.010406988696840092,0.023354592913693795,0.01784590579999712
2023-05-01,-0.0028916690254738864,-0.014587068702708761,0.001513382140968078,-0.03817427566509135,-0.010705992722037205
2023-05-02,-0.05030888900005004,-0.05286809154627636,-0.039079812131395886,-0.04486630200350794,-0.044973368147580906
2023-05-03,-0.0396972633548085,-0.04270171687984825,-0.02485585476838703,-0.019873491698262913,-0.0466395773089171
2023-05-04,0.0023503133505013984,-0.0005831037378584147,0.002866939835703297,-0.03179723654198585,0.0016365160227946873
2023-05-05,0.03862073174838354,0.04054840837648799,0.03394826379466709,0.017134703542223573,0.022829815944430232
2023-05-08,0.02270915026785958,0.025511738402656636,0.027217438640456892,0.04726243714875933,0.03472052060436659
2023-05-09,0.005583694237731862,0.007517706326306994,0.0052571008915554,0.012958018300490926,0.007434115028438049
2023-05-10,-0.013300603652178444,-0.015601703163243719,0.0013388228194379792,-0.03352447134859626,0.006048673579674535
2023-05-11,-0.01871483099908422,-0.023290998744135982,-0.018342113234980806,-0.00045637951972421487,-0.014910406924679376
2023-05-12,-0.010802949476173662,-0.011711609974429105,-0.018727351122333036,0.034703184118144215,-0.011189288363665839
2023-05-15,0.014291562817269954,0.015276980023382736,0.03144653632773142,0.048102368056203604,0.017200140724053847
2023-05-16,-0.004253617978799751,-0.0035156799023231544,-0.005929383786233422,0.00042102211400085743,0.0028722110112546773
2023-05-17,0.027366110294294366,0.02780131532224872,0.024831882068580446,-0.0046295952523394135,0.03634385477576241
2023-05-18,-0.014293119636263452,-0.01331870378025335,-0.00825558518592584,0.09598308548722434,-0.0003503153209083454
2023-05-19,-0.003690993633589157,-0.004313909768449031,-0.016815128356141296,-0.002700605502244602,0.003037068180212543
2023-05-22,0.005424662910584743,0.006149473001328065,0.0017779957881605135,-0.0715667079495117,0.02825974065398018
2023-05-23,0.011185662561077114,0.01277963363856216,-0.0019861162284526834,-0.03291666376921876,0.005020930142970226
2023-05-24,0.019781420417785744,0.01961312033953999,0.02201805669631418,0.03317531212185343,0.022162127501192064
2023-05-25,-0.026799367761154436,-0.033763715771890745,-0.02796541058923374,-0.03794832361812428,-0.01752900502385768
2023-05-26,0.009047925422020153,0.011694226875648805,0.009845665074228682,-0.05461635534972764,0.011183779653616721
2023-05-30,-0.04431444012932795,-0.04417227418954872,-0.03735271541395857,0.06694172802856913,-0.03976468224686369
2023-05-31,-0.011966239359022968,-0.019723621719544338,-0.00929506273487879,-0.026213954813171347,-0.013868027480544165
2023-06-01,0.0222955551271502,0.02951978622903728,0.024384831825525977,-0.047661093781515396,-0.0483222546635238
2023-06-02,0.02490574184872929,0.023395141588396395,0.01823134338735266,0.006487460154930069,0.02647569822481799
2023-06-05,0.007618571548400288,0.005715133458575661,0.008740328691712262,0.033609556414096575,0.009477345896954148
2023-06-06,-0.005475142405917843,-0.00568265631931153,-0.004079940970469376,0.007572471817754334,0.015805761580853783
2023-06-07,0.008651147264313597,0.01101200082313225,0.014359287072261528,0.029619765595125136,0.029988692248602344
2023-06-08,-0.012865469824975051,-0.017096344748918968,-0.004996188657814926,0.00987548387506254,-0.010790579812449796
2023-06-09,-0.015402819682030167,-0.015710516653087758,-0.012051221782945487,-0.041666687785092416,-0.007463550072464575
2023-06-12,-0.03944383662956019,-0.04346580450265847,-0.0219822732105176,0.005323906032614234,-0.04265000617376513
2023-06-13,0.03410362893273855,0.03426691490235978,0.03741719081551009,0.032656611070386754,0.030331096050343564
2023-06-14,-0.014672283670107422,-0.016565853589914914,-0.01577951829592672,0.0008547408262589151,-0.0012901018864512892
2023-06-15,0.033743187481955816,0.034422238451278675,0.05170286192281437,0.08155422037532101,0.034095368738234155
2023-06-16,0.012422392812902583,0.01642588484281804,0.02895628120854643,0.03908408109356665,0.014687512099402111
2023-06-20,-0.009267707594518892,-0.017832248552030583,-0.02978755851950221,-0.05319143925109027,-0.02659952581342495
2023-06-21,0.016073797051073146,0.028794308926196832,0.035872971843222023,0.042134741699503486,0.005710550780543944
2023-06-22,-0.038641120990697386,-0.04163789733756951,-0.03849146362531253,0.004235716940857115,-0.02820010007020546
2023-06-23,-0.003911531129144219,-0.0050352246204099504,-0.02368694031954377,0.046395724555239104,-0.012901491647029029
2023-06-26,0.004468542151295107,0.0030364238483653327,0.013169429925924847,0.02271886982083915,0.008064480992530543
2023-06-27,-0.025882962537698284,-0.024073889753768674,-0.01631956925894229,-0.010032203167148812,-0.00815762705526224
2023-06-28,0.024494832420977053,0.027474160918700807,0.003209656797488858,-0.0579081017618468,0.03440879996483592
2023-06-29,0.004187458647918252,0.004312867485440908,0.003698078673280314,0.03764888681968381,0.005492858569537962
2023-06-30,0.007533026843893564,0.011165169946782072,0.013495580876809132,0.03591267047789204,0.006226825982769579
2023-07-03,-0.0033377836436174757,-0.012032821085296463,-0.028960037473846012,-0.03180842871851386,-0.06514810147217587
2023-07-05,0.02679169402704784,0.02865740039781306,0.04879482433215365,-0.019195291123242808,0.02270146922159788
2023-07-06,-0.0016960845430460392,0.00013932492133883478,-0.005574957605230524,-0.018065523561623498,0.010125901821119054
2023-07-07,0.025483594657389697,0.028690772577109502,0.03214487203391525,-0.01034877376178378,0.017886547514867512
2023-07-10,-0.00994008878760011,-0.011779078518719954,-0.0023054614356001757,0.0336947686328688,-0.007608161497400956
2023-07-11,0.022010542292907553,0.025208987822131323,0.01194576808423875,0.02322968839342776,0.02066464372122989
2023-07-12,0.00894205378876789,0.012294509507328577,0.006154017648899446,-0.036250450035810844,0.016891020609157703
2023-07-13,0.015603545006570352,0.015049496893048575,0.004154440866902309,-0.033054671047577866,0.004349462807283544
2023-07-14,-0.0183136412560444,-0.019118236862686544,-0.004788556492572593,-0.0023575802678981184,-0.013029264353290326
2023-07-17,-0.01715290721760565,-0.016838990637755513,-0.012972012177987158,-0.010634088240978001,-0.004539034697358502
2023-07-18,0.01439486947029267,0.021577861647955388,0.013727525175652566,0.046576377655016765,0.023824916312969124
2023-07-19,-0.002134850870386229,-0.005280548196421209,0.016311411310656387,-0.009889700797827139,0.009686727870559464
2023-07-20,0.0022652945790300194,0.0037159759119709257,0.008554839343164033,0.059162523346107276,0.008344080646388141
2023-07-21,0.017955805074524545,0.019040096439262744,0.0305133533727584,-0.015959343794579195,0.02136189396405208
2023-07-24,0.020599459420646005,0.021668589276735872,0.009032328091487685,-0.010320720876529688,0.03330005843459127
2023-07-25,0.0108774661483646,0.011303015161217678,0.0025627523650597617,0.016759805308360853,-0.014438195723766811
2023-07-26,-0.008608336034878539,-0.010674350162489965,0.023509499790516752,-0.023809544603050514,0.018890408175133988
2023-07-27,0.0159189547029992,0.016628555202999218,0.02602971640274343,-0.06491552019982427,0.014894025848306125
2023-07-28,0.008903134128907197,0.006118185985385605,0.014296042336484183,0.05858744077566014,0.0017963209601323804
2023-07-31,0.006706667950949541,0.015140248113433952,0.010917324051668453,-0.0015162806991032562,-0.009066971759844944
2023-08-01,-0.007596936828326184,-0.005256727251021109,0.010866303848049874,-0.028094198327503705,-0.01911915198847125
2023-08-02,-0.020139048876643306,-0.023104397435840918,-0.0063173745978155615,-0.03242185411800114,-0.03383220327238434
2023-08-03,0.023317337891407774,0.02591527542268568,0.02349958114262507,0.035526870890419726,-0.003998866571229387
2023-08-04,0.012919878811448848,0.015573226186887723,-0.004130164498666988,0.004678302236672982,0.00665531676806963
2023-08-07,-0.01043601053075871,-0.010625419665063918,-0.015250473419155308,0.05743112436707354,0.007653364335488355
2023-08-08,0.009725824545016692,0.011959918212595122,0.02324650274622142,0.019082586273843738,0.014512893766005286
2023-08-09,0.016014911362848716,0.01784856958050285,0.0393440892651058,0.06553840960295454,0.029278449209073187
2023-08-10,-0.013135368198663011,-0.0187204005034316,-0.01674461177359554,-0.06623862516201429,-0.00809315617214601
2023-08-11,0.004745324368912618,0.004467553102456279,-0.01008468309035171,0.0025334670479293386,0.020725023280018018
2023-08-14,-0.006911628740873033,-0.008174062810669236,-0.01063592035757821,0.009025305248944182,-0.019798335307757653
2023-08-15,-0.015311445410535529,-0.018422060757570802,-0.01952526424024703,-0.0486583730555451,-0.020163770646276613
2023-08-16,-0.016963157636467607,-0.019879005467560162,-0.002344816714937026,-0.02519741041011403,0.0068478779607659135
2023-08-17,0.00802882951278483,0.012723635313391046,0.024131899954327185,0.011188288496781995,-0.01583478226956092
2023-08-18,0.008083693330637853,0.010697855664647538,0.021300616552990537,-0.026707337606796,0.0005315558812166721
2023-08-21,-0.004009480601995241,-0.006523061899038507,-0.013767113250978569,0.031752194226550845,-0.01792294279735962
2023-08-22,-0.005091171084973811,-0.0045837802401709205,0.007252402203776764,-0.027355633562959225,0.005951091599567082
2023-08-23,-0.009758416122055746,-0.018170492995627008,-0.003090296216179733,-0.024609361393958973,-0.007278301959774969
2023-08-24,0.001802686306084711,0.00202818688486861,0.008724515114865827,0.008810602551642122,0.0040450560134688285
2023-08-25,0.01343573342588189,0.009867156852431336,0.04787096753726017,0.008336605002795983,0.03467626744561514
2023-08-28,-0.0007102886553490562,0.003382145019084515,-0.031383166602511725,0.015354344455904334,-0.028055875686808673
2023-08-29,0.012674718289887643,0.013233523198265207,0.0018104094188025055,-0.008918186095916547,-0.0018600520415459343
2023-08-30,0.0043280238136353955,0.0057909508391018605,-0.035301474510606834,0.09389671755634765,0.006701352206322397
2023-08-31,0.011646866909984954,0.024500797100250438,0.014986134729829681,-0.010014347750380903,-0.015235636091371352
2023-09-01,0.019456624793125377,0.02295833865116359,-0.011964627927125493,-0.0010837365188629544,-0.0633313979348491
2023-09-05,0.016826626904785424,0.013325533009726831,0.03690819402803314,-0.06618447768354763,-0.003936409078859837
2023-09-06,0.006219430840733953,0.009805034608178831,-0.008355091731838238,-0.027885370342446425,0.007903838890013226
2023-09-07,-0.007505522258590469,-0.007653623051613101,0.006139052691052527,0.02749004222478546,0.008303224745675575
2023-09-08,0.008118364899897257,0.007367323234873657,0.027021093397394447,0.010081435799395688,0.011704234788589618
2023-09-11,-0.00011033795986881145,-0.0025140122881112115,0.01912645905004884,0.0011516395235582344,0.024494033246708957
2023-09-12,0.015666352366585423,0.017756849651809015,-0.010082690585770715,0.05176379922925345,0.0033840057233789356
2023-09-13,-0.001955249945137294,-0.0036019778029610094,0.032178592657742255,-0.02296754030603798,0.0038490978829786027
2023-09-14,0.019808443069544435,0.018526966575200587,0.01341907814999277,0.010447715385159428,0.001570302921498179
2023-09-15,0.002454678382333819,0.006765671652400274,-0.028177495189340873,-0.02363363832657972,-0.012615312718896599
2023-09-18,0.005323112939162211,0.007822041865432006,-0.028107798966782394,0.03176999641109712,-0.0037664869642768384
2023-09-19,-0.0009531289526027997,-0.003060848255534987,0.02603165718420586,0.04398831644054346,-0.014752276305732503
2023-09-20,-0.008585940110625412,-0.010087699558448793,-0.013960055011736805,-0.040379216128614726,-0.014634475806939884
2023-09-21,-0.0024590583827739376,-0.007199839772571659,0.012384249496420585,-0.04500554085467612,0.00026725601351063055
2023-09-22,-0.000321612086923051,0.004462808637023086,-0.018349169385922126,0.01034490034970803,-0.022176413368803827
2023-09-25,0.00021447703635590898,-0.003887576128697834,-0.013308302579726261,0.0007583826233819035,-0.006987270692662806
2023-09-26,0.007181886186837794,0.007917028122843117,-0.011771250017997281,0.006441818999187721,0.007193701153432652
2023-09-27,0.02756496373479811,0.03639784199295071,0.028196521461185453,0.0406626672307564,0.014206478933054933
2023-09-28,-0.012118133209303328,-0.021029047974867265,0.0009956225550442621,0.06548480400681234,-0.03590389784021353
2023-09-29,-0.000733903300901062,-0.01003160154977123,0.013321260548746494,-0.0054329483149796465,-0.02610470698963363
2023-10-02,-0.048263546238086374,-0.02169843816320749,-0.041550156150624185,-0.03038579367097549,-0.011352903090012023
2023-10-03,0.0023150599337686817,0.0046161187065763,-0.008409646389558545,0.038380271432844504,-0.02159851742031138
2023-10-04,-0.0562032634542764,-0.056147057578712634,-0.055579866978340386,0.004408278048625203,-0.06868356194786596
2023-10-05,-0.020277332633431233,-0.02267874180034868,-0.04940687277203504,0.06887238472034674,-0.004094660204705947
2023-10-06,0.006066398692539332,0.0058316531547932815,0.011189724239956123,0.05432728230071082,0.001461879546658329
2023-10-09,0.042208555421353156,0.04336268025354406,0.02268338106280221,0.011384022684191697,0.02093791970268266
2023-10-10,-0.005672149646568148,-0.00474642331270303,0.01803417263382867,0.0017772636523947227,0.009070153714519025
2023-10-11,-0.02087851453732581,-0.028847310942416993,-0.0071520834330000005,-0.0014783784942209444,-0.021386835206561927
2023-10-12,0.002097416753855219,-0.006946870481498002,0.015474347203433991,-0.009771984441017123,-0.02040630514191688
2023-10-13,0.05686045801916784,0.05765285934345443,0.05478013247895497,-0.03229666171933876,0.046327979395348384
2023-10-16,-0.013642841589794896,-0.01174590889064131,-0.01946009923949843,-0.039246010835814804,0.003399093413709142
2023-10-17,0.0027886223730608783,0.0,0.00873242503313354,-0.009649395851608733,0.005059340842382243
2023-10-18,0.01779753556133712,0.019155273050613264,-0.011773225640319795,-0.007469958407224531,0.03020354967659289
2023-10-19,0.0096174563215079,0.01188862155101833,0.010734873430368053,-0.03239528052918317,0.003484244314879037
2023-10-20,-0.0023813985478382538,-0.006937481565711834,-0.005168641127601847,-0.019614503686618767,0.005038721187261341
2023-10-23,-0.0252821369191486,-0.03673241843639963,-0.019356271346718246,0.00931362176088113,-0.019000662943469027
2023-10-24,-0.019592587112939652,-0.020470230947819967,-0.016346325958518926,0.01537930145477695,-0.02615416451260577
2023-10-25,0.02339045720145294,0.01970386395952839,-0.0047292211967581155,0.01312690505154479,0.0073204679548026785
2023-10-26,-0.024409153614600387,-0.025529925292868128,0.004421738362175631,0.06777408532612861,-0.01230190627358596
2023-10-27,0.029000375786507382,0.028001464447672042,0.0026281733858164458,-0.015556923622897179,0.024998919449476187
2023-10-30,-0.033488133247943974,-0.037760151068075065,-0.02804806901178669,0.059418445550065035,-0.039999987628008826
2023-10-31,-0.0004573274731671795,-0.01567246936933797,0.00832684701055264,0.06652746113304153,0.0012162569250124822
2023-11-01,-0.031804213387723324,-0.0071586549702701285,-0.009862924857971134,-0.022657367430768738,-0.0167364963722878
2023-11-02,0.02623184795877398,0.025111842140206342,0.021610714578698786,-0.006296529665371975,0.02768252003921612
2023-11-03,-0.0225676352205888,-0.023647792504152165,-0.03361430029172097,0.012384856766531671,-0.020035652387418112
2023-11-06,0.0034161964614491946,0.0038504229334039852,0.009781783150481616,-0.07140829543337202,0.01585640637011987
2023-11-07,-0.04191124303867011,-0.042687416001848,-0.038612682295449896,-0.037990145949572174,-0.03050220280476401
2023-11-08,-0.025364534730338617,-0.026366819737737024,-0.031426079821844644,-0.010828075533129367,-0.01808371387879426
2023-11-09,0.005908991894559845,0.005442665906664423,-0.010948678174042659,-0.02092725638702353,0.01517500383082715
2023-11-10,0.017747758168129124,0.01888038480998988,0.008826423979099163,-0.0026306798073646442,0.013282170288772432
2023-11-13,0.013385685052261342,0.014124711586734229,0.03506980855503006,0.054071887485925174,0.021191975241491967
2023-11-14,-0.0006058582694753456,0.0,-0.000774799525765979,-0.028464209993295686,-0.005858897654990702
2023-11-15,-0.015642062524954925,-0.020444651551834947,0.011138133358432167,0.02704446621717671,-0.009447502380914297
2023-11-16,-0.04631685294525356,-0.049047768805272285,-0.041307907115905707,-0.040125397706846755,-0.04573536881732454
2023-11-17,0.04120385581054986,0.04101505900117308,0.00810850290524412,-0.03331156005403424,0.03969349975467096
2023-11-20,0.0212132374584435,0.022532601109836126,0.027772732791983445,-0.026351374209231615,0.01899752435400237
2023-11-21,0.0015791697509706104,0.0021906980964954137,0.026460823170387338,-0.012491330233395437,0.003503981836489256
2023-11-22,-0.005942970065567432,-0.008615124056393308,-0.012239727679997925,0.017919929389228706,-0.00062673199821206
2023-11-23,-0.007198588878491119,0.0,-0.006195697490064989,0.012771812192661658,-0.00806302093991007
2023-11-24,-0.009708748787777721,-0.020233431770006693,-0.01236418519921556,-0.02692569726463845,-0.022263346363594616
2023-11-27,-0.007445997275838501,-0.009001857253565504,0.0007757831230892354,-0.021366062455813184,0.006835634672849755
2023-11-28,0.02125527477981537,0.02070535718835509,0.024349040978273173,-0.031495999832748645,0.022982746780299212
2023-11-29,0.017384894265914053,0.018976532898155263,-0.006363979784204554,0.03621574572280517,0.024035906906847204
2023-11-30,-0.003249057136270439,-0.02440279361655051,-0.020079656650830113,-0.0007132150899579193,-0.03669647664419917
2023-12-01,-0.047688089947087065,-0.024881508852397816,-0.05970673629168921,0.004282600038800544,-0.035776009225470196
2023-12-04,-0.010775843099871119,-0.013905748393959416,-0.0006763330030797876,-0.04264388422007004,0.0061761103026818365
2023-12-05,-0.010636958144806585,-0.009857628856492329,-0.006993265259838344,0.005939136002577117,-0.011198590088526084
2023-12-06,-0.03756468926324752,-0.04065268879718564,-0.02457306544319804,-0.052029531527733486,-0.03795671566921699
2023-12-07,-0.003364737412269614,-0.0005765482431663305,-0.010480533468278597,0.006228116928489458,-0.014284328540848268
2023-12-08,0.024172764515373313,0.027257097185772183,0.01247451394110799,-0.0015473688365800209,0.024285408441938383
2023-12-11,0.002505306574116073,0.0012634610929280754,0.010732253543231485,-0.0581170438425056,-0.003268514370018072
2023-12-12,-0.03669605366726725,-0.03799774391571298,-0.03883160183522072,-0.04936235534411171,-0.031031347297699297
2023-12-13,0.013926874688857893,0.012534624729646282,0.016231936754894427,0.0103850836430317,0.02283173762370372
2023-12-14,0.03164554816211829,0.030372831053337546,0.016953815043472265,0.02441110101391719,0.046372644160881826
2023-12-15,-0.0007831556992005106,-0.002095578681779675,0.011384250186314837,0.04138795099062831,0.008589843174626521
2023-12-18,0.018288619734447176,0.014559721560745809,0.019841287169208854,0.004817376245105365,0.01029472864017289
2023-12-19,0.01642086541121124,0.013384865521790745,0.016462103150107987,-0.004394693524492399,0.01936082615850565
2023-12-20,0.005932015289602521,0.010620898057828843,-0.0030550891020119098,-0.018057814780918058,-4.5391397344385354e-05
2023-12-21,-0.0038895554637858876,-0.004446265502925373,-0.004319702908521905,0.051082958167526726,-0.019175756643397546
2023-12-22,-0.0040307305363948,-0.004466123071871553,-0.013200810983875377,0.014774443234224055,-0.01315725961668568
2023-12-26,0.025294043350438056,0.027324662900232166,0.0028558803972305036,-0.02298848474755899,0.013238773278718252
2023-12-27,-0.0175157046292177,-0.019319823876784437,-0.01682410707609483,0.027058826279337866,-0.0015289587504802027
2023-12-28,-0.015819235556713496,-0.0315747395495003,-0.02576318207896211,-0.023673171910267188,-0.032389745235085754
2023-12-29,-0.01722156505462813,-0.0016719398467338609,-0.001251737215580917,-0.016816575732866768,0.00834453564461679
2024-01-02,-0.014927330116984994,-0.01772511158987533,-0.01069292947139644,0.02147976950973396,-0.0036622298542773324
2024-01-03,0.031097649615654976,0.03296390715206443,0.03111882577008651,0.038940771646164274,0.03016850455014297
2024-01-04,-0.0084345515924521,-0.007015055409136051,-0.0061434621868433625,0.05734637081434868,-0.02224172249118872
2024-01-05,0.01507933823381924,0.022440712874367774,0.007765460364153043,0.025522788285323283,-0.002180014216304982
2024-01-08,-0.03351954441395333,-0.041186844818875024,-0.012114241298795791,0.03007263566928331,-0.03690330102443551
2024-01-09,0.019311528353493035,0.020771531587279624,0.028522611599860914,0.0704698110076738,0.024164129986208538
2024-01-10,-0.01018163839952424,-0.012043122133366335,-0.018789586692241622,-0.047335429523394534,-0.004574357766299997
2024-01-11,0.007942715965004066,0.009107382254031071,0.02814734572536648,0.01908517560520573,0.02273493420798456
2024-01-12,0.011368004286101296,0.009164172353136602,-0.001682965171698303,0.06974494292003408,0.0028378384930927147
2024-01-16,0.0,-0.0038524873159216932,-0.003259330952452455,-0.12466039025372477,0.0007546229510850821
2024-01-17,-0.005236986298566504,0.0022098899080500445,-0.002630974074241732,-0.010344899593718315,0.006362210606103869
2024-01-18,0.015665142061231707,0.02094824040248211,0.015073847675719731,-0.06027869886918147,0.022525050753546383
2024-01-19,-0.0068268132230623335,-0.009044251517073332,-0.011694335974236303,-0.06599924788088585,-0.00948018199521028
2024-01-22,0.019093686947752708,0.02424735990328819,0.011795185899047489,-0.03969834892061408,0.034677180835988475
2024-01-23,-0.006370153914415089,-0.01090570113311573,-0.0008168281468994287,0.012815270143832658,-0.012378205740818826
2024-01-24,0.006159620929878873,0.009681236583545472,-0.0035299026499517883,0.07795917592809287,-0.0002714181089169543
2024-01-25,0.029860061997885268,0.030230448570623958,0.04235961680910627,-0.026505086097452613,0.024847218423027506
2024-01-26,0.013587319452086799,0.008402294735658566,0.017171102138833216,0.054842391507959,0.01311607522841074
2024-01-29,-0.01376423080638911,-0.01576725193245876,-0.00334107993872923,-0.08185836740234154,-0.028595159524069103
2024-01-30,0.005703898203879509,0.013545206200338944,-0.00956282383038265,-0.1658634960761951,0.014449225773472296
2024-01-31,-0.013997871650332727,-0.025314844878290943,0.0004987865013694748,0.01107366537531873,-0.034237169696088254
2024-02-01,-0.03683762293423476,-0.02676333315932078,-0.03393631620611348,-0.023809502184254927,0.005267201780762898
2024-02-02,-0.0174078166494529,-0.020861567622511346,-0.019499369305547076,0.014146363191985145,-0.02155087664564559
2024-02-05,0.008534799134710447,0.0069175430055929965,0.02436091050439071,0.0014430115374408636,0.028731020327140255
2024-02-06,0.007693274657721627,0.007282203739850113,0.006569285584286488,-0.03506241768575724,0.0036665006125582433
2024-02-07,0.00788907972353603,0.007502429001149835,0.026433801663079626,-0.020905950222616987,0.020610686202087614
2024-02-08,0.03055167525459157,0.031952350268743546,0.026854186701084526,-0.025419396096771574,0.034909410422357956
2024-02-09,0.006860286742994326,0.008134283747808446,0.02539090238644559,-0.03651541493599697,-0.001067488135061745
2024-02-12,-0.0023117463896135115,0.0010411482934342686,-0.015046221449210417,-0.04277206067294581,0.011882916755583173
2024-02-13,0.009390202964224548,0.012350553825419386,-0.008117549929812062,-0.0446832555922001,0.011532074766325007
2024-02-14,-0.014135534812098172,-0.015795599249386005,-0.029628071463826178,-0.04736533002869281,-0.03244796727892563
2024-02-15,0.015441202938625942,0.018136735395592574,0.004839639944770324,-0.017402111686289135,0.000604253048251957
2024-02-16,0.007361822421654063,0.014866124314449669,-0.006055833702594882,0.01771030845196897,0.0076348862644757265
2024-02-20,-0.01353785631109139,-0.01275416220599035,-0.02675841978760307,-0.020509628984231587,-0.025085594924786903
2024-02-21,0.00837991829116369,-0.003453525735641727,-0.009628392576911726,0.12500001891010326,0.003776234523311439
2024-02-22,0.007708050091023377,0.008984686373241901,0.01730006554483965,-0.02312465230623917,0.021303628144614395
2024-02-23,-0.024500961721356296,-0.02696861379114235,-0.02263815520165302,-0.07448034006858939,-0.024842628631346453
2024-02-26,0.011149179148403743,0.014250281052778702,0.027140646048161132,0.0349344932701785,0.0126937707269279
2024-02-27,0.013570856211656546,0.016628008315036746,-0.006044821690489255,-0.026522018400768954,0.01682859227867506
2024-02-28,0.0003586225791949449,-0.0041841234888125856,-0.031937409654250515,0.16718264974126051,-0.03130866013513911
2024-02-29,-0.0007169880302932974,-0.003565046804596128,0.009592619293151694,-0.013262586888394656,0.014663215633708315
2024-03-01,-0.0008371166290960241,0.02185023048550372,0.007601180206620484,-0.013440847293478053,0.13457441772758938
2024-03-04,-0.008976660354343635,-0.01538080953055132,-0.021078293461862962,0.0441416723445367,-0.0109776146979077
2024-03-05,-0.009178769422935829,-0.007492968680433476,-0.015374809446173976,0.021398751774218017,-0.020458705648169873
2024-03-06,0.011214019486574411,0.012539932289246991,0.02179172414461794,-0.014307612106985501,0.008330718805482196
2024-03-07,0.0,-0.002527447936105487,0.011789871529869655,-0.05754279931712669,0.0003524140079480542
2024-03-08,-0.010607488706960155,-0.011655874387282661,-0.01996515604530047,-0.007150721527683479,-0.010803213406089474
2024-03-11,0.0015837871651798174,-0.0010255329940253022,0.004127388778843555,-0.02548476739691219,0.02109049707802324
2024-03-12,-0.0035275625685065037,-0.0047478858608122065,-0.01331171940007847,-0.025582693873855478,0.0022864347352555825
2024-03-13,0.025756843963790965,0.027849455003883472,0.02621829939433562,-0.03267210893475714,0.029036477009716233
2024-03-14,0.01654170427039081,0.019317622829230663,0.008826486224714492,0.050060352399342145,0.015705437717344672
2024-03-15,-0.0009365702735846249,-0.002707374045281208,0.006718812807886554,-0.04939694548972251,0.006473541120479931
2024-03-18,0.018162680082863147,0.02073050698662926,0.022442208848905132,0.029003008395935614,0.013415163975869948
2024-03-19,0.0056392895294219425,0.009066731007401074,-0.009862963610937636,0.024075167234258288,0.0017771795720069594
2024-03-20,-0.016365304991124208,-0.021444841132737036,-0.023544773976474254,-0.025802728306984712,-0.01049889314295871
2024-03-21,-0.001977872890998267,-0.007468175906861663,-0.009978786698193964,-0.009417323376071596,-0.00223188116545614
2024-03-22,-0.0040801874458124,-0.005427438547706553,-0.005770447621750607,-0.014260207888821874,0.004656991440850522
2024-03-25,0.015451243007244209,0.01637107453539266,0.009497297461462884,-0.026522018400768954,0.0031389140232904733
2024-03-26,-0.0057636887608069065,-0.004026775032933472,-0.021205153992531978,-0.02476777809091235,-0.017391960616345514
2024-03-27,-0.0018551149230072728,-0.003308064976415892,-0.008848896015923424,0.09079365228339142,-0.005887542456668449
2024-03-28,0.016145976050311317,0.022372461327128335,0.006542060705082564,0.026193222154136775,0.02845757113748948
2024-04-01,-0.0006859303347697132,0.006492736893301654,0.004396651347571723,0.04197390837964887,-0.018507122032817347
2024-04-02,0.017158545314782003,0.017202275201952055,0.032278940753922125,0.013609132275133051,0.018044239226559622
2024-04-03,0.004835810998992551,0.0032883003438559655,0.007559255399760101,-0.011278210411183709,0.0007249604961774292
2024-04-04,0.014549558746040026,0.013578321767190316,0.0032572704405282593,-0.03639321764528036,0.01206125636374411
2024-04-05,0.005736311465123878,0.003695661597790334,0.011563818127325654,0.006200630035189558,-0.0020041427596758643
2024-04-08,-0.00866514128982876,-0.005522993173487367,-0.015975506424533825,0.033053230454935356,-0.014344101811899157
2024-04-09,-0.01062180917953448,-0.01388403267389926,-0.018946706582797734,0.015184380376418227,0.0025467399646648126
2024-04-10,0.01185422958727389,0.011498248139624634,0.011430732323538084,0.0069444506355726965,0.009435340077855514
2024-04-11,-0.008178663414111775,-0.013803531539772207,-0.017654033840361683,-0.0641909458362313,-0.002696265907000339
2024-04-12,0.007911735027567923,0.007527723409939346,0.009512002947290377,0.0034013166408797257,0.010381749037142507
2024-04-15,-0.003869524443669947,-0.0029185149347662476,-0.01150795151821249,-0.044632766687347614,-0.006778712366182438
2024-04-16,-0.0008879226682525498,-0.0005854472498986185,-0.0010926544766765023,0.024246013573645087,0.013793575364858146
2024-04-17,-0.030326547759867428,-0.03127926604796116,-0.028891425977473073,-0.011547333142956417,-0.033164453151926954
2024-04-18,-0.002062095352135196,0.00048374548731788813,-0.015846542412197295,0.026285021471250225,-0.005497074398534085
2024-04-19,0.0020663563760139336,0.004955832419659689,0.002920413509777564,-0.002845757153371653,-0.0012529341070522948
2024-04-22,-0.003322269589709159,-0.003488103411791066,0.007515818813892627,0.022260293895810745,-0.009187160038220177
2024-04-23,0.01632181803385424,0.00615572897553851,0.007342610588451759,0.011725308518099498,0.014858145651431176
2024-04-24,-0.004523880730178509,-0.006597925236693336,-0.011360101623699603,-0.08774836419463539,0.0033023242508334327
2024-04-25,0.011247506599877166,0.009177661618607225,0.00019607190462589408,-0.009074401525013487,0.0087408232212014
2024-04-26,0.005504975306253712,0.00335047002895017,-0.0008626594384505415,-0.014652044242802642,0.0023203931909892006
2024-04-29,-0.01229048574436975,-0.014549806116927466,-0.006632063754189899,0.25774474483856635,-0.0057513328578070455
2024-04-30,-0.00610860753627096,-0.008471462804184426,-0.0070714611470878985,-0.019211781119526705,-0.013788326241145787
2024-05-01,-0.0503072858893715,-0.035762239646796146,-0.024468875059713735,-0.029633356901765606,-0.049210552863217405
2024-05-02,0.002756420431561768,-0.0006329500222508333,-0.00358906551469107,0.05331265146814079,0.007410549786367682
2024-05-03,-0.008485706944071358,-0.01063959937124892,0.00012276639331454398,0.05257978850222633,-0.01594452417747194
2024-05-06,0.004460013870121626,0.004736944612608207,0.007366835792880888,0.02474321862193829,0.012954533536203572
2024-05-07,-0.00204005958490161,-0.0012742877069052971,0.0017063385206697035,0.005467008787381378,-0.017309342982828047
2024-05-08,0.005050482809642709,0.007782605661228903,0.004258579723049216,-0.009062066502470767,-0.00456083090476167
2024-05-09,0.003589320600514867,0.0034182083778075967,0.0006058437539357975,0.05212623691218843,0.003949755248518816
2024-05-10,-0.012994711177654605,-0.01261670417673244,-0.017436234387702365,-0.021295098773258192,-0.016563046790185054
2024-05-13,0.006884885717126643,0.010989018488071656,0.0009858368948234553,0.05728239038542182,0.004320472255143759
2024-05-14,-0.01175627818807734,-0.013903008914684878,-0.006894257524939662,-0.015539664099169292,-0.020274839028281644
2024-05-15,0.0044914148933972164,0.007818516234270767,0.0012809579618797695,0.030716631902377722,0.015124400100423596
2024-05-16,0.006283947348234564,0.00763075320455453,0.008501539571423189,0.03269867541499738,0.01642107044291352
2024-05-17,0.008526561096316554,0.01047575623493291,0.017432547018080058,0.05250502924665068,0.014343068899284717
2024-05-20,-0.0032151019488931842,-0.0032474958126954556,0.00032172076402114946,0.047600915251362785,-0.013324470358693885
2024-05-21,-0.009915205353390633,-0.0067669285072220475,-0.009971382291953157,-0.029080307456842425,-0.011772145850701077
2024-05-22,-0.011824273166208932,-0.021322260861178277,-0.012386863013652216,0.0640209672671197,-0.016812784327217445
2024-05-23,-0.006593417649164657,-0.009024067951477588,-0.008224353089323788,-0.06509498321003016,0.0006483617586168222
2024-05-24,0.009341225793129793,0.01105760951932444,0.0007463555606257444,-0.05156194225801858,0.005993387924823734
2024-05-28,0.025572313734591345,0.027148746490105458,0.0212959673911024,0.02777775149707007,0.009983118175649563
2024-05-29,-0.007361704317211726,-0.007515952152811867,-0.011358977243260182,-0.03745169377074831,-0.017776009884155508
2024-05-30,-0.02081337195607913,-0.016660351368124715,-0.02773902782942539,0.03168872652155619,-0.024265600845474578
2024-05-31,-0.002931808721965523,-0.011808570852208544,-0.002447880777429301,0.00583198535375784,0.008899698114831489
2024-06-03,-0.03994121571341147,-0.035978655928368686,-0.028515814093628578,0.06532669337102326,-0.03726307277702201
2024-06-04,-0.010719805522489856,-0.013069269802606143,-0.004485637518415908,-0.06168362616313405,0.0059513795939165615
2024-06-05,0.011480999194839026,0.011194535082924562,0.006649415504768497,0.06612529237622922,0.0017450880646916467
2024-06-06,0.01862006142435857,0.019981144363863335,0.024553456022905484,0.023213685313069554,0.018652282673505383
2024-06-07,-0.0031300862827464693,-0.0002647818881917896,-0.0025025051850682267,0.03438492741629329,-0.006214794103806653
2024-06-10,0.025244843475243695,0.029259885081295955,0.02678911508762649,-0.004112434542129728,0.011877799924729926
2024-06-11,0.0035526267951111468,0.0020581896900713215,0.002733218628066858,0.07673780362988603,-0.0008296044480801124
2024-06-12,0.008300785160827218,0.007702162546450841,0.008053532273800235,-0.02684559718445101,-0.006019403465615802
2024-06-13,0.0018159991361974548,0.0015286974086883287,0.01884628184518866,-0.02824300936386015,0.008854068286055616
2024-06-14,-0.0015709637875283011,-0.0021623733452137417,-0.006514422512282625,-0.02636027906333649,-0.006623626435720342
2024-06-17,0.019728845306597353,0.02396437165004417,0.004816719448601292,-0.03228043519458712,0.01971156081700598
2024-06-18,0.012819012831509546,0.015436298213678867,0.015428010556684635,0.04340021823679718,0.014835172651539441
2024-06-20,0.004453266673664524,0.007355626779034674,0.001467700469554467,-0.05775180043323502,0.007087556609048917
2024-06-21,-0.0054836218145318805,-0.017524581283925866,-0.013071892955767161,-0.01313389791248476,0.005158395155358653
2024-06-24,0.00903336804033672,0.011148195950211992,0.012000832910052273,0.03918676081424399,-0.0008752542628809312
2024-06-25,-0.011626554762969366,-0.009800262762226009,-0.00475929406011133,-0.019566013742442934,0.0012741605890416174
2024-06-26,0.0028231720707985186,0.000866011298261915,0.011197901870807714,-0.046444128821466535,0.011890116024626307
2024-06-27,0.013372426858046182,0.010383143659421501,0.003980345476285674,0.021689467786774275,0.0003929605898194133
2024-06-28,0.00023155773356031695,-0.0024467452100440656,-0.012050544813024922,-0.03128486927291474,-0.006481771130896097
2024-07-01,0.0021987594486705397,0.02256556680440558,0.03885733003784164,-0.04728955848565253,0.01945358393350416
2024-07-02,-0.004157051001093759,-0.00683616830895073,0.005736744572072627,-0.017352697386872618,-0.0019004687736668968
2024-07-03,0.012755084663368388,0.01292114148496526,0.0017492672778676166,-0.0069815032218331075,0.010841680392364994
2024-07-05,-0.00915955410930358,-0.00858361486509529,-0.012109451894302237,-0.04094291886461876,-0.016222691916507603
2024-07-08,-0.00912873708307993,-0.009980781559691843,-0.008953339348766631,0.020267326959671594,-0.008284139876833962
2024-07-09,-0.012711327555575802,-0.011174518990454962,-0.021519054859940767,-0.009298324832323512,-0.0041372608627522345
2024-07-10,0.00496099870986999,0.008475553138107328,-0.002060606839313861,-0.0063993618844994105,-0.009495896679874605
2024-07-11,0.0037611622935744826,0.006333791499701924,-7.9428681517002e-05,-0.026191545220603185,0.0057521789718324445
2024-07-12,-0.00433258477717835,-0.004962522978448347,-0.003415136541080499,0.026895992833145588,-0.0009929530258221408
2024-07-15,-0.002116903537103254,-0.003649135454374952,0.0015939540329801272,-0.07342207131592104,-0.009422334720040393
2024-07-16,-0.013199706980891679,-0.014039817781266728,-0.01782305901001846,0.013901747681108523,-0.0056590442128856555
2024-07-17,0.016123234444004098,0.025879102062987824,0.01020734342337315,-0.06992681922477562,0.009606512623722585
2024-07-18,0.0003525949535878592,-0.0003620854538246565,-0.00288692974796656,0.04422600018347089,0.006036861514488345
2024-07-19,-0.02913880083596143,-0.03248010687416558,-0.02722370533426588,0.0014117745792163738,-0.02622793758936315
2024-07-22,-0.0027834410647950003,-0.004367883266165551,0.006489960371326209,0.057800707390606165,0.0082434601516308
2024-07-23,-0.01686892431927789,-0.035347201528862615,-0.010226696438634608,-0.028431760702727904,-0.022868922755407084
2024-07-24,0.008640870630580055,0.00818603509501692,0.01763559481919641,-0.0320072849030022,0.01549231941750051
2024-07-25,0.008077391622866914,0.00889293045460926,0.0076659682167536936,-0.03589995745180219,0.0065674764956134
2024-07-26,-0.015054090710413637,-0.014307551541297592,-0.020840110973853854,-0.017148382807040785,-0.002877332216410511
2024-07-29,-0.01663994231263477,-0.017496190246794496,-0.018473326865016793,-0.04935199115165201,-0.018370294430714473
2024-07-30,-0.014414659607356772,-0.014246065643590433,-0.016084169086657107,0.11484005669786512,-0.011675531972650477
2024-07-31,0.026580237063334122,0.04255319366154864,0.0336784593801811,-0.04233298082670467,0.039755406966065276
2024-08-01,-0.014866260647787732,-0.02053659386867379,-0.0037673196470240367,-0.03339880085760427,-0.03384371749301629
2024-08-02,-0.03407946678665952,-0.03656140747986625,-0.036527561748916804,-0.0005081538122045925,-0.0335279357872551
2024-08-05,-0.006639689142639238,-0.007888931285946366,-0.008583171525428424,-0.012709698048385731,0.006903707431518136
2024-08-06,0.0023591126864526135,0.0035644981921243435,-0.001218127487870313,0.035015426307942965,-0.0031710814697601952
2024-08-07,0.02418930953084719,0.02773232914376722,0.026047629922186344,0.050746267948559964,0.013369458602675577
2024-08-08,0.010596218711252714,0.012760853936399252,0.000933897146618845,0.007102322436294717,0.01777453813417762
2024-08-09,0.00631632108222524,0.008531222938130911,-0.007676657569319678,0.00752223474533098,-0.003709539545665108
2024-08-12,0.033140839421077706,0.0419052755617495,0.028550719306320804,0.021465238558216138,0.022005566724135894
2024-08-13,-0.019562582632458025,-0.021358969980247,-0.0071889167712627655,-0.018729964097798035,-0.027917587530675858
2024-08-14,-0.011525595204326722,-0.017485579372921167,-0.008789514771484042,0.03305404986921934,-0.02257130218286474
2024-08-15,0.01604812869877592,0.01532866008987388,0.004095862347453405,-0.009914408915887463,0.015897653501412812
2024-08-16,-0.016781843472202906,-0.01931937135978523,-0.0206904503724068,-0.03368234832205197,-0.02027144328878505
2024-08-19,-0.025351363395203164,-0.029745580351059675,-0.027998492107727868,0.052755531552729495,-0.02008487173107143
2024-08-20,-0.005923341387783498,-0.004437297550992092,-0.00013250743353010463,-0.016554784165037306,-0.0033129841659851333
2024-08-21,-0.014896294584770153,-0.028498117021350078,-0.005964994228631282,-0.009554098673620337,-0.022736360170455105
2024-08-22,0.015384590690272981,0.0150146229177337,0.006134109148376199,-0.056959150147848026,0.01755106807202078
2024-08-23,0.023309963661081845,0.024928087132886967,0.01599295203704898,-0.015099804828899499,0.018451644713073145
2024-08-26,0.030498655587083423,0.03461173693057118,0.02100275139827401,-0.03264099976382173,-0.0022755718561112692
2024-08-27,-0.02308728044175723,-0.0244122892579266,-0.02632027331622977,-0.026584829935086374,-0.014474315232875123
2024-08-28,-0.011313657967974344,-0.013372198498000198,-0.024975967299258328,0.013655411281430885,-0.014286438865463325
2024-08-29,0.01640179136046016,0.018652805712012777,0.02462874309202734,0.10725395958607331,0.014854658097318785
2024-08-30,-0.014260687450992071,-0.03108945457118406,-0.01422943509200092,-0.004679452536519246,-0.01601637840296999
2024-09-03,-0.06408633066220626,-0.043643869213822795,-0.020208662595072258,0.03573106340622445,-0.10580095470920092
2024-09-04,-0.014237329515360164,-0.016206986764290554,-0.021985520881348974,-0.026327773912960706,-0.00803965003330287
2024-09-05,-0.0001374760282735199,-0.0007224772336431595,0.00528388607581376,0.050815836151192784,-0.018350501444056033
2024-09-06,-0.02242405871600306,-0.021402795723434842,-0.024851308548530016,0.009316835557074965,-0.015474056875175224
2024-09-09,0.01097662265825039,0.015368714994359323,0.011536640989981528,-0.04615385260303817,0.01286919591134783
2024-09-10,-0.0368874447601647,-0.0430795972043837,-0.03804801224611609,0.02857144426718694,-0.02624454180186908
2024-09-11,0.020523169805461983,0.02372619860979097,0.01637511558898308,0.017025029783627632,0.014545445736600993
2024-09-12,0.019260736419710156,0.02466206688931072,0.012955895585044841,0.03832604948813523,0.015707388569442537
2024-09-13,-0.0050020925975474695,-0.004639693912723342,-0.016282747250979,-0.022061961516188333,0.0016605785591055078
2024-09-16,0.015919555647701644,0.020975889002258663,0.005997240050202635,0.029501014235709278,0.019687072832602848
2024-09-17,0.01305837729542536,0.015694195477093498,0.019028912799727404,-0.020648978813901153,0.017122238523001654
2024-09-18,-0.0006783639678898945,-0.003933119394501139,0.005054581197502461,-0.017211688420140314,0.00439583892340889
2024-09-19,0.01670055264162995,0.014666383195923283,0.01140856472795071,0.02802107353083949,0.024518802246330518
2024-09-20,-0.005208325373311062,-0.0004169392712893849,-0.004834233220798012,0.0366269011291982,-0.011456244518397884
2024-09-23,-0.007920477309848128,-0.021551661037618852,-0.007587259105130029,0.07354145427104264,-0.022687112155659106
2024-09-24,0.01718533987609816,0.016910540934567786,0.016502686057287663,-0.023727439652633353,0.019847250148068207
2024-09-25,-0.022748425251114313,-0.026131849929932338,-0.009309750614497792,0.03371225467701344,-0.014682000695627306
2024-09-26,-0.025319910611661167,-0.02898556753760073,-0.011156403991993358,-0.019719394812836466,-0.01930094918587011
2024-09-27,0.005307330878643102,0.007536606325260875,-0.0015917266377757366,0.12263052517755502,-0.004231920628604224
2024-09-30,-0.0029175702149638605,-0.00014670190944121586,-0.0004220144184720054,0.007236439429602948,0.004659539053739392
2024-10-01,0.024940796979962876,0.024350941861482678,0.019889353108125896,-0.009237149479634943,0.002293416337328713
2024-10-02,0.0046221313019256804,0.0038664848344072134,0.0036335201029558117,-0.0034530354901214366,0.009813944759531346
2024-10-03,0.05033831047216464,0.051497870027547465,0.05160159787753815,0.029106068265205787,0.05372881835137511
2024-10-04,0.005539813063131005,0.009089651027908596,0.00784421781154232,-0.03905721748823543,0.0015291100001013636
2024-10-07,0.03689938681370886,0.03710677921682293,0.03610494540970266,-0.037841638608905326,0.027674439293130737
2024-10-08,-0.046336339872226295,-0.04627948824307726,-0.041315407529916026,-0.004734162855167479,-0.03979015445733591
2024-10-09,-0.007774014922889982,-0.004485548897968816,-0.008836806465490121,-0.026710557319341244,-0.0008219740288486488
2024-10-10,0.03682423122743583,0.035636273709432675,0.032500276701251885,0.005639047369019767,0.04089229281732898
2024-10-11,-0.004534012637697815,-0.0038233476778023467,-0.002977570154686582,-0.016074760224436102,0.00032544376074650216
2024-10-14,-0.01998990147714308,-0.02289565621276679,-0.029736765093460682,-0.052431615898243855,-0.01998512044593448
2024-10-15,-0.04144073228005141,-0.044020044960001226,-0.0380353226849065,0.001603828616233427,-0.03362418984207449
2024-10-16,-0.00040402396359429105,-0.002692015251870572,-0.00594231898655162,-0.05244187687922863,0.0012759261345827166
2024-10-17,0.003098837560715495,0.003977820453541003,0.00910467997456088,-0.008449606453236225,0.003185808981403415
2024-10-18,-0.018670241056084502,-0.020517857447453047,-0.01927545521707008,-0.03792074608460705,-0.021887730563229568
2024-10-21,0.016835524199780183,0.01935851364142782,0.014450346134549319,0.023915031753597216,0.006343577352713181
2024-10-22,0.023556332998162954,0.02168365691943719,0.024595781521091542,-0.0004324945956222237,0.028192846992709297
2024-10-23,-0.0142030749349209,-0.018310441973630964,-0.006884189959817322,0.013414062073630717,-0.014530584734927188
2024-10-24,-0.007737484500247693,-0.00819548154828098,-0.008687425051507436,0.0768574151028294,-0.006711084887480512
2024-10-25,0.022452350900874718,0.022652746581935723,0.016255723106649356,0.01506735419196481,0.025053058335361644
2024-10-28,-0.060881061104776424,-0.06129843411404423,-0.04892550253151284,-0.09804684887931159,-0.05393312648595794
2024-10-29,-0.004200440073572009,-0.0025229767865074804,0.0023959466823177955,0.016024227209910036,-0.007424755047768294
2024-10-30,0.02010686515678617,0.020830256583091344,0.025261286081525558,0.2127025071655151,0.022492065387376803
2024-10-31,0.00840800254572538,0.009473859788609929,0.014582267764479129,-0.04850615467708952,0.003908394557242012
2024-11-01,-0.000820191156159833,0.003320758308477556,0.00662308424581215,-0.016254122672919702,-0.01846765218566826
2024-11-04,0.0270862297984118,0.02849335757378002,0.022334640996598543,0.04431084767784066,0.026798902389508106
2024-11-05,0.005993566026473607,0.007275732953475611,0.008799911484195011,-0.0399136377746947,0.012579200790068468
2024-11-06,-0.008076269299752248,-0.00416718198729471,-0.014842441653823313,0.0288389140543015,-0.00449970462963023
2024-11-07,0.009476763238456032,0.009345768532968313,0.007224713188748844,-0.019657772562907794,0.008941809886886531
2024-11-08,-0.02327111689477679,-0.02736323024091214,-0.020775075165354373,-0.00891205612690138,-0.020013646142770458
2024-11-11,-0.02761609367371698,-0.03324803110555652,-0.018446585089579193,0.09404277795797378,-0.027577654262148088
2024-11-12,0.0008352715726620552,0.0011758058491799783,0.006006573218787725,-0.004452058597406383,0.003730209095650361
2024-11-13,0.005424946348025594,0.004550756695459901,0.0038448070570520354,0.026143781736858385,0.00040727665190565254
2024-11-14,0.003873807194599399,0.003945588804067146,-0.003154133908239376,-0.0663761151743153,0.00844735288169085
2024-11-15,-0.020948135256467992,-0.02445415400005735,-0.018713535499666478,0.013644476560800589,-0.016349545203644178
2024-11-18,0.031813092723883996,0.0319308732651864,0.03708134115798134,0.053134997449436394,0.035397324129762486
2024-11-19,0.0001363507014984222,0.0033255597941077575,-0.004974660745419746,0.008408966206472579,0.009611990695261197
2024-11-20,-0.006820352157294374,-0.007493826886298849,-0.00620482158517166,0.06504342152779863,0.003975086152802509
2024-11-21,0.01950289583785647,0.01785967298513147,0.021605351765125347,0.045724993696057536,0.006647820511759717
2024-11-22,0.012663273198194158,0.01626247381544932,0.0002198222657836535,-0.06289309343716265,0.0009710862203697879
2024-11-25,-0.028734815555805038,-0.03228516972672435,-0.017407312928556573,0.07670182597851238,-0.029543016778126874
2024-11-26,-0.0027394133924764086,-0.002465996407301163,0.002281578168184195,0.01840309795543149,-0.004348919429297049
2024-11-27,0.0002747462317223004,-0.0007269946895994694,-0.016425702935185416,-0.06616146851391147,-0.00923785234386787
2024-11-29,0.0015103749496907515,-0.01047731676241892,-0.004810243213790755,0.0496254432211809,-0.015050187932533099
2024-12-02,-0.015217995245383253,0.0014705657958984375,-0.006976760114497438,-0.044602991582540774,-0.01363378466289078
2024-12-03,0.024919961992169393,0.02701914843631581,0.018367985061423786,-0.053221288723261484,0.023576043707752126
2024-12-04,-0.01779414750224384,-0.020017178681853598,-0.022681210805585383,0.00032870726580225273,-0.011873182307358343
2024-12-05,-0.003042473076075747,-0.003501573687828219,-0.005398133968060215,0.011830434950549806,-0.0034036523251989026
2024-12-06,-0.013455314753550107,-0.01610550592043225,-0.01071573021815353,-0.0009743491343137123,-0.013609290243621786
2024-12-09,0.014341909500494632,0.017410801361211092,0.02386757047942978,0.03446032101713281,0.024289126608429523
2024-12-10,0.0006931390654403291,0.003217691713777171,0.0011907279797489512,-0.0059710293696181305,0.002202303874463629
2024-12-11,0.01842352343372844,0.02478502213736955,0.01701659299949565,0.06797341350267705,0.014820137012705903
2024-12-12,-0.0014960961096208703,-0.003841289926648672,0.005982072655630999,0.022794524051797493,0.0013596390176118245
2024-12-13,0.014711812393187529,0.01813773683730524,0.014933407810271415,-0.05065121741842704,0.006688489430359379
2024-12-16,-0.007786202420368871,-0.008135808999945704,-0.002643190313693755,-0.02012194674295864,-0.013038284891732643
2024-12-17,-0.009741593627768164,-0.00890959215917042,-0.01594519068432032,0.029247075756057228,-0.01609557692329744
2024-12-18,0.002732571957519747,0.0071347030099311315,0.012163959723858753,0.019951627264417793,-0.0005658439841744745
2024-12-19,-0.006949204802724207,-0.009492747967746795,-0.007671897143586959,0.062240673869536245,-0.010294471727616772
2024-12-20,0.0008233423470040968,-0.006436912517008175,-0.0026813433438522827,0.04575887021528047,0.009777418741860888
2024-12-23,-0.0042501395340275305,-0.0031673081428574834,-0.00241965431495228,-0.024546427407552196,-0.0016996042504473508
2024-12-24,0.013080058014073748,0.01242057534495622,-0.0021560801556772535,0.07932171999184834,0.010627849732703254
2024-12-26,-0.0043490036268137855,-0.006847300113940302,-0.00729229249533625,-0.05854033938334058,-0.006687441016077655
2024-12-27,0.012421457905811506,0.014076352899701217,0.017911393657242147,-0.05410497438716955,0.00637271632691272
2024-12-30,0.0029661753557281845,0.005524070794298952,0.0243673804142035,0.1200911147079704,0.009243194502176033
2024-12-31,0.003360666783857935,0.010283186067063577,0.009175927095237402,-0.07698175898026627,0.012751044943645429
2025-01-02,0.017282970606592007,0.01965973241377794,0.014392854552339962,0.007431926670239397,0.025181124871186622
2025-01-03,0.0076386385977025295,0.011349676770511463,-0.0026338466050978004,-0.08360655385299076,0.0008772651450821289
2025-01-06,-0.002744727207022457,-0.005408349524478107,0.0031519021238832767,0.09481211422254221,-0.008862015346926544
2025-01-07,0.009829619528209488,0.009380131379920664,0.004712998276547031,-0.06072986213536302,-0.004372471304851744
2025-01-08,-0.011550932568433314,-0.01252525663536408,-0.006592656792727691,0.05856774371405149,-0.008092303029960779
2025-01-09,0.009978918990179109,0.008183285278483776,0.011698708358900856,0.013694864969277853,0.00900409066595187
2025-01-10,0.036921529314749124,0.03584958862988996,0.05192997539622968,0.07781683565010367,0.022974837983394725
2025-01-13,0.01567201562839715,0.029384876700634166,0.0126314104121934,-0.013787933222955906,0.012241632281984938
2025-01-14,-0.013455177614390745,-0.016747014716252284,-0.003157895727514126,0.00864258255197825,0.002047268925091217
2025-01-15,0.026401409643318052,0.032774205361643105,0.0349265795785374,0.028981917801107704,0.02580066094715816
2025-01-16,-0.00902106393735913,-0.01699151167910251,0.0014156416082229395,0.04286056969133001,-0.016536237160940437
2025-01-17,-0.006150817989528323,-0.010167806922405265,0.0014519921598434848,-0.07280412171867878,-0.005180820599222091
2025-01-21,-0.018566654078496336,-0.025552104955707255,-0.023998498717988537,-0.048632197185452974,-0.013208967075954536
2025-01-22,-0.0036574714614557857,-0.0059295948328017545,-0.028888622332796432,0.05431309741912527,-0.01271409400026624
2025-01-23,-0.008987330183198194,-0.010869560820350066,-0.005112342350729215,-0.0037879052423428483,0.003790389546380224
2025-01-24,0.0026823231832535654,0.0005360615660010559,0.018086242027230304,0.02078580951932585,-0.008036354679507252
2025-01-27,-0.01808914864898492,-0.01995721162709041,-0.022335277799992226,-0.0819468407672922,-0.010151348670702998
2025-01-28,0.005319097340104939,0.008200061352136911,-0.004024428018330695,-0.061130665117537064,0.012030370216508102
2025-01-29,-0.011743399894198592,-0.015588910787790566,0.0015917926633128854,0.0184385279483108,-0.008233374699798901
2025-01-30,0.0037869013919211714,0.0015147425804351577,0.008720446151696759,-0.13804813087594714,0.0008350564424370877
2025-01-31,-0.0014309952702122875,-0.0027499596920842473,0.00367615756391948,-0.0009845818997180622,-0.00044175426175840915
2025-02-03,-0.010422134308151754,0.00868612840777172,-0.008613393203635633,0.10118268620518989,0.03987239074188986
2025-02-04,0.0031595295769111242,-0.006287680301271359,-0.013519517490579336,-0.02953459939383929,-0.008830392383575525
2025-02-05,-0.020866094508778077,-0.022971089945632905,-0.018766950699222518,0.03289267550718544,-0.02301097111670769
2025-02-06,-0.004288965181697413,-0.005912968832370691,0.005788065271608467,0.014285743682563856,0.011703402955311581
2025-02-07,0.004980518804983625,0.0055232882917048975,0.013678048021956046,-0.029049289123663447,0.01460447305727719
2025-02-10,0.01620679112137169,0.018591544997524245,0.00826893082585145,0.040797821045854166,-0.00038011056732289994
2025-02-11,0.014893860715839757,0.0138274336866675,0.025990435630195874,0.021777017293584944,0.02048290132379993
2025-02-12,-0.023636359673041785,-0.02659570316910187,-0.024894669070257613,0.013071896310481002,-0.026870916319886584
2025-02-13,-0.0021282742944915833,-0.0011209447663713679,-0.0013458204258806061,0.01767179880762626,0.010097533002191295
2025-02-14,-0.0037323219384968187,-0.007715009744627688,0.00534983767245345,0.026736461711901915,-0.009854492027881911
2025-02-18,0.014717667989850414,0.015691272884813978,-0.008611657813859197,0.07570471733412565,-0.001531199647351822
2025-02-19,0.002637191288164642,0.005567175147860093,0.006514846993411316,0.06813083164589862,-9.586102048686485e-05
2025-02-20,0.005786460232885204,0.004429061520058397,0.019092217761518926,-0.02990660119737365,0.0
2025-02-21,-0.02680443203160454,-0.02990213832259503,-0.02840137176868507,0.0197495800973313,-0.02866039377632079
2025-02-24,0.004702384424103645,0.004261298520753742,0.0014389609055494024,-0.05668404257883075,-0.007746633294889005
2025-02-25,-0.023535733684950655,-0.02503531427819128,-0.018679710420980378,0.04506755889577696,-0.021730413901072332
2025-02-26,-0.006710461329719308,-0.004497280679258475,-0.019244447614093607,-0.06420697201306169,-0.009352957105925985
2025-02-27,0.020819001263536308,0.025211245384644476,0.02201082570649171,0.007168488753949154,0.024475369631988375
2025-02-28,-0.01161535115771728,-0.008386586363717696,-0.01711262056139573,-0.025419396096771574,-0.013172429254936002
2025-03-03,-0.021317266358133913,-0.01992544935612217,-0.040129020814270056,0.07511739658361227,0.11038926858628528
2025-03-04,-0.008098321820887766,-0.0016089016517856214,0.011856271698447607,0.05531287607174118,0.0029253627116294645
2025-03-05,-0.024493212856775415,-0.02856730906256022,-0.02028684448962459,0.02298848432756806,-0.026068705665956204
2025-03-06,0.002308744959150344,0.0007540801326924029,-0.007586558673231658,-0.033258375243213734,-0.016752446774755736
2025-03-07,0.012957119748653989,0.010247141333957543,-0.0035074485169491743,0.02254768039008881,0.003569356973368576
2025-03-10,-0.015349656362791397,-0.015065664117503652,-0.016290680437562655,0.020913844991833352,-0.007682489367155654
2025-03-11,0.004041552890161837,0.0033318374189050814,0.007752678148688741,-0.008461390631652632,0.005973738520729244
2025-03-12,0.019982740633042395,0.021584910266804203,0.004324484127332884,-0.08286547324240057,0.02142516544890083
2025-03-13,-0.015081039335417823,-0.016696176836919374,-0.019988236302278417,0.006611153202147113,-0.007906590392532942
2025-03-14,0.010017238196191824,0.009466524786302388,0.002034971293176646,-0.0017027412742629533,0.007313283863518816
2025-03-17,0.006942446175368877,0.005954175707976184,0.017169747184529127,-0.020955156858972424,0.015125437998575464
2025-03-18,-0.0071760537275985525,-0.010062152807804536,-0.004219980792796396,0.008461901151351592,-0.005868319317369974
2025-03-19,0.0031179312402955794,0.003886429451423812,0.017042610056060115,0.04812442484166235,0.0005533852985548648
2025-03-20,0.017236525031701033,0.01637877328975934,0.010036355121587626,-0.06404527875660815,0.009909601820315306
2025-03-21,0.0022222730848524552,0.000292948175221186,-0.002084985859662658,0.0012578904555671233,0.001962538325046115
2025-03-24,0.011640746885545061,0.012155855973833951,0.003334002437177297,-0.016582910659526884,0.0051015537823726476
2025-03-25,0.00027392661734793045,-0.0015916742783979032,0.012759740081403015,-0.018906520059749576,0.0009516862555780659
2025-03-26,0.010545115144620532,0.00942031196925952,0.0012248950745534781,0.005468788368550692,0.010911425665852015
2025-03-27,0.003252444244366881,0.0038764772024604266,-0.0017477986362628428,0.02305101922860331,0.006091056505672876
2025-03-28,-0.005403235613597901,-0.008009118610681987,-0.010417077562271948,0.029113926113540023,-0.005208401325184409
2025-03-31,0.015075385736212699,0.030565206573334835,0.023486164889186867,0.013284108255288585,0.021658355036604515
2025-04-01,-0.0033449291831086914,-0.003917269103824728,-0.0108470155278092,-0.040786594936959464,0.008497271568601361
2025-04-02,0.006175313433542051,0.007162951658568284,0.014461151488144974,0.02632241300603222,0.012377884903625569
2025-04-03,-0.06417608745088232,-0.06637849947011298,-0.05732128823245175,0.020468603358603454,-0.07151442227784754
2025-04-04,-0.06501279723801556,-0.0740850708867078,-0.048883052141225236,-0.07274048270255351,-0.050732275418573725
2025-04-07,-0.020890556699150298,-0.02080982223905059,-0.005763891728023496,-0.047432871218421546,-0.016743725744725824
2025-04-08,-0.021647709227028633,-0.01845138250094691,-0.0062322401255962,-0.05198360019363113,-0.014207272728131048
2025-04-09,0.04234326130263466,0.04649205367467135,0.02751584637497695,0.10129872417501828,0.023601451870252088
2025-04-10,-0.03283447488783986,-0.03656774394698992,-0.03179406933788875,-0.06787213416618221,-0.03782374498942587
2025-04-11,0.02258013996258179,0.023805565381066485,0.009235690458503809,-0.008434065799641677,0.01927290782471336
2025-04-14,0.0018529202166341907,0.00048778502921753564,0.012782689885224796,-0.05727244274607912,0.011555268900406146
2025-04-15,-0.0032367307854901384,-0.003250397403054772,-0.006358550435153543,0.0012029920133003191,0.0010878687134523446
2025-04-16,0.018246487375693565,0.01858795623043985,0.01780224265354935,-0.02463202681288723,0.009385523337850588
2025-04-17,0.032042530892096854,0.03537696560409609,0.017443416727236816,-0.0006159819750559681,0.027111624439758897
2025-04-21,-0.025014669969743997,-0.024737143886393254,-0.02016438841748458,-0.07057006508790697,-0.015961481335066807
2025-04-22,0.01780863669080035,0.01949898053004695,0.01882499405338467,-0.0029841057180853836,0.016607799876617646
2025-04-23,-0.01957294850294633,-0.03172130583540156,-0.01009966619625069,0.004988395429467385,-0.007477663021082104
2025-04-24,0.006503331629066134,0.008350737978818135,0.00789878559982693,-0.030443416732234385,0.010461174462359724
2025-04-25,0.0048084099196110675,0.0036629963192029713,0.011009051053520569,0.0023890680283051857,0.006268720392991423
2025-04-28,-0.015103964329986397,-0.015391958325249866,0.0037834772502383096,0.07933266502530989,-0.006182522475020824
2025-04-29,-0.02444580314957534,-0.02626915532888008,-0.025327495411360035,0.06813874968185796,-0.016430820057821482
2025-04-30,-0.017587565262493943,-0.03657727824309254,-0.03947365757990973,-0.017720007156782347,-0.016512145051329252
2025-05-01,-0.01568437706784309,0.01769459904129933,-0.012127424879184057,0.04600123797020195,0.005989257469483311
2025-05-02,-0.013520040852195825,-0.01603647427452337,-0.009344005289763868,0.0434032822404411,-0.014298249859685308
2025-05-05,-0.017294850015616037,-0.019900494582135275,-0.009381900534163101,-0.022038611460747926,0.001435657734380369
2025-05-06,0.031877834936661076,0.03430770257006954,0.017371531987635747,-0.024507012494947022,0.020615051110070226
2025-05-07,-0.01657284905399803,-0.017261811730068133,-0.016029459553703385,0.0456251774972245,-0.017776705564674367
2025-05-08,0.028141381720572012,0.03168589912618658,0.032075234894945126,-0.008008849339015578,0.028405177532359493
2025-05-09,0.017027366203469896,0.018527801922528564,0.012941220469404158,0.056514495610628934,0.011029059535130559
2025-05-12,0.016429341880260795,0.015240909508342337,0.02163177806673744,-0.03926223052732791,0.011715009073000271
2025-05-13,0.025708100253722055,0.027764283855099103,0.028515928735306284,0.00027431869567906553,0.015423494473486343
2025-05-14,-0.008104471526143464,-0.008167059180473335,0.016027289501412856,-0.04250067678318892,0.0018468084600513635
2025-05-15,-0.023604140490765535,-0.02422806899485419,-0.01817691758850648,-0.03722798127335458,-0.016405614812275537
2025-05-16,0.013637143955670394,0.014118837417438801,-0.011726650333268696,-0.00832833968619806,0.0034670334690820592
2025-05-19,0.001987421589050742,0.003200463160030642,-0.006026289753090941,-0.06628679880518973,-0.0014007008513517993
2025-05-20,-0.0024413130893238266,-0.002073652197570497,0.0005639707936413441,0.10086737493248754,0.006218524883630394
2025-05-21,-0.0071886450145731695,-0.01582483466647533,0.004791217720987673,-0.017216228325267813,-0.0010687346965544409
2025-05-22,-0.007240813344422614,-0.006009402853966006,-0.010097708034162989,-0.03414489563382528,-0.008651961341545333
2025-05-23,0.005276168916966917,0.005392124383064578,-0.005997676727836576,0.024900119619723382,-0.010322857362443094
2025-05-27,-0.01065147351664919,-0.010401420483430623,-0.012067618536161118,0.01919612752175559,-0.01787404599222353
2025-05-28,0.012638558812171352,0.015601917760914796,0.004183848076209529,-0.057092408950309204,0.008544511878401106
2025-05-29,-0.011556240098098303,-0.014553711572739103,-0.019108311526917943,0.09925096085515173,-0.014263803330921587
2025-05-30,-0.0038971160413635575,-0.0024613999764007133,-0.015135192141615184,-0.02129473199877152,-0.010197215710109675
2025-06-02,0.011424033022024549,0.028458620104979238,0.013533670182903412,0.07165650626798081,0.0069172268540453885
2025-06-03,0.01547269135845597,0.014235434790978552,0.02709703676450448,0.007579826173880644,0.012813619166135437
2025-06-04,-0.01173238877480387,-0.008831436281952154,-0.014191122481569618,-0.0016119838072655712,-0.021550915866614506
2025-06-05,0.0074004890999408435,0.00827367494651221,0.011786867779332688,-0.010495165094596914,0.014208528821337829
2025-06-06,0.01729422935637981,0.019094254687782586,0.01470511566914845,0.029099775029346908,0.006738107098237078
2025-06-09,0.0085752923778597,0.010994101336975204,0.009928031308411356,-0.039376303536596935,0.008859761597505456
2025-06-10,-0.0025357721751751994,-0.004748009714302559,-0.0022363405280264592,-0.028060522244912622,-0.0034364272899596315
2025-06-11,0.04336763537268751,0.048784210606031886,0.029744211007132648,-0.0073591913230482975,0.037739444811295986
2025-06-12,-0.00587639461719236,-0.0016140954935971452,-0.0075273800801517465,-0.00427712193217078,-0.01103010513172109
2025-06-13,0.07021341845050699,0.07260438528710988,0.0776717135038032,0.025486822458046232,0.03952592653249787
2025-06-16,-0.013471641583949756,-0.016579976133314744,0.014669105402196791,0.046634965851416244,-0.003456726751513872
2025-06-17,0.04397096058583916,0.042775530701112396,0.04671372278055452,0.027481367822943747,0.023424500332136278
2025-06-18,0.0032701113143176475,0.00400859254994268,0.011296972890177281,0.035834850406428975,0.016153884982525568
2025-06-20,0.004041788791692813,-0.0027947709100140106,0.003315687686161528,-0.035597943204978,0.009053110770765649
2025-06-23,-0.07180883814954742,-0.08567994318427696,-0.07030449629784297,-0.038731461901335806,-0.04777849045778104
2025-06-24,-0.060716336925915604,-0.060429123639729965,-0.033007518493556987,-0.04353705120184115,-0.059733087699065046
2025-06-25,0.008042909151569022,0.008544281480436622,0.004945117088136053,-0.03703704951981612,-0.0015821793631959347
2025-06-26,0.0007388157732319822,0.004929138999533844,0.02773905189061243,-0.04257192754846961,0.007971519834801377
2025-06-27,0.0005904810888912593,0.004291826923133124,-0.022414336350109698,0.1465808574222498,-0.004383085388609764
2025-06-30,-0.0023608682402260772,-0.00625757102748925,0.016730222221579272,-0.07568868311391364,-0.004785142613062288
2025-07-01,-0.007395355649848168,0.005221875820971444,-0.008056917991039358,-0.011863462595154473,0.009856805550826797
2025-07-02,0.029801817639851125,0.030557679041323782,0.03644333867569638,0.021376267947019745,0.010760336494501255
2025-07-03,-0.004485567296425685,-0.006671563656073909,-0.017373603404629567,-0.022649082020094413,-0.0020255864497296105
2025-07-04,-0.00741282141872579,-0.007462686567164201,0.01654140754484401,-0.006453457461130907,-0.0007079634465340101
2025-07-07,0.018890040975735767,0.021503763987605673,0.005022823458013637,0.007381120853086509,0.016579275050308206
2025-07-08,0.008192004596496272,0.005888436980449052,0.008343321192311626,-0.021102001157853434,0.015240200461261733
2025-07-09,0.0005702197385211161,0.0007316759991737865,-0.01314871721951949,-0.037724530167267734,0.0013272877218029056
2025-07-10,-0.022082960504976934,-0.02646969335032079,-0.010667381038359847,0.03827003953045338,-0.016225626634707502
2025-07-11,0.02505829306523144,0.028240908247505025,0.026809310357658767,-0.006892419132016325,0.016075087894973583
2025-07-14,-0.01634453547332282,-0.021475436915214363,-0.023535188024712772,0.04586608141642223,-0.009876546709164158
2025-07-15,-0.007224389634649997,-0.006867821600662349,0.006444025608497217,0.016445447340243335,0.0019395869745548744
2025-07-16,-0.002765280802473291,-0.0021046211171603657,-0.0056959954957008785,0.007947804806445413,-0.011799389931518411
2025-07-17,0.014594279757618622,0.01747519900732808,0.030566627699543325,-0.002534514965582768,0.012313362960696184
2025-07-18,-0.00345221339698476,-0.0029612759094698182,-0.004706653064122657,0.006493506930596471,-0.007832639465372937
2025-07-21,-0.0010103882225404037,-0.002078993128332929,0.022910732120939636,-0.0673211797151737,-0.009984151928905338
2025-07-22,-0.008958282831723507,-0.014732111737029263,-0.022875811404183932,-0.02195487313586253,-0.014071940698538787
2025-07-23,-0.0011662663060381107,-0.01449930671722044,-0.0011421103223143714,-0.053813095235389574,0.009229687631862493
2025-07-24,0.009779567188058724,0.011954004280411823,-0.014740674756738126,0.005524926519887563,-0.008061139816824658
2025-07-25,-0.01069670223337893,-0.013175755463746608,-0.0027767578392867698,0.005171232541561155,-0.0034217294265105336
2025-07-28,0.023378118308673423,0.023787528165297056,0.008478118143929736,-0.03922829039690556,0.01821656753402756
2025-07-29,0.03526557950337694,0.03747564134777348,0.015330080926336587,0.031124556954753135,0.03896589403951323
2025-07-30,0.010067517666977333,0.011414548850999573,-0.01838623578299281,-0.011684522007133102,0.022854286526169165
2025-07-31,-0.009694143981179404,-0.010571398053850434,-0.007856131414233802,0.020032797626243548,-0.02357760266966613
2025-08-01,-0.03943196826811379,-0.02786601567495739,-0.04150858207561192,-0.007405023278435174,-0.04378052061251059
2025-08-04,-0.013061519400476507,-0.01544632240077648,0.007695967855632313,-0.04897827622358886,-0.0077408955068010155
2025-08-05,-0.016288579287170868,-0.017046269992633034,-0.029081799401875497,0.02660302549281779,-0.005089899748969784
2025-08-06,-0.011088113642336639,-0.012431018147092243,0.005599477771986772,0.022259107134299683,-0.0005259685875691478
2025-08-07,-0.00687694855239962,-0.007303767166286335,0.0017676986653807347,-0.00324991575540845,-0.006171008305073555
2025-08-08,0.0024084906214034696,0.0,0.005514402720841138,-0.02510593574436426,0.00413958899278577
2025-08-11,0.0006007045761704521,0.0012523170792080318,0.005133117651667352,-0.012040138206226292,-0.004553964930149923
2025-08-12,-0.0076541276881079146,-0.012351484159403792,-0.020471321604928594,-0.04942447821117302,-0.0010594850085396956
2025-08-13,-0.007410851070924873,-0.008231702677522601,-0.0005793398054786403,0.007122500107407337,-0.0019282436374971068
2025-08-14,0.018436677359599418,0.0209097769622979,-0.0037007606581704877,0.004596892195349422,0.018740340587112714
2025-08-15,-0.014811458976821013,-0.018136333083433653,-0.0042515224859296374,0.026399087346125283,-0.017399966947851064
2025-08-18,0.011389521904009658,0.009872594576703086,0.006876420733694877,-0.008916250156370209,0.012641764147942602
2025-08-19,-0.012162125783058308,-0.016871644997116464,0.004820838058940957,-0.04290659791632068,-0.0046219372352624966
2025-08-20,0.015959802519404764,0.013793113574950722,0.012660406418353753,-0.005061438467363288,0.01881281242506616
2025-08-21,0.012417742018698608,0.004904309093197945,0.01995966044490638,0.02688949099974236,0.014753543203972486
2025-08-22,0.0008867325197567943,0.002204020602007528,-0.007311496429104669,-0.04529370916628328,-0.0005556145551804947
2025-08-25,0.015798016267404735,0.017907684685488423,0.017070361319686755,-0.0007412361287749691,-0.004725514875342451
2025-08-26,-0.022965141874573214,-0.023919799054944124,-0.02854106420909175,0.0077892832621320185,-0.012102603782224608
2025-08-27,0.012347542635852582,0.014229273136425302,0.006489836499528057,0.0552079848900362,0.012533630299640386
2025-08-28,0.00837618911479976,0.007014761302237105,0.006317214604558474,0.026857307275550246,0.023360782146954362
2025-08-29,-0.007286505100364549,-0.009133070461711856,-0.01865957308229571,0.01800270828604167,-0.0052294666323492445
2025-09-02,0.014973526158843065,0.024683551772073153,0.04751394964820976,0.004004032034483851,-0.06619123904319124
2025-09-03,-0.022273661109663112,-0.024698813960013055,-0.005685636695818008,0.018278440408152852,-0.015077279460474657
2025-09-04,-0.009023677871606517,-0.007659866642432012,-0.012791734310665381,0.0032637045750925076,-0.001242573119372814
2025-09-05,-0.022242094510878774,-0.025362328638335097,-0.01874972380392781,-0.008457965344764617,-0.02254292424209703
2025-09-08,0.007938880046815422,0.00630352992373262,0.010887608311311414,0.013779467045320404,-0.002851021041331503
2025-09-09,0.005604404201691171,0.005942864705379636,0.003460416006870748,0.008737925429610716,0.01730823166114903
2025-09-10,0.01656873752423338,0.016605414068235458,0.005948491557254965,-0.028232292659599367,0.007779146731891506
2025-09-11,-0.016594979295276313,-0.02041776777833515,-0.022196517926039272,-0.03136349529030824,-0.01429276710659333
2025-09-12,0.009341496030289553,0.0051306669922135395,0.00354968800484623,0.0023858109904626446,0.0030818669621210937
2025-09-15,0.006717489057871617,0.00973042947382785,0.017947609546571597,0.03468208045625909,0.014103010421896656
2025-09-16,0.015272816459218852,0.019273260990682273,0.02676852256983553,0.019717365467634584,0.01400611404966745
2025-09-17,-0.0075946292272549565,-0.00728446397647331,-0.016168833219262324,-0.0009668131011127956,-0.00631851278936546
2025-09-18,-0.007505438259613251,-0.007494197253132273,-0.006285065315533522,-0.05193548977561124,-0.008527691610691557
2025-09-19,-0.011269307661884831,-0.014000305079770237,-0.017564113967752926,-0.017352800858663864,-0.020234642098908462
2025-09-22,-0.001649679211879418,-0.0006381766964356217,-0.0028708962657710835,-0.02839335763199502,0.003805720376277133
2025-09-23,0.015923051877017924,0.012292472306296265,0.015573913972318998,0.016749797373945885,0.010565166058989828
2025-09-24,0.024841052393963725,0.024917174265249642,0.021133942488688495,0.0017525813428975745,0.009854459832414175
2025-09-25,0.0015870814345155804,-0.00015378530796217316,0.020738766660191033,0.01609517255773829,-0.008222771855695532
2025-09-26,0.010227587196772303,0.011388085957840577,0.0009890465015942596,-0.023760332189980526,0.017680628400057907
2025-09-29,-0.030799887598877196,-0.03454048106512475,-0.029766543362507836,0.15238092274632642,-0.02085788095312202
2025-09-30,-0.013976821547376339,-0.017021305249305896,-0.010226625120633215,0.01101928796841456,-0.011127255840544081
2025-10-01,-0.024917908871875283,-0.009459678734839105,-0.013119001587821755,0.05237665718237605,-0.04409752696166769
2025-10-02,-0.01897471909292514,-0.021042396612934056,-0.025370310603935797,-0.009781403227745789,-0.01850578973198358
2025-10-03,0.006551211432643367,0.006613781893294535,-0.0032092724264103367,-0.03428240369710889,0.005132375447058912
2025-10-06,0.014566906232575727,0.013304821688282953,0.0035772915231389035,0.00992786761829434,0.02209084958965546
2025-10-07,-0.0003055486801275542,0.0006484181620654006,0.009357103733067973,0.04200172453969131,-0.004049204047925192
2025-10-08,0.012223118243847253,0.013283649779766593,0.011477518421842303,-0.04716980167567775,0.008236953242503287
2025-10-09,-0.015547151385613245,-0.01662671348061584,-0.004800836259934438,-0.01920188789176236,-0.014087485197165406
2025-10-10,-0.038178497881971585,-0.0424320739209092,-0.03328502506882125,-0.049862375083690846,-0.033039388014216686
2025-10-13,0.009405390672618141,0.010016980259816455,0.02054981200364625,0.0038635171054970385,0.012854289759775428
2025-10-14,-0.01468730748038527,-0.013279557795226826,-0.02315872337277758,-0.028864629021306265,-0.008243790051215782
2025-10-15,-0.007693533369643957,-0.007325388408636391,-0.010374940791342269,-0.003963039452525408,0.003171830153299915
2025-10-16,-0.013729582881861768,-0.013900830048527935,-0.009793930389840888,-0.02586209145423557,-0.012374656901261716
2025-10-17,0.003766779185447877,0.0013923047742669947,0.012305542448469486,0.023825709362230274,0.014351174632957875
2025-10-20,-0.004568487352122119,-0.00034759223923253035,0.005550449971307714,0.129321871909297,-0.004081216963565448
2025-10-21,0.005081156889355398,0.005215563885136554,0.006249718576679886,0.02266703003800319,-0.002677291417934047
2025-10-22,0.02071103170391675,0.011760641798077565,0.019856685123623485,-0.0069084425982217645,0.021749866736121115
2025-10-23,0.05432173994077005,0.05623933188935637,0.06818998366383311,-0.030724621776572203,0.03319035888963162
2025-10-24,-0.0007576212150588457,-0.004693330817777452,4.157194332354841e-05,-0.011961782016266742,-0.0021796572867535113
2025-10-27,-0.004852891764882239,-0.0030894085643736746,0.01373225924098942,0.04176755919693931,-0.0011962469318039792
2025-10-28,-0.018591910540062706,-0.018920238483593477,-0.0200730219899814,-0.028181256863539117,0.002499459479860411
2025-10-29,0.008074481843877823,0.005486251171838097,0.015541151322383095,0.009267533227317326,0.02519221971760799
2025-10-30,0.0012323141298693496,0.001488097772306407,0.014725934676474761,0.1718009995783889,0.015047899942717713
2025-10-31,0.0010769183819110406,0.0067690250863108314,-0.011707321233558332,0.04246713322216378,-0.005141279722437608
2025-11-03,-0.002766256431842251,0.0011479123540454328,-0.010653226888343359,0.03443252158861698,-0.03863329492470846
2025-11-04,-0.0069347657955745046,-0.008026173135020742,0.01633900341961625,0.01804972922220549,0.0034966440230612683
2025-11-05,-0.014276876920964021,-0.01585209506935903,-0.0049497746892834815,-0.02555838422579182,-0.007020998331330297
2025-11-06,-0.002204020602007528,-0.0028523183439195243,0.02614596765309063,0.029536862882383774,0.029487270179651803
2025-11-07,0.003944461908912178,0.005384480787161472,-0.0056087253121047675,-0.009639618569661446,-0.012871400978418657
2025-11-10,0.006757763370429659,0.006359850512388965,0.011401654569796582,0.0053301884551040235,0.015873826277234437
2025-11-11,0.017171497743337927,0.015133873794235697,0.026011785498121887,0.052328318555374675,0.020749891818974353
2025-11-12,-0.037599822589657106,-0.04177587154019646,-0.03653375658793645,-0.007009871730283779,-0.028131258191194664
2025-11-13,0.004783913912300264,0.0034193356557179477,-0.006810147584902282,0.024928285079825363,0.00219903769315577
2025-11-14,0.02190130304516491,0.023854175475168438,0.02694041934468805,-0.01721909713355796,0.02648366050444806
2025-11-17,-0.0029508066968050306,-0.0029955118109286083,0.006281812810097875,-0.044897048705897835,-0.01068800518462032
2025-11-18,0.010747702090430522,0.01385414510380012,0.06050262419577024,0.0022929951627435052,0.004622871614633928
2025-11-19,-0.02126677579126901,-0.021402749684458433,-0.024212402690914292,0.04095181544492088,-0.033611736781500645
2025-11-20,-0.00204687855225294,-0.005047093606858621,-0.0388511837301142,-0.01670334295321696,-0.007090734425699519
2025-11-21,-0.01293783024621531,-0.018261718422446616,-0.030355665606003668,0.023692433423449843,-0.01824441458136372
2025-11-24,0.0129475310232261,0.013434356886799836,-0.02047707400099852,-0.006768589049236717,0.007008625299257387
2025-11-25,-0.014044491157481076,-0.015125754373562672,-0.021736409789420597,-0.027478568008365678,-0.020774006818675805
2025-11-26,0.010403353563399165,0.012079391781252946,-0.01202313120020726,0.030289400504429853,0.017122566879189893
2025-11-28,0.0011088182106744338,-0.001705068818697919,0.003225084156478042,0.06406314420222836,0.0036527012578062568
2025-12-01,-0.0004747245827840807,0.013151160850507493,0.0030004156229679335,0.014639195995511667,-0.014241294087598999
2025-12-02,-0.011397774685385609,-0.011463255372118786,-0.01166661623196541,-0.016460038846579317,-0.020653844061181093
2025-12-03,0.003522776674430572,0.005286517334884833,-0.005145478423206562,0.032024737207562826,-0.001693666836246166
2025-12-04,0.009414395561291977,0.012213696296650589,0.0012603812023619376,0.01361367731287988,-5.473762637686619e-05
2025-12-05,0.007745837677330503,0.0068711861017412,0.0256978118727631,0.044637531725963076,0.0038311911415971345
2025-12-08,-0.01976467955346206,-0.019973380931542994,-0.027381660728820867,-0.07127998725549245,-0.019628162692438722
2025-12-09,-0.008801456824849674,-0.010699746207314398,-0.01657819423282625,-0.0688111329823261,-0.004671577445000352
2025-12-10,0.0043590646391657994,0.0036051344973846433,0.005707762797922955,0.0045911475710962435,-0.004581801004083674
2025-12-11,-0.014949370179429988,-0.014710924115973634,-0.019401692090114886,-0.07921650929656088,-0.012180760497058962
2025-12-12,-0.002610963619440576,-0.0027777752022684066,-0.013863341621130898,-0.02788939541645774,-0.004375478246167019
2025-12-15,-0.009162263880564514,-0.010793853529036723,-0.007916299674154081,-0.024556244642393033,-0.01130069507568543
2025-12-16,-0.027080633539565913,-0.027279113787143094,-0.0238466694926438,-0.03140582335584485,-0.029671571981200073
2025-12-17,0.012898882550051338,0.012122275436876606,0.009818665893070122,0.03551215974658661,0.007971966207226178
2025-12-18,0.002345834264955604,0.003754074085186909,-0.008327513827058208,-0.028827080178316256,0.004131481587150265
2025-12-19,0.010865956689985579,0.009082783751985346,-0.004550488793901297,0.019447281308300646,0.004055694343826577
2025-12-22,0.026459375588259393,0.023826305643429135,0.017060090828048047,-0.004769089749096178,0.0199040156545065
2025-12-23,0.0049943833545220695,0.006378258184584151,0.015059557143073388,0.11172763878712577,0.0005739453053661414
2025-12-24,-0.0022442992505813386,-0.0005139190381160397,-0.015064363005741543,-0.03765877714634591,0.0022372941952282233
2025-12-26,-0.025706976954853022,-0.027592062343726576,-0.02345189803340031,0.0292315109543837,-0.02861882687987649
2025-12-29,0.021437982357276564,0.023616498289537935,0.009729446412909404,0.07352258576351711,0.010665195685931828
2025-12-30,-0.00032290051997263536,-0.002238310330867188,0.010810811416568367,-0.15254959355912712,0.0033815350698560565
2025-12-31,-0.017280357339559127,-0.009145860000283057,-0.013903777346211177,-0.0720039736431014,-0.009064477888927391
2026-01-02,-0.0016433603390084706,-0.0017415269472296213,-0.002593642478487368,-0.018448202983078144,-0.004221885019445093
2026-01-05,0.016625486774209053,0.017445917748152073,0.013096395912605141,-0.02625760857073267,0.012837146013620737
2026-01-06,-0.017163173371139373,-0.020404640482441505,-0.027907478730310964,-0.04910590325890385,-0.011279069912504491
2026-01-07,-0.012191131287738077,-0.01995447870356648,-0.01262599815606169,0.05223886439305958,-0.003587003678131584
2026-01-08,0.033855947714979795,0.03161272709422214,0.030534317518554843,-0.03347518505677605,0.03883155618039491
2026-01-09,0.02177768087704446,0.023545717622442286,0.007313078196009792,-0.0698562224728716,0.011532074666201542
2026-01-12,0.008367520966531261,0.006427623054476861,0.009086707198197486,0.07573367507917883,0.007413256761592546
2026-01-13,0.02505092086387406,0.02773111808199835,0.03898991269458252,0.0029334088290549065,0.018229491506387863
2026-01-14,0.016037809726376695,0.01422729207155582,0.019433500239121493,-0.08745248102814962,0.002135193968486604
2026-01-15,-0.04149125767914308,-0.045630470979792226,-0.03225374365974154,0.002564146062562944,-0.025458907572942113
2026-01-16,0.0058029946929878395,0.004223686531514614,0.013268112545050892,-0.007992357800430061,0.0007848379256889526
2026-01-20,0.012318742388301551,0.015141344997853023,0.04509292581118629,0.2591041438963344,0.021622209254238856
2026-01-21,0.004929138999533844,0.004640350987550779,0.03934146107716052,0.24776040928664456,0.018423058075867305
2026-01-22,-0.018087068421427488,-0.020785192077436232,-0.026208582558648663,0.034871810521834856,-0.021643155124831503
2026-01-23,0.028410861133104426,0.028807261908526005,0.02606889700384163,0.045589695856346646,0.018600047835910516
2026-01-26,-0.0044019570069471214,-0.007204824445844471,0.057442925575211135,0.28909953891881535,-0.0166936803553841
2026-01-27,0.030187581452718604,0.02902850553401648,0.030451659288348365,0.022647029578067857,0.02477891002190513
2026-01-28,0.012283584946031434,0.013143127149321199,0.0075202494069943615,0.072763882979471,0.014529254976469952
2026-01-29,0.03377189337809838,0.034962808360734954,-0.03026890210127775,-0.47479893260066597,0.014638242992540684
2026-01-30,-0.00028279795397134766,-0.0032100136097579224,0.05809541427416609,0.11128129418814248,0.0014583270081007793
2026-02-02,-0.06210212530813297,-0.04707866489688739,-0.13737384671243646,-0.2565457233599825,-0.03713331037349621
2026-02-03,0.015535425820309534,0.017219177749178805,0.020976348186890315,0.02286071066561135,0.02511611058094143
2026-02-04,0.03163518781363739,0.03053314876016011,0.025194013816659533,0.04651156762118824,0.03546022580986974
2026-02-05,-0.027497783730057845,-0.028400345278711825,-0.031093160755607308,0.012698455948949583,-0.01964175096200904
2026-02-06,0.007401924165967744,0.004108047365652956,0.008398845644387753,-0.024793425490594267,0.013806707945033692
2026-02-09,0.014548094333170836,0.01274589115681124,0.0014916844445735933,-0.08299238035943657,0.016536962783838538
2026-02-10,-0.003476214666670918,-0.006215064047320307,-0.0074889419804042845,-0.007329509822647906,-0.013246010451391621
2026-02-11,0.008720907667252753,0.010475268582484487,0.017342000473895114,0.014125171820194682,0.010055089269758621
2026-02-12,-0.02708940693771389,-0.02769607267367502,-0.019545947602033986,0.01836026882204922,-0.03183585081061591
2026-02-13,0.0034064479912443435,0.0007956594038691644,-0.0020060362439691115,0.00808207113040793,-0.002557533617716712
2026-02-17,-0.004870875735124569,-0.008904397583535784,0.0011306385781590933,-0.06537160950110155,0.001779156527223158
2026-02-18,0.04345891997554796,0.04588481511846543,0.05358484070305658,-0.006598476276328036,0.027998366787883144
2026-02-19,0.018621253964492768,0.01902128880703846,0.03811497953511456,-0.004981689436789782,0.01961374374037672
2026-02-20,0.0013954572845489288,-0.0006021513675084078,-0.01105294894694897,0.017022656528837166,-0.004634643055313026
2026-02-23,-0.0037626012322067304,-0.0012050283444823284,0.03573365164276754,-0.0203478955158527,-0.004055491257995536
2026-02-24,-0.010071356024868638,-0.010254868499654402,0.0032484108469681416,-0.023450564724576184,-0.008948307623012242
2026-02-25,0.00113044842234733,-0.0031997423931283686,-0.004801025761612454,0.018524919362991277,0.010145064775378687
2026-02-26,-0.0014114110977380134,-0.0032100136097579224,-0.022999278948754198,-0.04782761654745338,0.02053831069530121
2026-02-27,0.024452344267612558,0.027756442018180172,0.022354126384573236,0.011319443208684055,0.022437601506507976
2026-03-02,0.0725716647794934,0.06281717285497268,0.08592602034872909,0.035327062510450036,0.14086340137578057
2026-03-03,0.04708005869157739,0.046749881296137996,0.09877947341255466,0.031756709952525775,0.03661524464858101
2026-03-04,0.0,0.0013412836211137424,0.033543637543898885,-0.0448591519168261,0.023398666722679984
2026-03-05,0.049262924583061585,0.0850522121973023,0.09730399106085996,0.029482332546097112,0.06203035478380081
2026-03-06,0.08523590290544059,0.12208368261757263,0.0022411069303003295,0.06093908973009787,0.028342432587102673
2026-03-09,0.06764479963230086,0.04257420299476822,-0.00988294493013997,-0.020715700222097455,0.022500547956501915
2026-03-10,-0.11277279846363608,-0.11944708342091537,-0.06691574337025052,-0.03205125266043052,-0.059856104993826875
2026-03-11,0.04760820227661822,0.045536287486201754,0.0992649389904634,0.06258282479913224,0.05605423623025052
2026-03-12,0.09219390539302297,0.09719201555224743,0.0598292703191432,0.007478943160091456,0.06322850714212547
2026-03-13,0.02667728777224343,0.031129171869220817,0.02970065990867088,-0.03154964331238841,0.025905642347693547
2026-03-16,-0.028407992267933335,-0.0527808644797384,-0.04413775459543845,-0.034493784288375795,-0.013513521988223198
2026-03-17,0.03203272242091093,0.02898394742751509,0.04646251451169214,0.0033079690562181074,0.04102924547268505
2026-03-18,0.03829045788613983,0.0011433386487715858,0.045321022025963,0.010550631365100038,-0.00797206882888113
2026-03-19,0.011827195985707695,-0.0018687739383937974,0.03435128941292742,0.032952636302693517,0.00923026540908456
2026-03-20,0.032581692276222984,0.02267526855643509,0.06135418238461199,-0.02242573065206055,0.050877828070858166
2026-03-23,-0.10918976498282762,-0.10364119683721551,-0.11986799130634074,-0.06591276067835983,-0.09472948538821047
2026-03-24,0.04552726947381158,0.04788382335436259,0.057914197296535574,0.017986871391609816,0.05818682787242935
2026-03-25,-0.021724535261508526,-0.02198157891540986,-0.06632646824475175,0.0030580442693790566,-0.04307499680581206
2026-03-26,0.05664254398731772,0.046058499514673557,0.06666995960399058,0.015921467243491083,0.039105032789678695
2026-03-27,0.042218289680638454,0.05461468934564939,0.0519727305461557,0.032010654821898354,0.038304259041618494
2026-03-30,0.0018654977795324879,0.03251704018081458,-0.029184809477810547,-0.06720515113542325,0.031199083151022045
2026-03-31,0.049388187223909696,-0.014580093701841212,-0.04603249349911498,-0.0010391482139335828,-0.011696275434456727
2026-04-01,-0.14524710632565452,-0.012428433033849329,-0.025604140880555626,-0.02253816081894966,-0.06669083747234983
2026-04-02,0.07779749735354446,0.11406310283321663,0.07500993802574274,-0.006739997647107199,0.06359584802754781
2026-04-06,0.006787103293172336,0.007799916975443688,-0.00749812210730727,0.003928627353542602,0.006143483892824264
2026-04-07,-0.004554978730898829,0.0048037831913605444,0.03442373310251612,0.02098889169630791,-0.0009067718604663932
2026-04-08,-0.13288182565335294,-0.1641433712886997,-0.14941705819130313,-0.050871050267942586,-0.09055433399980695
2026-04-09,0.012348265635306666,0.03664864898063014,0.03376749380086008,-0.019823752302349784,-0.001729900985575572
2026-04-10,-0.007506268082230094,-0.013282957139829188,-0.0445516934410668,-0.008239727999234225,0.012197191639371496
2026-04-13,0.04369751885991202,0.025991530953323627,0.019273710688284096,-0.00793047901515842,0.02591111327413631
2026-04-14,-0.045994360575196125,-0.07872429256771629,-0.05471949206352367,-0.010658589780020544,-0.024550686941632094
2026-04-15,0.0014769425920060364,0.00010957642817954749,0.035565502582127984,0.004232365556321671,0.009771357406118897
2026-04-16,0.046981976931790737,0.03724396419959519,0.02123521048259125,0.014176314474301233,0.030789803092605483
2026-04-17,-0.09065300524761721,-0.11447886458755663,-0.11362157624355984,0.01020020765023677,-0.05022600666791266
2026-04-20,0.05642848261231559,0.06869412332795921,0.04223820973986303,0.005609523689792395,0.03727369060413577
2026-04-21,0.03142019160582854,0.02812182374625838,0.05306562365523848,0.002975134155896786,0.029838274213028537
2026-04-22,0.03482940889780428,0.009009029152271086,0.056077023368895196,0.009269505636384956,0.04613991496765513
2026-04-23,0.031007711894428525,0.03108863401582318,0.012773275614149204,-0.03967663712419178,0.03103133735722241
2026-04-24,0.002474561121020624,-0.0151277722621318,-0.02527456964704644,-0.034812577373165454,0.00014441054741021198
2026-04-27,0.027532530859824655,0.020868656661653384,0.02245718582046652,0.010701526115150184,0.00820191311871632
2026-04-28,0.027995922436629517,0.03694093034276702,-0.0008805657695053482,0.0035294365140399186,0.019879711643957965
2026-04-29,0.0608484317192175,0.06954865332750537,0.05728746033061127,0.03438845588240769,0.05075274217525805
2026-04-30,-0.03405910941830437,-0.01693485783221116,-0.014361558114011186,0.04533429625493701,0.00812596219653039
2026-05-01,-0.051223610717127555,-0.029789637979528383,-0.04639477746716325,0.004698233332951274,-0.0467453383685178
2026-05-04,0.05796435590826321,0.043947377086969386,0.032130625641560995,0.031295011691515606,0.03977522391199306
2026-05-05,-0.0399335861353558,-0.03899644425186555,-0.010556864103992925,-0.02755493315215629,-0.03145898179282325
2026-05-06,-0.07827437779674729,-0.07030404857746886,-0.06069179130666069,-0.02080347400142979,-0.0445506116629133
2026-05-07,-0.011948248489998314,-0.002839758805860182,0.008188962849565495,0.014285726761830375,-0.0009539362050252631
2026-05-08,0.012292658274484891,0.006433927075829571,0.02161609262279862,-0.00433372469913107,0.020457155195934718
2026-05-11,0.028828098949080783,0.02777197208898463,0.017824618070759524,0.05549514618855422,0.020727617777438923
2026-05-12,0.03416176556827355,0.04190884697808839,0.04792624319523897,-0.023024106083974982,0.027195930551699332
2026-05-13,-0.01985709804497915,-0.01135255097518939,-0.0461912191703483,0.007386615316519851,-0.021364630900290726
2026-05-14,0.0008520682535779756,0.001484869638324282,-0.015403233145080408,0.010474850045623318,-0.003592453462686107
2026-05-15,0.03348468477726518,0.0420085013039424,0.037843088394712066,0.02280579942061145,0.02667997584141446
2026-05-18,0.025993010089360835,0.030734258674256942,0.015073766592365923,0.021621584613624956,0.01588373051300529
2026-05-19,-0.007314894790239612,-0.008190750865521235,0.011666024625634375,0.029761955915426075,-0.017151087211420557
2026-05-20,-0.056254512984368565,-0.08824343326587436,-0.05174774425948192,-0.035324383627886924,-0.05649040771887426
2026-05-21,-0.02323362111983851,-0.019438261964021653,-0.02926198361289778,0.004660432491627287,-0.030911282092231374
2026-05-22,0.009358540332780718,0.0025947068392238037,0.014667509183527105,-0.036779266651915,0.021984864977738994
2026-05-26,-0.03824607928778567,-0.02805382119336841,-0.044549589231118736,-0.004471968061260823,-0.06757581277787972
2026-05-27,-0.05312312530885721,-0.05549045817809506,-0.03152425501095557,0.050449172685898214,-0.02695236721776728
2026-05-28,-0.006151254909566695,0.002480843707104441,0.005892964872643347,0.08059214705658135,0.016434273784606823
2026-05-29,-0.017714182573179582,-0.01732284464673539,-0.02249424295595548,0.0015220322349167592,-0.018366209952216717
2026-06-01,0.03183052914760154,0.054945089494299326,0.028863792244430586,-0.03373862076662082,-0.013432634377814168
2026-06-02,0.01073906724590512,0.017361093864397548,0.016293879690135737,-0.0037747234599389,0.01932112501226979
2026-06-03,0.018854141235351562,0.024104036426452202,0.04039256976130168,0.01484052116026957,-0.004039080538210449
2026-06-04,-0.028422439921149123,-0.031035157589273332,-0.0452950697148673,0.03795892331237449,-0.029793035064951456
2026-06-05,-0.020414631867057276,-0.02687016310618695,-0.023517892166374565,-0.032074303122354375,0.0025014215029810494
2026-06-08,0.012461099019693611,0.00839410347410463,0.00348443101539031,-0.02539486368571342,0.008109237175638162
2026-06-09,-0.029708255191064348,-0.033954063525695966,-0.016139333038613257,-0.0022243308919484006,-0.016120623991092486
2026-06-10,0.018042663542271686,0.020748320797886022,0.019989854184872646,0.014331158080244544,0.02939325151766825
2026-06-11,-0.02921591047565053,-0.025769185008116646,-0.027542539130747,-0.030769246892211943,-0.002733238749922706
2026-06-12,-0.03374635444844443,-0.03226544134756104,-0.03094127733481533,0.010689988180246024,-0.01663764141641577
2026-06-15,-0.04763544686689869,-0.04865689664300343,-0.04050643566967049,0.0086539069929088,-0.03364150500305352
2026-06-16,-0.050619203765290166,-0.05820429657265869,-0.029481061324338698,0.029234193026616673,-0.022631643707256788
2026-06-17,0.007472188122165102,0.009730412019390844,0.0076966736991948,-0.029021333346484712,0.010102392106801528
2026-06-18,0.003771155384721947,-0.00247431226905781,-0.02106682496557233,0.02798094106884008,0.029316733622878344
2026-06-22,-0.024420751227367532,-0.023237582438049742,-0.01093593605231502,0.006186198787111019,-0.002637817506335405
2026-06-23,-0.01052631166575535,-0.02151831885750377,0.019882911205557408,-0.032585289243950766,-0.009373912968518083
2026-06-24,-0.04333165396915584,-0.03920233277520613,0.0068471465990131986,0.023514420081101717,-0.026089953175205127
2026-06-25,0.020613023006442965,0.02246235304683375,0.03841067387442143,0.037876429891576135,0.05048925945705118
2026-06-26,-0.043449431034320196,-0.03740259844963745,-0.027287586294090227,-0.03350283898551076,-0.023188970102263284
2026-06-29,0.016113400424104807,0.02195574995467875,0.03849514044342195,-0.015475070610567077,0.03527105107677375
2026-06-30,-0.0031442700223625053,-0.017667844522968212,-0.0044721819832787,0.02955048766380597,-0.015352431014446388
2026-07-01,-0.018513418925125813,-0.01323738372583183,-0.029817919749091204,-0.016793913024613638,-0.022956488451204682
2026-07-02,0.003213683916645671,0.001603975027917759,-0.011094217458576083,-0.007453394166104688,-0.009473034382400991
2026-07-06,0.0026461671857418434,-0.0020381334207676405,0.03651560929201625,0.015331597264184094,0.029479301437564498
2026-07-07,0.030143156865294785,0.027571105842568944,0.0010005427015318258,0.006163396009379873,-0.016448524472933657
2026-07-08,0.05204952522041495,0.04372507232977707,0.10776263772956374,-0.016232836144810414,0.05061101871697571
2026-07-09,-0.02204554813270998,-0.01958643740155175,-0.023486006182130148,-0.0622664433113046,-0.02084806611986245
2026-07-10,-0.0038007982166216037,-0.009295201885755944,-0.005123769924066046,-0.023904390669569953,-0.017803677485039082
2026-07-13,0.0959084424502672,0.09424443890779477,0.07607017623906143,-0.014625844216654693,0.06087917548041588
2026-07-14,0.01716686978135229,0.015357012511074464,0.04987441496691991,0.002416282120359936,0.019265347306279823
2026-07-15,0.002596407206333362,0.003277062619503779,-0.016441219362323678,0.006887045669554226,0.02280545825118674
2026-07-16,-0.008475498730709408,-0.008165848471595516,0.020869823560705436,-0.0225718140155714,-0.004907772334488358
2026-07-17,0.04594556527307714,0.04483851871264899,0.008410395799546055,0.01854442706589743,0.03287972806911221
2026-07-20,0.012712857729628935,0.00897085116169083,0.013383842768325716,-0.017519793205668432,-0.0010905821251769865
2026-07-21,0.020062776182881104,0.020185032289030014,0.001845066934902606,0.0017482918266857883,0.004986740296666126
2026-07-22,0.03362265121160335,0.022612155059912098,0.005379757842143729,0.020942388335015272,0.002583760459994755
2026-07-23,0.07037315582075276,0.06172982261108917,0.04647128081259089,-0.003076944645888924,0.023925992281960573
2026-07-24,-0.038832094222906566,-0.031239882921610285,-0.03708305166559678,-0.015432043752590885,-0.028743880397941624
2026-07-27,-0.08700142875747297,-0.07501956255061493,-0.016504865664144552,-0.03622434332540514,-0.020200812486480646
2026-07-28,-0.04832508197109153,-0.04055197251386189,0.009558314439296556,-0.037947242715373086,0.0021639174451055787
2026-07-29,0.0790819576107229,0.06560682321588307,0.05280785859455661,0.023666403140390146,0.018983323712934652
2026-07-30,-0.018845042150429925,-0.010300766706282993,-0.03677257810457535,0.012110089367160848,-0.03328625961536702
2026-07-31,0.01224310886476876,0.0129202282374683,-0.020881873437314513,-0.00398836780086953,-0.01921023616846307
2026-08-03,-0.07046167232564204,-0.0511397416404199,-0.059274566571626996,0.012377109629064353,-0.07912216731779842
2026-08-04,-0.052644099432226255,-0.056883244997969706,-0.027519845924479314,-0.035598698565433406,-0.03859508639307985
2026-08-05,0.001134026426391932,-0.0072587494619298365,0.0068160967226345015,0.0022371521762185598,-0.004698154993641235
2026-08-06,0.03826307152041508,0.027519272284384,0.022601530910790757,-0.017857090589038505,0.03512046487760334
2026-08-07,0.012850105654492294,0.011515065068004704,0.0052550354102567365,0.008333270868872145,0.015926539976350407
2026-08-10,0.04991020965447568,0.05052439156847499,0.07364692691502839,0.0495867664967613,0.050279700375106096
2026-08-11,0.013565919115894776,0.01302812286140309,0.014964980384440052,-0.00966354734260133,0.00038271374844200956
2026-08-12,0.0007873095483186265,0.0008413425167281829,0.01211048627970479,0.013371861730319123,0.005451793551372708
2026-08-13,-0.021465538211406954,-0.02425839707578037,-0.012407072700606703,-0.027460736608000746,-0.0081491871111391
2026-08-14,0.01665323249482431,0.014153864933894145,0.007598926381572557,0.0022002354110255418,0.01793474785368021
2026-08-17,0.02654774279975869,0.025485417903318375,0.036003661589339986,-0.015733619540308386,0.02700926680874982
2026-08-18,0.001650642587770923,0.005207129484097628,0.0029298441861942415,0.03197024678006399,0.00966331223697292
2026-08-19,0.006592025111454847,0.010477976972774083,0.0004943993786896694,0.01368871328517085,-0.014113972121122975
2026-08-20,0.02357559449860891,0.023301875303891384,0.00628885687816938,-0.028784596430787346,0.002396271145448603
2026-08-21,0.0065045917924049235,-0.00876698458850178,0.003236421959861069,0.014635917038710478,0.02605038363330192
2026-08-24,-0.023519453703339965,-0.023546927174947108,-0.05052502689555449,0.003245605097841553,-0.023029302576322186
2026-08-25,-0.0389497277770392,-0.031172820365681475,-0.005600213452132352,-0.004313473631779918,-0.00547273690786243
2026-08-26,-0.008354092096040433,-0.001578402773853682,0.003817348835840173,0.025992789602402144,0.020658546601639127
2026-08-27,0.021174871219219682,0.015809259020949096,0.004389588026149527,0.022871237524970223,0.019306655146321683
2026-08-28,-0.00434781943051199,-0.0015562942094785592,0.018229852746279862,-0.0065359659380479496,0.031233382488993433
2026-08-31,0.013212410003724528,0.028297368910949583,0.03181304069254187,0.016274214386843955,-0.01515804871557025
2026-09-01,0.04597197215511217,0.052005585044038405,0.04048676788234884,-0.010562146342382728,-0.0878382732640377
2026-09-02,0.010353890245539121,0.008756383338931473,0.0010476083771562283,0.01790635158086551,-0.009983678543817653
2026-09-03,-0.0011502730681887119,0.0031864730108812633,-0.018922762706245932,-0.014546678460696794,0.010019986509739676
2026-09-04,0.00795647155506507,0.0019715257301113898,-0.011624774730868204,0.021283829573527813,0.02542345553834724
2026-09-08,0.01703364572539945,0.01694354356673511,0.006078985536927428,-0.019831938537852145,0.01178994898023511
2026-09-09,0.03359886618718044,0.03246269280972003,0.05105303886862722,-0.03223589377127345,-0.012882446484650978
2026-09-10,0.06343244962967542,0.06694430089409664,0.05342631972203793,0.004252333029691746,0.05687411296641853
2026-09-11,-0.028059060857873463,-0.023711945995085415,-0.019416677524945913,-0.0010585818150063986,-0.025344797736274183
2026-09-14,0.01022846466476679,0.01339326633700777,0.0004436365272664222,0.022960020043666596,0.0029934969803340206
2026-09-15,0.029049959178263363,0.043791325260226444,0.060566342015680785,0.007941989859965304,0.044647401991500635
2026-09-16,-0.02685055787535917,-0.03212700998821316,-0.0029456610447246012,-0.00959228461445416,0.005713940909455539
2026-09-17,-0.009543627693050838,-0.005076604915719485,-0.025273959828798542,0.0034590073853679737,0.006398853839418406
2026-09-18,-0.009063126798397603,-0.015798258782225627,-0.010970172759404373,0.0037917676308936166,0.005787970945194898
2026-09-21,-0.03398484947866787,-0.04506484680891265,-0.03327527405315844,-0.02609889311388669,-0.01635677410934855
2026-09-22,-0.010863029476502195,-0.012424331348639295,0.010757726843849014,0.04548658323809751,0.005072209589032095
2026-09-23,0.03858943910382551,-0.02568974278316838,-0.033528248556226714,0.019561581590900934,0.028530449385700374
2026-09-24,0.03414820120817996,0.026584167218837385,-0.009651649517707028,0.09063841523493932,-0.006244745751536329
2026-09-25,-0.02138835658473659,-0.023253323475842747,-0.009639967427938156,-0.03063385934388252,-0.04802783971336799
2026-09-28,0.009202445238506662,0.0020559983170915785,0.015070342310592455,-0.06132668745294667,-0.01641423482733828
2026-09-29,-0.02555093534001096,-0.03477323189808712,0.02998760502164588,0.0036666393280029297,-0.01782664139307255
2026-09-30,0.009162710546457786,0.01163572328804885,0.012045981747220269,0.004981768619315652,0.048685261357519716
2026-10-01,-0.011784035884168209,0.02709582644603703,-0.06352759059246837,-0.01949769161021886,-0.01023907188051909
2026-10-02,-0.0005864290883145218,-0.018951244580373894,-0.030353323787003172,0.022918799469645146,-0.02650912420867857
2026-10-05,-0.01887530860807607,-0.018439252485142776,0.009797562177875863,0.010214134442779743,-0.019985513790078624
2026-10-06,0.002591727841122493,0.00011184318680901306,0.00532429008678692,0.015655609104261448,0.008317401794271984
2026-10-07,-0.003778135572624075,-0.012969629141829642,0.011664634885730774,0.028580598684808445,-0.011914955980116493
2026-10-08,0.04071858238840265,0.03636156693315962,0.056287453562611,-0.010927282260496884,0.025292184762530256
2026-10-09,-0.0023014755137988896,0.000546541184013094,-0.02187226323277003,0.009469687990002695,-0.05431241404420606
