date,wti,gasoline,heating_oil,natural_gas
2015-01-05,-0.05029417346745113,-0.03628750872295883,-0.02616926503340755,-0.04029304029304026
2015-01-06,-0.042166266986410905,-0.01955104996379431,-0.013150371640937797,0.019430950728660745
2015-01-07,0.015021906947631836,-0.011816838995568735,-0.015063731170336103,-0.022804628999319343
2015-01-08,0.0028776978417266452,0.0022421524663676085,0.006470588235294228,0.019505398815743646
2015-01-09,-0.008813281410125051,-0.01342281879194629,-0.004675628287551192,0.006491288008199536
2015-01-12,-0.04735318444995862,-0.03628117913832207,-0.0287727539635938,-0.05125594025797697
2015-01-13,-0.003907097894508382,-0.004705882352941226,-0.012696493349455773,0.05295169946332745
2015-01-14,0.05643931139681846,0.06461780929866046,0.013472137170851273,0.09853890587835545
2015-01-15,-0.04599834983498341,-0.03849000740192454,-0.01933534743202414,-0.023198267862666322
2015-01-16,0.05275675675675662,0.04618937644341803,0.026494146642020988,-0.009816339455351542
2015-01-20,-0.047237625795851224,-0.03384841795437821,-0.02340936374549818,-0.09465941797249755
2015-01-21,0.029963354171157697,0.00990099009900991,0.011677934849416038,0.05051218650653477
2015-01-22,-0.030766010883214734,0.0037707390648566985,-0.004860267314702349,-0.04673839946200409
2015-01-23,-0.015547397970200771,0.01277235161532686,0.005494505494505475,0.05326278659611994
2015-01-26,-0.009651239306865622,-0.022997032640949655,-0.004250151791135415,-0.0351640991292701
2015-01-27,0.02392026578073092,0.02505694760820054,0.014024390243902563,0.03471017007983335
2015-01-28,-0.03850313649145565,-0.0037037037037037646,-0.01864101022248954,-0.03857765850385764
2015-01-29,0.001799775028121342,0.006691449814126393,-0.008578431372548878,-0.051290997906489944
2015-01-30,0.08331461935773632,0.045051698670605544,0.04202719406674893,-0.010297903641044548
2015-02-02,0.027570480928689856,0.09187279151943462,0.04270462633451966,-0.0040876997398735515
2015-02-03,0.0702037522695178,0.03624595469255665,0.05062571103526725,0.02761194029850733
2015-02-04,-0.08671065032987735,-0.07432854465958771,-0.043313481321061165,-0.03340595497458243
2015-02-05,0.04189886480908145,0.029014844804318374,0.022071307300509435,-0.023290758827948843
2015-02-06,0.023969889064976213,0.022295081967213193,0.0182724252491695,-0.008076923076923093
2015-02-09,0.022634939059779535,0.012187299550994402,0.018488308863512826,0.006979449398991866
2015-02-10,-0.05372682557699582,-0.01647655259822567,-0.02135611318739994,0.030804774740084806
2015-02-11,-0.023590563774490203,-0.005798969072165039,-0.010365521003818823,0.044826298094882366
2015-02-12,0.048525798525798525,0.03434867141931308,0.055126791620727644,-0.03003217733285668
2015-02-13,0.03065807459480574,0.018796992481202812,0.029780564263322873,0.03354220420199039
2015-02-17,0.014209928003031447,-0.022140221402213944,0.003044140030441511,-0.016048502139800247
2015-02-18,-0.025966747618158093,-0.010062893081761004,-0.009104704097116834,0.026096411743385284
2015-02-19,-0.018795550441120135,0.02668360864040653,0.0178662582950484,0.0010596962204167948
2015-02-20,-0.01602814698983568,0.015470297029702929,0.05917753259779346,0.041284403669724856
2015-02-23,-0.017679777512912165,0.0030469226081657474,0.05018939393939381,-0.02439850898000684
2015-02-24,-0.003437815975733116,-0.015795868772782384,-0.08521190261496847,0.007988885029524218
2015-02-25,0.03469967532467533,0.061111111111111116,0.03696402168555957,-0.002756719503790528
2015-02-26,-0.05530496175720734,-0.006399069226294407,0.015209125475285079,-0.06807187284035943
2015-02-27,0.033008096325513714,0.03512880562060894,0.07631086142322085,0.013718946978123814
2015-03-02,-0.003416398713826263,0.07296380090497734,-0.1792083514571553,-0.013167520117044584
2015-03-03,0.018753781004234638,0.027938850817079475,0.028086910439851565,0.005189028910304039
2015-03-04,0.01999208234362615,-0.012307692307692353,-0.020103092783505083,0.02101769911504414
2015-03-05,-0.014942751795070874,-0.02024922118380057,-0.012624934245134112,0.026002166847237218
2015-03-06,-0.022655634357761967,-0.00264970853206159,-0.004262120404901482,-0.0007039774727209958
2015-03-09,0.00786131828260439,-0.0037194473963867436,-0.015516318887105363,-0.05671010919337793
2015-03-10,-0.03420000000000001,-0.030399999999999983,-0.01413043478260867,0.020164301717699784
2015-03-11,-0.002484986539656231,0.004400440044004306,0.00330760749724357,0.03367496339677878
2015-03-12,-0.023250986090928016,-0.008762322015334112,-0.02252747252747256,-0.031869688385269046
2015-03-13,-0.046971307120084904,-0.026519337016574607,-0.03709949409780766,-0.002560351133869876
2015-03-16,-0.02140945584299736,-0.018728717366628733,-0.008172796263864579,-0.00403373670700391
2015-03-17,-0.009571558796718338,0.0005783689994216523,-0.00294290759270166,0.05117820324005873
2015-03-18,0.027611596870685595,0.03988439306358371,0.04663518299881941,0.022767075306479923
2015-03-19,-0.01567398119122243,-0.013896609227348478,-0.02876480541455162,-0.03664383561643825
2015-03-20,0.04003639672429471,0.013528748590755368,0.006968641114982521,-0.00959829363668685
2015-03-23,0.037839020122484746,0.0033370411568409697,-0.0017301038062282892,-0.019023689877961214
2015-03-24,0.0012644889357216194,-0.0022172949002217113,-0.013864818024263426,0.019392608854738258
2015-03-25,0.03578194064407492,0.020555555555555438,0.012302284710017597,-0.022613065326633208
2015-03-26,0.045112781954887105,0.024496461622210086,0.03472222222222232,-0.018729342636797597
2015-03-27,-0.049776395100136206,-0.04463336875664181,-0.033557046979865834,-0.030688622754491135
2015-03-30,-0.003887865766318721,0.0016685205784203738,0.0017361111111111605,0.020849420849420985
2015-03-31,-0.022185702547247277,-0.011660188784008874,-0.007510109763142814,-0.001512859304084735
2015-04-01,0.052310924369747935,0.028651685393258353,0.01688009313154848,-0.013257575757575801
2015-04-02,-0.018965861449391164,-0.03823047515019118,-0.03663423010875788,0.04145873320537441
2015-04-06,0.061050061050061055,0.04656445201590009,0.048128342245989275,-0.023221525985993474
2015-04-07,0.03528960490985811,0.009766684753119925,0.01133786848072571,0.01132075471698113
2015-04-08,-0.06595035198221555,-0.06555615260612568,-0.04820627802690591,-0.022761194029850773
2015-04-09,0.007338357794525852,0.011500862564692182,0.017078916372202713,-0.03474608629247811
2015-04-10,0.0167355778696594,0.027288231949971653,0.022582513028372775,-0.006724683544303778
2015-04-13,0.005228505034856612,-0.0011068068622025473,0.00962627406568517,0.0
2015-04-14,0.0265844731265652,0.01717451523545721,0.010656197420078506,0.007566706491437536
2015-04-15,0.05817226496528427,0.05446623093681913,0.04827968923418413,0.031620553359683834
2015-04-16,0.0056747650292605645,-0.0005165289256198191,0.010058231868713463,0.028352490421456045
2015-04-17,-0.017104567095750256,-0.0025839793281654533,-0.013626834381551323,-0.018628912071535164
2015-04-20,0.011481880157875768,0.0010362694300518616,-0.002656748140276277,-0.03720577069096431
2015-04-21,-0.01986520042568296,-0.022774327122153215,-0.012786361214704334,0.015378548895899069
2015-04-22,0.016286644951140072,0.01959745762711873,0.009713977334052881,0.01203883495145619
2015-04-23,0.028133903133903182,0.03688311688311696,0.028327097808658497,-0.028779739063699017
2015-04-24,-0.010218219605126477,0.006012024048096087,0.0020790020790020236,0.0
2015-04-27,-0.002799650043744495,0.0004980079681273786,-0.0036307053941908585,-0.016199130778348447
2015-04-28,0.0012282856641516737,-0.0034843205574913716,-0.0020822488287350893,0.010843373493975683
2015-04-29,0.026638626007711164,0.007992007992007943,0.01617110067814287,0.03535955502582433
2015-04-30,0.017924206213724814,0.015857284440039754,0.014373716632443578,0.055640828856485136
2015-05-01,-0.008049639443233336,-0.0024390243902439046,0.0030364372469635637,0.009087604507451719
2015-05-04,-0.0037193575655113387,-0.005378973105134577,-0.0015136226034307976,0.016210374639769487
2015-05-05,0.024944849821822546,0.014257620452310826,0.018191005558362727,-0.014533853243530848
2015-05-06,0.008774834437086154,-0.01260300533204084,0.0004962779156327812,-0.0014388489208633226
2015-05-07,-0.032660430001641205,-0.02307314678448691,-0.0267857142857143,-0.015129682997118143
2015-05-08,0.0076348829317951505,0.0010050251256281673,-0.004077471967380175,0.05340160936356986
2015-05-11,-0.0023572992086210443,-0.003012048192771122,-0.004605936540429845,-0.027083333333333237
2015-05-12,0.025316455696202445,0.026686807653575118,0.027763496143958788,0.03390435403283365
2015-05-13,-0.004115226337448541,0.0009808729769493763,0.0030015007503749747,0.013117017604418413
2015-05-14,-0.010247933884297455,0.00832925036746679,0.0004987531172069293,0.024872231686541735
2015-05-15,-0.003173012692050836,-0.0004859086491738607,-0.0004985044865403188,0.0026595744680850686
2015-05-18,-0.004355838498910969,-0.007778317938745727,-0.008977556109725615,-0.0019893899204245225
2015-05-19,-0.036513545347467646,-0.022537971582557437,-0.029189733266230533,-0.020598006644518163
2015-05-20,0.030038421236465274,0.023057644110275666,0.00881285640228091,-0.011194029850746245
2015-05-21,0.029501525940996975,0.020088192062714283,0.020554984583761593,0.011663807890222921
2015-05-22,-0.016469038208168696,-0.013448607108549449,-0.016616314199395688,-0.02102407595795175
2015-05-26,-0.028298727394507672,-0.027263875365141077,-0.0271377368151563,-0.022514721163837903
2015-05-27,-0.008960882302257556,-0.02652652652652654,-0.022631578947368336,-0.0024805102763997278
2015-05-28,0.002956007650843251,0.020565552699228773,0.007000538502961895,-0.03872113676731792
2015-05-29,0.04542302357836325,0.05088161209067987,0.045454545454545414,-0.023651145602365142
2015-06-01,-0.0016583747927030323,-0.021093000958772756,-0.014833759590792917,0.0026495079485238104
2015-06-02,0.01760797342192677,0.011263467189030374,0.010384215991692702,0.01849754624386568
2015-06-03,-0.026444662095984284,-0.009685230024213065,-0.027749229188078095,-0.023721275018532273
2015-06-04,-0.027498323272971192,-0.031295843520782296,-0.025369978858350906,-0.0030372057706909983
2015-06-05,0.0194827586206896,0.02473498233215543,0.014099783080260275,-0.013709063214013772
2015-06-08,-0.016742770167427756,-0.010837438423645263,-0.008021390374331583,0.044401544401544424
2015-06-09,0.03439972480220166,0.03436254980079689,0.03396226415094339,0.05212569316081339
2015-06-10,0.021449950116395167,0.03322099181511784,0.014598540145985384,0.015811665495432115
2015-06-11,-0.010743936187530445,-0.0037278657968312645,-0.012846865364850912,-0.022829470771359328
2015-06-12,-0.013328945203225362,-0.007951356407857713,-0.01665799062988027,-0.026548672566371723
2015-06-15,-0.007338225483655703,-0.010372465818010324,-0.010058231868713574,0.05054545454545445
2015-06-16,0.007560483870967749,0.012386850881372036,0.008021390374331583,0.001730702665282191
2015-06-17,-0.000833750208437456,-0.011294117647058788,0.013262599469495928,-0.013476157567380853
2015-06-18,0.008845126835780981,0.004283674440742402,0.002617801047120505,-0.02732049036777573
2015-06-19,-0.013895781637717208,-0.024170616113743937,-0.025065274151436,0.01404393230104417
2015-06-22,0.0011742996141586026,-0.014084507042253724,0.0010712372790573355,-0.029474431818181768
2015-06-23,0.022285522788203727,0.023152709359606005,0.022471910112359605,-0.0025612879619466566
2015-06-24,-0.012129159154236957,-0.010110736639383666,-0.01831501831501836,0.01210564930300806
2015-06-25,-0.009457441513190612,-0.009241245136186849,-0.00746268656716409,0.03298296484233432
2015-06-26,-0.0011725293132328618,0.00589101620029453,0.0005370569280342963,-0.027017543859649162
2015-06-29,-0.021801106825423466,-0.009272816007808715,-0.013955984970477786,0.011539848539487974
2015-06-30,0.019543973941368087,0.029556650246305383,0.027218290691344516,0.009625668449197766
2015-07-01,-0.04220615436354458,-0.03971291866028692,-0.025437201907790197,-0.017302259887005622
2015-07-02,-0.000526685393258397,0.013452914798206095,0.0005437737901032857,0.014013654329859904
2015-07-06,-0.07728789741788156,-0.05408062930186819,-0.071195652173913,-0.023387668320340338
2015-07-07,-0.0038073481819912436,0.012993762993763092,0.001170275014628519,-0.014513788098693636
2015-07-08,-0.012994458245748186,0.025654181631606043,0.0023378141437755406,-0.011413843888070763
2015-07-09,0.02187802516940951,0.02301150575287636,0.012244897959183598,0.015270018621973858
2015-07-10,-0.0007578628268283261,-0.013691931540342317,0.0023041474654377225,0.01614086573734408
2015-07-14,0.005688282138794021,-0.04263758056519573,-0.008620689655172376,0.025270758122743597
2015-07-15,-0.030731523378582204,-0.037286380113930595,-0.03246376811594209,0.02746478873239444
2015-07-16,-0.009725734292939103,0.02044109736417421,-0.0017974835230677444,-0.02193283070596297
2015-07-17,-0.0003928501276762031,0.016868740115972614,-0.0012004801920768582,0.005606166783461708
2015-07-20,-0.014541167223423135,0.0005184033177811909,-0.0036057692307692735,-0.016376306620209058
2015-07-21,0.004187437686939299,-0.004663212435233155,0.012062726176115923,0.020899752036840358
2015-07-22,-0.023232724384432135,-0.027589796980739156,-0.0035756853396901045,0.005204718945176934
2015-07-23,-0.015043708070745954,-0.008565310492505307,-0.010167464114832492,-0.027959958577839172
2015-07-24,-0.006398348813209553,-0.01295896328293733,-0.015105740181268978,-0.014204545454545414
2015-07-27,-0.015579559617781458,-0.004376367614879695,-0.020858895705521352,0.004682997118155674
2015-07-28,0.01244988394175972,-0.009340659340659418,0.005012531328320913,0.011473646468268317
2015-07-29,0.016882034180908834,0.010537992235163607,-0.0037406483790524137,0.02304147465437789
2015-07-30,-0.005533920885427257,0.003293084522502765,0.0,-0.04088704088704098
2015-07-31,-0.028854080791426373,0.007111597374179324,-0.008760951188986232,-0.01878612716762995
2015-08-03,-0.04138370118845491,-0.09016838674633343,-0.03345959595959602,0.01178203240058906
2015-08-04,0.012618994908124792,0.005970149253731405,0.011103853690398457,0.02328966521106235
2015-08-05,-0.01289899431569752,-0.008308605341246333,-0.005813953488372214,-0.004978662873399653
2015-08-06,-0.010852713178294615,-0.01376421304608022,0.007147498375568606,0.005360972122945062
2015-08-07,-0.01768920734437973,-0.015169902912621325,-0.003870967741935516,-0.005332385353714941
2015-08-10,0.024846136311830413,0.04374614910659269,0.031088082901554515,0.01572551822730528
2015-08-11,-0.04181494661921714,0.0,-0.01821608040201017,0.0007037297677690013
2015-08-12,0.005106778087279551,0.04132231404958686,0.015355086372360827,0.030590717299578074
2015-08-13,-0.024711316397228678,-0.028344671201814053,-0.011342155009451793,-0.04912998976458549
2015-08-14,0.006393559081221856,-0.01575262543757283,-0.007010834926704845,0.005023322569070787
2015-08-17,-0.014823529411764791,-0.019561351511559022,-0.0019255455712452463,-0.02606212067118885
2015-08-18,0.017912586577501832,-0.004232164449818554,0.0025723472668810476,-0.008797653958944274
2015-08-19,-0.042702956358517175,-0.05343047965998793,-0.026298909557408545,0.004437869822485174
2015-08-20,0.008333333333333526,-0.015394483643361156,-0.01449275362318847,0.014359351988217917
2015-08-21,-0.01677199805542051,0.006514657980456029,-0.022727272727272707,-0.028675136116152355
2015-08-24,-0.05463535228677385,-0.04789644012944971,-0.04719562243502051,-0.009715994020926821
2015-08-25,0.02798117154811708,-0.021753908905506436,0.001435750179468842,0.013207547169811429
2015-08-26,-0.018061561943525817,-0.05837387074357192,-0.01003584229390686,0.0029795158286778367
2015-08-27,0.10259067357512963,0.07527675276752777,0.08327299058653148,-0.02042331971778688
2015-08-28,0.0625,0.04461221688400818,0.053475935828877,0.029188779378316987
2015-08-31,0.088014153029633,0.07752956636005259,0.06218274111675126,-0.009576427255985176
2015-09-01,-0.07703252032520336,-0.14878048780487807,-0.05734767025089593,0.004834510970620931
2015-09-02,0.018498128165602257,0.02077363896848139,0.019645120405576533,-0.01998519615099914
2015-09-03,0.0108108108108107,0.008421052631578885,0.00621504039776255,0.029078549848942536
2015-09-04,-0.0149732620320856,-0.013221990257480942,-0.014206300185299559,-0.025688073394495525
2015-09-08,-0.0023887079261671884,-0.01128349788434413,-0.0012531328320801727,0.020715630885122405
2015-09-09,-0.03896386591205914,-0.02995720399429369,-0.0345043914680051,-0.02177121771217716
2015-09-10,0.04009060022650068,0.02499999999999991,0.023391812865497075,0.012070916635231965
2015-09-11,-0.028092334494773552,-0.017216642754662725,-0.015873015873015817,0.00372717107715248
2015-09-14,-0.01411606542684296,-0.0481751824817519,-0.029677419354838697,0.024136650575566243
2015-09-15,0.013409090909090926,0.02223926380368102,-0.0026595744680850686,-0.01087744742567065
2015-09-16,0.057411975779322555,0.0367591897974493,0.02733333333333321,-0.024926686217008776
2015-09-17,-0.005302226935312793,-0.00434153400868309,-0.007138221933809197,-0.003007518796992459
2015-09-18,-0.047334754797441314,-0.014534883720930036,-0.025490196078431282,-0.017722473604826594
2015-09-21,0.04476275738585489,0.03466076696165188,0.015425888665325127,-0.012284069097888706
2015-09-22,-0.01820908311910885,0.009265858873841681,0.011889035667107084,0.001554605518849561
2015-09-23,-0.029456687759109812,-0.02401129943502822,-0.016971279373368175,-0.0031043849437329962
2015-09-24,0.009667266187050272,-0.012301013024601959,0.01195219123505975,0.008563643441027669
2015-09-25,0.01759073702961489,0.02271062271062263,-0.0006561679790026975,-0.010420686993438899
2015-09-28,-0.027789934354485846,-0.033667621776504286,-0.030203545633617712,-0.0003900156006240163
2015-09-29,0.018005851901867986,0.010378057820607856,0.014218009478673022,0.008973858759266262
2015-09-30,-0.003095290736236822,0.019075568598679427,0.01001335113484636,-0.023975251353441585
2015-10-01,-0.007762253271235364,-0.015838732901367947,0.004626569729015317,-0.0360538827258321
2015-10-02,0.017881090746535433,-0.019019751280175634,0.0,0.007398273736128225
2015-10-05,0.015810276679841806,0.03281133482475762,0.018421052631578894,-0.000407996736026095
2015-10-06,0.049070471249459624,0.03682310469314065,0.04134366925064592,0.008163265306122547
2015-10-07,-0.01483618380383267,-0.03203342618384408,-0.01985111662531014,0.0016194331983805377
2015-10-08,0.033884124660112924,0.012949640287769792,0.013924050632911467,0.009700889248181133
2015-10-09,0.00404612583451347,0.006392045454545636,-0.006866416978776657,0.0016012810248196008
2015-10-13,-0.05984283699375392,-0.07268877911079741,-0.07542426147077308,-0.0015987210231812599
2015-10-14,-0.0004286326618087033,-0.004566210045662156,0.008157715839564927,0.008006405124099114
2015-10-15,-0.005574614065180006,-0.00076452599388388,0.0020229265003370855,-0.02581413820492451
2015-10-16,0.018973695558430315,0.016067329762815774,0.007402422611036519,-0.009376273950264857
2015-10-19,-0.028988573846804866,-0.05798192771084354,-0.03206412825651306,0.004938271604938205
2015-10-20,-0.007409021573327568,0.021582733812949728,0.0,0.01392301392301376
2015-10-21,-0.007683863885839637,0.18701095461658834,0.0006901311249136732,-0.029079159935379684
2015-10-22,0.0039823008849557695,-0.13843111404087016,0.010344827586207028,-0.0074875207986687675
2015-10-23,-0.01718818862935212,-0.002295332823259333,-0.007508532423208258,-0.04191114836546528
2015-10-26,-0.013901345291479905,-0.012269938650306789,-0.019257221458046758,-0.09798775153105865
2015-10-27,-0.017735334242837464,-0.0007763975155280489,-0.0014025245441795509,0.014548981571290032
2015-10-28,0.06342592592592577,0.04895104895104918,0.042134831460674205,-0.028202676864244824
2015-10-29,0.0026121027427079557,0.0,-0.006064690026954089,0.11018199704869658
2015-10-30,0.011506730351715122,0.040740740740740744,0.01627118644067793,0.028356225077536656
2015-11-02,-0.009658725048293682,-0.02135231316725983,0.005336891260840471,-0.02800517018526516
2015-11-03,0.038144776766363186,0.0516363636363637,0.03915063039150635,-0.0013297872340424233
2015-11-04,-0.03298538622129432,-0.03734439834024905,-0.03959131545338446,0.003994673768308976
2015-11-05,-0.024179620034542215,-0.02227011494252873,-0.011303191489361653,0.04509283819628651
2015-11-06,-0.020132743362831884,0.006612784717119791,0.0020174848688634395,0.0029610829103214886
2015-11-09,-0.009482953262587523,0.0007299270072991249,-0.008724832214765055,-0.02994517081400261
2015-11-10,0.0077501709596536905,-0.006564551422319376,0.00677048070413,0.008695652173912993
2015-11-12,-0.05564351956570912,-0.06534508076358314,-0.05379959650302624,-0.025862068965517238
2015-11-13,-0.024191616766466972,-0.02670856245090325,-0.018479033404406597,0.04469026548672583
2015-11-16,0.02454590083456054,0.0,0.002896451846488013,0.010165184243964287
2015-11-17,-0.025634882606612397,-0.0008071025020178757,-0.012274368231046884,-0.005870020964360512
2015-11-18,0.0019670518809933313,0.022617124394184174,0.008771929824561209,-0.010122311261071326
2015-11-19,-0.005153374233128893,0.017377567140600236,-0.005797101449275255,-0.03025138474648492
2015-11-20,-0.00370004933399104,0.0015527950310558758,-0.0007288629737610686,-0.05755711775043926
2015-11-23,0.0336717009160683,0.01782945736434094,0.002188183807440014,0.030303030303030276
2015-11-24,0.02682634730538913,0.05864432597105851,0.018922852983988214,-0.004524886877827927
2015-11-25,0.003965477023559538,0.004316546762589857,0.002142857142857224,0.0027272727272726893
2015-11-27,-0.030901486988847537,-0.003581661891117416,-0.03635067712045614,0.0027198549410698547
2015-11-30,-0.0014385039558859614,-0.023005032350826737,-0.011094674556213158,0.010397830018083143
2015-12-01,0.004801920768307433,0.0029433406916850036,0.02393418100224376,-0.0017897091722595126
2015-12-02,-0.04563918757467156,-0.051357300073367584,-0.046749452154857596,-0.029583146571044328
2015-12-03,0.02854281422133198,0.0023201856148493682,0.04137931034482767,0.007390300230946778
2015-12-04,-0.027020447906523803,-0.020061728395061706,-0.012509197939661432,0.0022925263640531934
2015-12-07,-0.05804353264948714,-0.04803149606299206,-0.046199701937406856,-0.054437328453796785
2015-12-08,-0.003718459495351989,-0.00413564929693977,-0.016406250000000067,0.0014513788098691194
2015-12-09,-0.00933084510797122,0.023255813953488413,-0.015885623510722646,-0.0038647342995169476
2015-12-10,-0.01076426264800856,0.038961038961039085,-0.011299435028248594,-0.02279340446168754
2015-12-11,-0.03101196953210017,0.0015624999999999112,-0.06448979591836745,-0.012406947890818976
2015-12-14,0.019371139809096105,-0.020280811232449292,-0.015706806282722474,-0.04824120603015081
2015-12-15,0.02864224731478937,-0.009554140127388533,0.01684397163120588,-0.03801478352692711
2015-12-16,-0.04899598393574289,-0.008842443729903504,-0.03051438535309492,-0.01756311745334793
2015-12-17,-0.01604729729729726,0.023519870235198637,-0.00629496402877705,-0.019553072625698387
2015-12-18,-0.00629470672389143,0.010301109350237647,0.0018099547511312153,0.006837606837606813
2015-12-21,0.000287935502447656,-0.051764705882352824,-0.006323396567298967,0.08149405772495766
2015-12-22,0.04029936672423706,-0.028122415219189456,-0.010909090909090868,-0.012035583464155009
2015-12-23,0.03763143331488661,0.05617021276595757,0.028492647058823373,0.05031779661016955
2015-12-24,0.016000000000000014,0.018533440773569554,-0.01608579088471851,0.023197175995965713
2015-12-28,-0.03385826771653544,-0.02452531645569611,-0.009990917347865502,0.09807787087235109
2015-12-29,0.028796522684053194,0.0348742903487429,0.0366972477064218,0.06463195691202861
2015-12-30,-0.03353578030102977,-0.036050156739811934,-0.045132743362831795,-0.06661045531197296
2015-12-31,0.012021857923497192,0.030081300813008083,0.020389249304912038,0.05555555555555558
2016-01-04,-0.0075593952483801186,0.018942383583267608,0.02270663033605813,-0.0012836970474968679
2016-01-05,-0.02149075081610441,-0.026336173508907823,-0.0008880994671401909,-0.003856041131105381
2016-01-06,-0.05560189046427577,-0.07557677008750996,-0.039111111111111097,-0.024946236559139856
2016-01-07,-0.02060641742714142,-0.013769363166953541,-0.013876040703052595,0.050727834142038075
2016-01-08,-0.003306281935677946,-0.015706806282722474,-0.013133208255159512,0.03778337531486131
2016-01-11,-0.0527744270205065,-0.013297872340425454,-0.035171102661597065,-0.03074433656957931
2016-01-12,-0.03088188475007958,-0.02515723270440251,-0.024630541871921152,-0.0580133555926543
2016-01-13,0.0013140604467805073,-0.029493087557603714,-0.021212121212121238,0.005316792202038068
2016-01-14,0.023622047244094446,0.014245014245014342,0.01238390092879249,-0.057293962097840656
2016-01-15,-0.05705128205128196,-0.04400749063670428,-0.04791029561671756,-0.018232819074333717
2016-01-19,-0.03263086335825971,0.004897159647404559,-0.02676659528907921,-0.004285714285714226
2016-01-20,-0.06711173576950102,-0.007797270955165692,-0.047304730473047396,0.012912482065996933
2016-01-21,0.11224105461393608,0.012770137524557912,0.036951501154734334,0.009442870632672351
2016-01-22,0.09007788689468321,0.05140640155189158,0.10913140311804015,0.000467726847521055
2016-01-25,-0.05747126436781602,-0.04981549815498154,-0.0612449799196787,0.008882655446470267
2016-01-26,0.03658536585365857,0.0165048543689319,0.0352941176470587,0.010194624652456019
2016-01-27,0.027027027027026973,-0.0009551098376312517,0.058884297520661155,0.004128440366972352
2016-01-28,0.028482972136222973,0.031548757170172026,0.005853658536585371,-0.0031978072179077444
2016-01-29,0.012040939193256994,0.022242817423540284,0.023278370514064006,0.05316223648029328
2016-02-01,-0.05948839976204634,-0.018132366273798772,-0.017061611374407648,-0.06353350739773711
2016-02-02,-0.05502846299810249,-0.07571560480147743,-0.02507232401157189,-0.05901486988847593
2016-02-03,0.08032128514056236,0.012987012987013102,0.06726013847675572,0.006419753086419622
2016-02-04,-0.01734820322180919,0.013806706114398493,0.001853568118628468,-0.03238469087340523
2016-02-05,-0.026166456494325252,-0.03404669260700388,-0.020351526364477346,0.046146044624746585
2016-02-08,-0.038847523470378786,-0.0372608257804633,-0.01227573182247399,0.03732428502181295
2016-02-09,-0.058942404850117924,-0.059623430962343016,-0.06787762906309758,-0.01962616822429919
2016-02-10,-0.017537580529706553,0.04894327030033363,0.0,-0.024785510009532885
2016-02-11,-0.04517304189435334,-0.0010604453870625141,0.004102564102564044,-0.025415444770283346
2016-02-12,0.12323540633346042,0.10721868365180476,0.09193054136874368,-0.014042126379137376
2016-02-16,-0.013586956521739246,-0.06903163950143809,-0.03928905519176806,-0.032044760935910466
2016-02-17,0.05578512396694224,0.032955715756951554,0.05939629990262918,0.020493956910141886
2016-02-18,0.0035877364644487653,-0.030907278165503427,-0.008272058823529549,-0.0463439752832131
2016-02-19,-0.03672408189795251,-0.013374485596707841,-0.04911955514365152,-0.02591792656587477
2016-02-22,0.062078272604588314,0.04379562043795615,0.02826510721247555,0.009423503325942217
2016-02-23,0.012388818297331738,-0.03496503496503489,-0.03127962085308045,-0.021416803953871466
2016-02-24,0.008785691873234969,0.04554865424430643,0.03620352250489223,-0.002244668911335568
2016-02-25,0.02861586314152409,0.045544554455445585,0.010387157695939786,-0.03768278965129357
2016-02-26,-0.008769277290595734,-0.03693181818181834,-0.017757009345794494,0.04675628287551126
2016-02-29,0.029591214154972567,0.03244837758112107,0.0237868696479544,-0.04466778336125066
2016-03-01,0.01925925925925931,0.24190476190476184,0.02230483271375472,0.018118059614260718
2016-03-02,0.007558139534883601,0.005368098159509227,0.006363636363636349,-0.036739380022962176
2016-03-03,-0.002596653202538879,-0.009153318077803174,0.011743450767841113,-0.023241954707985624
2016-03-04,0.03905120046282917,0.025404157043880105,0.03660714285714284,0.016473459426479486
2016-03-07,0.05512249443207118,0.045795795795795735,0.05340223944875122,0.014405762304922076
2016-03-08,-0.03693931398416883,-0.003589375448671994,-0.018806214227309992,0.013017751479289963
2016-03-09,0.049041095890410835,0.059798270893371974,0.02750000000000008,0.02336448598130847
2016-03-10,-0.011752415774353486,-0.021753908905506436,-0.013787510137875159,0.020547945205479534
2016-03-11,0.017441860465116088,0.0034746351633077044,0.00164473684210531,0.019015659955257336
2016-03-14,-0.03428571428571425,-0.01454293628808856,-0.01724137931034475,-0.0016465422612513825
2016-03-15,-0.022592791823560998,-0.010541110330288261,-0.015873015873015928,0.017592083562396832
2016-03-16,0.05833791964777091,0.007102272727272707,0.0449915110356538,0.009184224743381986
2016-03-17,0.045241809672387,0.014104372355430161,0.019496344435418145,0.03640256959314758
2016-03-18,-0.01890547263681608,-0.0076495132127955,-0.012749003984063534,-0.014979338842975198
2016-03-21,0.01191683569979718,0.022424667133847276,-0.0016142050040355294,-0.041426324069218645
2016-03-22,0.038586820345778206,0.026045236463331012,0.01212611156022625,0.0191466083150984
2016-03-23,-0.04004825090470454,-0.02872411489645965,-0.03833865814696491,-0.03703703703703698
2016-03-24,-0.00829354109072622,0.008253094910591452,-0.004983388704318914,0.006688963210702337
2016-03-28,-0.00177394830207811,0.0013642564802183177,-0.015025041736227096,0.023255813953488413
2016-03-29,-0.028179741051028162,-0.009536784741144388,-0.02033898305084747,0.029761904761904656
2016-03-30,0.0010449320794148065,-0.012379642365887178,0.0034602076124568004,0.04887020493956906
2016-03-31,0.0005219206680584509,-0.0062674094707519945,0.02155172413793105,-0.01853707414829653
2016-04-01,-0.040427751695357395,-0.017519271198318198,-0.04472573839662464,-0.0015313935681470214
2016-04-04,-0.029627616200054274,-0.01783166904422251,-0.03798586572438156,0.021472392638036908
2016-04-05,0.005322128851540597,0.000726216412490821,-0.012855831037649201,-0.02202202202202208
2016-04-06,0.05182502089718577,0.012336719883889735,0.0604651162790697,-0.02200614124872058
2016-04-07,-0.012980132450331139,-0.01003584229390686,-0.012280701754386003,0.05599162742019881
2016-04-08,0.06602254428341392,0.060101375814627156,0.06571936056838368,-0.013875123885034646
2016-04-11,0.01611278952668682,0.030054644808743092,0.012500000000000178,-0.039195979899497524
2016-04-12,0.04484638255698714,0.01724137931034475,0.05020576131687249,0.048117154811715634
2016-04-13,-0.009722551576950567,-0.0026075619295958807,-0.00783699059561127,0.015968063872255467
2016-04-14,-0.00622605363984674,-0.015686274509803977,-0.009478672985781977,-0.03241650294695486
2016-04-15,-0.027469879518072338,-0.029880478087649376,-0.01754385964912286,-0.034517766497461966
2016-04-18,-0.01437066402378584,-0.01642710472279263,0.0032467532467532756,0.019978969505783484
2016-04-19,0.03267973856209139,0.029923451635351483,0.021844660194174637,0.0762886597938146
2016-04-20,0.037731256085686615,0.018243243243243112,0.05463182897862251,-0.00909961685823757
2016-04-21,0.01290171240910154,0.005972130059721303,-0.024024024024024038,-0.0004833252779119501
2016-04-22,0.012737378415933254,0.009894459102902209,0.00692307692307681,0.03481624758220514
2016-04-25,-0.024925680310999176,-0.011757021554539504,-0.014514896867838023,-0.03598130841121494
2016-04-26,0.03283302063789861,0.03502974223397226,0.033333333333333215,-0.015026660203587117
2016-04-27,0.029291553133514947,0.00957854406130254,0.03525881470367587,-0.018208661417322802
2016-04-28,0.015442311934701136,0.010752688172043001,0.018115942028985588,0.04160401002506253
2016-04-29,-0.0023897458179448217,-0.008135168961201589,-0.019217081850533946,0.04812319538017329
2016-05-02,-0.024825783972125426,-0.013880126182965302,-0.015965166908562978,-0.06244260789715339
2016-05-03,-0.025234479678427957,-0.03390914907229681,-0.016961651917404175,0.021547502448579836
2016-05-04,0.002978235967926679,-0.015231788079470121,-0.0037509377344335793,0.02636625119846614
2016-05-05,0.012334399269072538,0.0026899798251514007,0.0007530120481926694,-0.030359645025688886
2016-05-06,0.007671480144404219,0.0033534540576793948,0.0060195635816402415,0.012042389210019211
2016-05-09,-0.027317510076130702,-0.03542780748663099,-0.03814510097232604,-0.0014278914802475784
2016-05-10,0.028084714548803014,0.02979902979902982,0.04043545878693622,0.028598665395614953
2016-05-11,0.03515450067174197,0.06460296096904439,0.044095665171898224,0.006950880444856367
2016-05-12,0.010166558511788937,0.0006321112515801364,-0.0021474588403722628,-0.008283479061205856
2016-05-13,-0.010492505353319137,0.0031585596967782514,0.006456241032998689,-0.02737819025522026
2016-05-16,0.032676909759792316,0.01133501259445846,0.026372059871703435,-0.03196564885496189
2016-05-17,0.0123637887678123,0.01743462017434605,0.018750000000000044,0.009364218827008441
2016-05-18,-0.0024839577727179263,0.009179926560587637,0.010906612133606108,-0.02294921875000011
2016-05-19,-0.0006225357958082878,-0.009096422073984312,-0.0026972353337828547,0.018990504747626424
2016-05-20,-0.008513289036544802,0.001223990208078396,0.007437457741717335,0.011280039234918826
2016-05-23,0.0069109947643979375,0.006112469437652868,-0.008053691275167751,-0.003394762366634163
2016-05-24,0.011231281198003318,0.004860267314702238,0.007442489851150258,-0.03649635036496357
2016-05-25,0.01933360756890168,-0.00725513905683195,0.016118200134318306,0.0060606060606061
2016-05-26,-0.0016142050040356404,-0.013398294762484664,-0.007931262392597449,-0.014558232931726867
2016-05-27,-0.0030315278900565623,0.007407407407407307,-0.004663557628247772,0.10494141619969422
2016-05-31,-0.004662477194404935,-0.01041666666666663,0.0026773761713521083,0.05486399262332853
2016-06-01,-0.0018329938900204512,0.0,0.0006675567423231055,0.040646853146853124
2016-06-03,-0.007957559681697646,-0.004334365325077361,-0.007338225483655814,0.007139857202856037
2016-06-06,0.02200740436034554,-0.011815920398010049,0.010080645161290258,0.028356964136780682
2016-06-07,0.013483598309518952,-0.0012586532410321372,0.02594810379241519,0.0032441200324411223
2016-06-08,0.017275615567911018,0.020793950850661824,0.018806744487678273,-0.0024252223120453387
2016-06-09,-0.013078274448565241,-0.0006172839506173311,-0.012730744748567835,0.06037277147487852
2016-06-10,-0.029469936708860778,-0.03644224830142062,-0.02256608639587354,-0.0233091325945739
2016-06-13,-0.0038720195638882737,-0.015384615384615441,-0.0006596306068602509,0.011345852895148667
2016-06-14,-0.007978723404255317,-0.009765625000000111,-0.008580858085808551,0.007350096711798981
2016-06-15,-0.009898948236749971,-0.013149243918474718,-0.015978695073235683,-0.003456221198156695
2016-06-16,-0.03749218912726504,-0.02398401065956013,-0.03721244925575096,-0.005780346820809301
2016-06-17,0.03830339753300138,0.027303754266211566,0.04146170063246668,0.01666666666666683
2016-06-20,0.028970404335139754,0.05182724252491688,0.030364372469635637,0.047274113610369595
2016-06-21,-0.010532712173384584,0.006317119393556503,-0.006548788474132317,0.007644703312704726
2016-06-22,0.005731832139201698,-0.003138731952291196,-0.007910349373764003,-0.03287572254335247
2016-06-23,0.019947079177691673,0.010075566750629816,0.010631229235880335,0.00784460216660432
2016-06-24,-0.04929155857114342,-0.04925187032418965,-0.04339250493096636,-0.013343217197924417
2016-06-27,-0.02749790092359372,-0.03147540983606545,-0.017869415807560185,0.020285499624342673
2016-06-28,0.03280811569177655,0.022342586323628844,0.02939118264520646,0.07400589101620025
2016-06-29,0.042424242424242475,0.009933774834437026,0.0428280081577157,-0.018512170037709885
2016-06-30,-0.031074578989575108,-0.015737704918032835,-0.0319426336375489,0.021306322039818415
2016-07-01,0.01365611421477353,0.008660892738174608,0.018181818181818077,0.02154582763337909
2016-07-05,-0.04878546642171877,-0.056142668428005305,-0.04365079365079372,-0.07465684633411462
2016-07-06,0.01781115879828321,0.002799160251924393,0.017289073305670977,0.00795947901591898
2016-07-07,-0.04828167826270291,-0.048848569434752354,-0.04078857919782464,-0.003230437903804728
2016-07-08,0.005981391227292798,0.005869405722670695,0.0007087172218283033,0.008642419877565644
2016-07-11,-0.01431402774719226,0.009482129832239172,0.0028328611898016387,-0.03534451981435205
2016-07-12,0.04557640750670244,0.033236994219653315,0.03319209039548032,0.011843079200592133
2016-07-13,-0.04380341880341876,-0.036363636363636376,-0.05604921394395079,0.001097293343087058
2016-07-14,0.02078212290502801,0.026124818577648812,0.018102824040550303,-0.003653635367190433
2016-07-15,0.005910683012259277,0.005657708628005631,-0.006401137980085236,0.010634396773010701
2016-07-18,-0.015451577801958716,-0.024613220815752457,-0.013600572655690812,-0.012336719883889624
2016-07-19,-0.013041556145004463,-0.007930785868781598,0.004354136429608024,0.0022042615723734116
2016-07-20,0.0064949608062709885,-0.008720930232557933,0.015173410404624388,-0.02565982404692091
2016-07-21,-0.004227859368046261,-0.006598240469208316,-0.024199288256227747,0.012791572610985735
2016-07-22,-0.012513966480447003,0.005166051660516757,-0.010211524434719177,0.031575037147102414
2016-07-25,-0.023987327449649154,-0.02055800293685761,-0.025055268975681666,-0.010803024846957276
2016-07-26,-0.0048690006955715015,0.008245877061469287,0.0022675736961452753,-0.01274117218784121
2016-07-27,-0.02329916123019571,-0.017843866171003753,-0.023378582202111753,-0.014749262536873142
2016-07-28,-0.018606870229007644,-0.011355034065102076,-0.019305019305019266,0.07522455089820368
2016-07-29,0.011181332036946934,0.011485451761102494,0.0047244094488188,0.0010442046641141456
2016-08-01,-0.03701923076923075,-0.012869038607115746,-0.014106583072100332,-0.03650904033379698
2016-08-02,-0.013729405891163338,0.006134969325153339,0.0007949125596182771,-0.013713460844460457
2016-08-03,0.03340926347760065,0.028963414634146423,0.023034154090548098,0.03878521770947674
2016-08-04,0.026940974773451032,0.01333333333333342,0.029503105590062084,-0.0017611835153222843
2016-08-05,-0.003100405437634235,0.005847953216374213,-0.006787330316742168,-0.021877205363443952
2016-08-08,0.02918660287081365,-0.010174418604650959,0.0205011389521641,-0.008658008658008476
2016-08-09,-0.0058112505811250825,-0.011747430249632873,-0.00967261904761918,-0.0483988355167394
2016-08-10,-0.024783726911386528,-0.03343239227340278,-0.009767092411720468,-0.020650095602294583
2016-08-11,0.04267561735794767,0.046887009992313766,0.0508345978755691,-0.003904724716907393
2016-08-12,0.022993791676247488,0.0066079295154184425,0.017328519855595692,0.013720109760877897
2016-08-15,0.028096201393571496,0.021881838074398363,0.02909865152590485,0.0015467904098993568
2016-08-16,0.018364669873196293,0.01570306923625986,0.0075862068965517615,0.010424710424710382
2016-08-17,0.004508372692142659,0.01967673928320446,0.019164955509924697,0.0007642338555597927
2016-08-18,0.030562085915794013,0.026878015161957203,0.02484889187374062,0.021000381825124093
2016-08-19,0.006221484861053561,0.015436241610738088,-0.003931847968545177,-0.03365744203440535
2016-08-22,-0.030296784830997625,-0.019167217448777252,-0.022368421052631593,0.03676470588235281
2016-08-23,0.022316684378321128,0.010107816711590445,0.010767160161507361,0.0306084359835761
2016-08-24,-0.027650727650727625,0.007338225483655592,-0.003994673768308976,0.012676566461427008
2016-08-25,0.011973487278169603,0.0006622516556291647,0.008689839572192382,0.0178826895565094
2016-08-26,0.006549757025142711,0.001323626737260053,-0.007952286282306043,0.008784258608573348
2016-08-29,-0.01385390428211597,-0.030403172504956943,-0.00734802939211765,-0.00626959247648895
2016-08-30,-0.013409961685823646,-0.012951601908657184,-0.010094212651413081,-0.009113214160532901
2016-08-31,-0.035598705501618144,-0.024861878453038666,-0.04146838885112181,0.021223912274495937
2016-09-01,-0.034451901565995646,-0.09915014164305946,-0.019858156028368823,-0.03290613093176309
2016-09-02,0.029657089898053712,0.02358490566037741,0.02026049204052094,0.0
2016-09-06,0.008775877587758885,0.010752688172043001,-0.0007092198581559739,-0.026862464183381007
2016-09-07,0.01494534909658718,0.022796352583586588,0.012775017743080319,-0.015090172984909778
2016-09-08,0.046593406593406606,0.052748885586924255,0.03854239663629988,0.04857997010463366
2016-09-09,-0.03653926921461559,-0.03952011291460833,-0.03508771929824561,-0.0032074126870990094
2016-09-12,0.008936355710549293,0.021307861866274758,0.008391608391608463,0.0421880586342509
2016-09-13,-0.030028083819399476,-0.00935251798561143,-0.013176144244105292,-0.002058319039451195
2016-09-14,-0.029398663697104643,-0.010893246187363759,-0.02881236823612099,-0.006875214850464051
2016-09-15,0.007572280862780945,0.04992657856093974,0.02460202604920414,0.01315334025614412
2016-09-16,-0.02004099294010464,0.02237762237762242,-0.007768361581920846,0.007174581482746856
2016-09-19,0.006274692075296295,-0.028043775649794767,-0.007829181494662052,-0.004748982360922582
2016-09-20,0.0032332563510393264,-0.039408866995073955,0.007890961262553953,0.03851397409679613
2016-09-21,0.04373848987108664,0.02490842490842482,0.017081850533807952,0.003281916639317206
2016-09-22,0.021614468460520397,0.0021443888491778917,0.017494751574527623,-0.021916912005233824
2016-09-23,-0.039723661485319584,-0.01783166904422251,-0.03232462173314987,-0.01170568561872909
2016-09-26,0.03259892086330951,0.018155410312272968,0.029850746268656803,0.014213197969543012
2016-09-27,-0.02743305029392551,-0.005706134094151216,-0.0269151138716357,-0.0003336670003336595
2016-09-28,0.05327960599955217,0.06025824964131998,0.057446808510638325,-0.01468624833110821
2016-09-29,0.016578108395324254,-0.007442489851150147,0.012743125419181656,0.002371273712737265
2016-09-30,0.008572025925151605,0.013633265167007469,0.01192052980132452,-0.017911456573166618
2016-10-03,0.011815920398009938,-0.01075991930060527,0.0163612565445026,0.0058499655884376445
2016-10-04,-0.0024585125998771717,0.01971447994561526,0.0006439150032195862,0.014026684912760823
2016-10-05,0.023413431916204486,-0.004666666666666597,0.018018018018018056,0.02597840755735481
2016-10-06,0.012241621513144674,0.0033489618218351946,0.008849557522123908,0.002630713581058819
2016-10-07,-0.01249008723235523,-0.010680907877169576,-0.0106516290726818,0.04722859954083303
2016-10-11,0.0196747641035937,0.0006747638326587424,0.005066497783407176,0.013780144065142608
2016-10-12,-0.012010238235873216,-0.014160485502360154,-0.012602394454946486,-0.008341056533827662
2016-10-13,0.005181347150259086,0.013679890560875485,0.008296107211231751,0.040809968847351996
2016-10-14,-0.001784298176050636,0.00809716599190291,-0.008227848101265867,-0.016761448668063506
2016-10-17,-0.008142999006951368,-0.0013386880856760541,-0.00701978302488826,-0.012480974124809752
2016-10-18,0.007008410092110617,0.009383378016085908,0.00835475578406153,0.005856966707768141
2016-10-19,0.026048916285543955,0.005312084993359889,0.012109623964308591,-0.028501379098988644
2016-10-20,-0.022674418604651247,-0.013210039630118908,-0.017632241813602012,-0.00914826498422705
2016-10-21,0.008328375966686563,0.024765729585006557,0.008974358974358942,-0.04711875198981219
2016-10-24,-0.006489675516224147,-0.017635532331809256,0.003811944091486552,-0.05412629468760444
2016-10-25,-0.011084718923198733,-0.0019946808510639125,-0.010759493670886133,-0.020134228187919434
2016-10-26,-0.015612489991993606,-0.011992005329780064,-0.007677543186180413,-0.015501081470800315
2016-10-27,0.010980073200487883,0.0026972353337828547,0.012250161186331487,0.012083485902599778
2016-10-28,-0.020514883346741675,-0.012104909213180859,-0.017834394904458595,0.12337192474674397
2016-10-31,-0.03778234086242305,-0.01293396868618113,-0.02983138780804151,-0.02544283413848636
2016-11-01,-0.0040546308151941934,0.02344827586206888,0.014037433155080103,-0.04097818902842021
2016-11-02,-0.028497964431112077,-0.02425876010781669,-0.032959789057349864,-0.037904893177119314
2016-11-03,-0.014997794441994006,-0.015883977900552404,-0.00613496932515345,-0.008237822349570045
2016-11-04,-0.01321092700403037,-0.03228070175438602,-0.019204389574760006,-0.0007222824124233362
2016-11-07,0.018606761969593766,-0.00580130529369105,0.007692307692307887,0.017708709794000743
2016-11-08,0.002004900868790349,-0.0014587892049598983,0.0,-0.06498579545454541
2016-11-09,0.006447309915518229,-0.00876552227903582,0.0,0.021648309912647212
2016-11-10,-0.013474707311685541,-0.014001473839351464,-0.002775850104094424,-0.02156133828996276
2016-11-14,-0.030004478280340252,-0.04484304932735428,-0.03549060542797511,0.044452887537993924
2016-11-15,0.05747922437673125,0.04460093896713602,0.0418470418470418,-0.014550745725718461
2016-11-16,-0.0052390307793058755,-0.011985018726591745,-0.006232686980609303,0.020302694721299197
2016-11-17,-0.003291639236339683,0.0181956027293404,0.00836236933797907,-0.02206946454413894
2016-11-18,0.00594451783355332,-0.0029784065524943726,0.007601935038009655,0.05179430262671114
2016-11-21,0.03939592908732781,0.04331590739357738,0.045953360768175466,0.03763629968343296
2016-11-22,0.01137081490840175,0.009305654974946176,0.0006557377049181135,0.010847457627118695
2016-11-23,-0.0014574224443056893,0.008510638297872353,-0.005897771952817932,0.014755197853789204
2016-11-28,-0.01834862385321101,-0.006329113924050556,-0.002636783124588038,0.06807666886979535
2016-11-29,-0.03929481733220053,-0.02547770700636942,-0.03304692663582276,0.02568069306930676
2016-11-30,0.09307981428255596,0.08278867102396514,0.0738209159261789,0.011161387631975828
2016-12-01,0.03276699029126218,0.037558685446009266,0.04901336728198591,0.045644391408114604
2016-12-02,0.012142577359968598,0.007756948933419494,0.0060679611650484855,-0.0196861626248217
2016-12-05,0.002128482972136192,-0.0006414368184732844,-0.0006031363088057073,0.06344586728754376
2016-12-06,-0.016605522301602615,-0.014120667522464658,-0.011466505733252919,-0.0051997810618500395
2016-12-07,-0.022776359709404947,-0.01822916666666663,-0.012210012210012056,-0.008803301237964134
2016-12-08,0.021498894916616385,-0.0019893899204245225,0.0049443757725586845,0.025534276991395988
2016-12-09,0.012981904012588474,0.0013289036544850141,0.006765067650676526,0.013802435723951234
2016-12-12,0.02582524271844666,0.023888520238885214,0.02138057422113615,-0.06380138814735714
2016-12-13,0.0028392958546279434,0.005184705119896327,0.0017942583732057926,-0.009409751924721932
2016-12-14,-0.03661759154397881,-0.011605415860735047,-0.018507462686567222,0.01899827288428324
2016-12-16,0.0168495297805642,0.015655577299412915,0.017031630170316392,-0.035310734463276816
2016-12-19,0.004238921001926688,0.004495825305073975,-0.0017942583732056816,-0.0067349926793558446
2016-12-20,0.002110514198004676,0.019181585677749302,0.0,-0.03803066037735847
2016-12-21,0.004977982002680514,0.007528230865746499,-0.017375674056321233,0.08550413729696604
2016-12-22,0.008763574014097886,-0.001245330012453305,0.01280487804878061,-0.0011293054771315258
2016-12-23,0.0013220018885742313,0.013715710723191998,0.0012040939193256328,0.035048049745618925
2016-12-27,0.016597510373443924,0.016605166051660625,0.021647624774503882,0.027034407427635188
2016-12-28,0.0029684601113173503,0.01330913490623109,0.0,0.044934857750598356
2016-12-29,-0.005364409914909385,0.004179104477611828,0.002942907592701438,-0.03256997455470745
2016-12-30,-0.0009298865538405199,-0.010107015457788249,0.0,-0.02051551814834296
2017-01-03,-0.025874906924795216,-0.02582582582582582,-0.015845070422535135,-0.1066058002148228
2017-01-04,0.017771832600802506,0.01479654747225645,0.00954084675014899,-0.01803426510369699
2017-01-05,0.009387908374014264,-0.004860267314702349,0.0005906674542233148,0.0018365472910928382
2017-01-06,0.004278273809523947,-0.0024420024420024333,0.005312868949232552,0.0036663611365719273
2017-01-09,-0.03759955547323579,-0.038555691554467586,-0.038167938931297773,-0.055403348554033505
2017-01-10,-0.021939953810623525,-0.015276893698281335,-0.016483516483516425,0.05639703512729621
2017-01-11,0.02813852813852824,0.029734970911441616,0.025450031036623244,-0.016473459426479486
2017-01-12,0.014545454545454417,0.011299435028248705,0.014527845036319542,0.050248138957816435
2017-01-13,-0.012073193737030752,0.0006207324643079382,-0.014916467780429543,0.009746012994684028
2017-01-17,0.0021004391827381674,-0.007444168734491274,-0.0012113870381587066,-0.0020473822755191495
2017-01-18,-0.026676829268292623,-0.0318750000000001,-0.024257125530624646,-0.03223915592028137
2017-01-19,0.0056773688332028005,-0.009038089089735357,0.005593536357986428,0.019987886129618326
2017-01-20,0.020439945493478717,0.020195439739413734,0.017305315203955285,-0.04869358669833723
2017-01-23,0.006295307134681405,0.0006385696040867028,-0.011543134872417982,0.01217228464419473
2017-01-24,0.008151658767772574,0.00574345883854499,0.009219422249538978,0.011100832562442209
2017-01-25,-0.008085746521248605,-0.032994923857868064,-0.01887941534713755,0.016163464470875244
2017-01-26,0.019526066350710858,0.012467191601049699,0.01862197392923659,0.015006002400960394
2017-01-27,-0.011342506507995509,-0.010369410239792654,-0.013406459475929333,0.0026611472501478772
2017-01-30,-0.010156103065638522,-0.013752455795677743,-0.0074119827053736875,-0.04688882335594213
2017-01-31,0.0034201026030780124,0.013280212483399723,0.0031113876789048422,-0.03558168316831689
2017-02-01,0.02026131414504828,0.034731323722149376,0.038461538461538325,0.016361886429258954
2017-02-02,-0.006310319227913919,-0.029132362254591593,-0.01314217443249699,0.005997474747474696
2017-02-03,0.005416511019798342,0.013698630136986356,0.007869249394673261,-0.038908064010040655
2017-02-06,-0.01523314137098275,-0.028314028314028294,-0.018018018018018056,-0.0042442050277506915
2017-02-07,-0.015846066779852785,-0.014569536423841067,-0.00795107033639142,0.02622950819672143
2017-02-08,0.0032585777266629368,0.04368279569892475,0.008631319358816114,-0.0012779552715654896
2017-02-09,0.012609858616736691,0.010946555054732965,0.003667481662591676,0.004798464491362786
2017-02-10,0.01622641509433964,0.01273885350318471,0.014616321559074219,-0.03406558420885075
2017-02-13,-0.017266988488674362,-0.028301886792452935,-0.02340936374549818,-0.02966381015161501
2017-02-14,0.0051010768940109585,0.0012944983818770073,0.006760909649661917,-0.013247282608695676
2017-02-15,-0.0016917293233082997,0.0006464124111182912,-0.004273504273504258,0.0068846815834768815
2017-02-16,0.0047072114479382865,-0.014857881136950968,-0.0012262415695891704,-0.024273504273504165
2017-02-17,0.0007496251874061777,-0.0052459016393442415,0.004297114794352241,-0.0070077084793273015
2017-02-21,0.012359550561797716,-0.015161502966380969,0.0042787286063570296,-0.09527170077628788
2017-02-22,-0.00869404365519788,0.012717536813922292,-0.00791235544735247,0.010920436817472678
2017-02-23,0.016047770106363046,0.010575016523463265,0.016564417177914237,0.009645061728394966
2017-02-24,-0.008448117539026634,-0.00915631131458472,-0.0102595051297526,0.0038211692777989636
2017-02-27,0.0011113169105390064,0.011881188118811892,0.0,0.025123715264560476
2017-02-28,-0.0007400555041627843,-0.013698630136986245,-0.011585365853658436,0.03007797994801331
2017-03-01,-0.003332716163673366,0.10978835978835977,0.0018507094386182033,0.009012256669069796
2017-03-02,-0.022663942039754748,-0.020858164481525554,-0.027709359605911477,0.0017863522686674127
2017-03-03,0.01368561110055122,0.0060864272671941055,0.00949968334388851,0.008202567760342339
2017-03-06,-0.0024376523532719796,0.011494252873563093,0.006900878293600865,0.026176158471878264
2017-03-07,-0.0011278195488721998,0.004784688995215225,0.005607476635514086,-0.026542571527059633
2017-03-08,-0.053820097854723414,-0.016071428571428514,-0.03531598513011158,0.027266288951841355
2017-03-09,-0.019888623707239428,-0.01754385964912275,-0.01734104046242768,0.025163736642537238
2017-03-10,-0.016030844155844104,-0.014778325123152691,-0.016993464052287632,0.011432414256892898
2017-03-13,-0.0018560527943907168,-0.01187500000000008,-0.0019946808510639125,0.011635638297872397
2017-03-14,-0.014049586776859524,0.00189753320683117,-0.005996002664889977,-0.03450542228064413
2017-03-15,0.023889354568315202,-0.0006313131313131493,0.013404825737265424,0.014635806671204898
2017-03-16,-0.0022513303315595534,0.006948831332912242,-0.005291005291005346,-0.02650117410265007
2017-03-17,0.0006153846153846843,0.0031367628607277265,0.0033244680851063357,0.015851137146795313
2017-03-20,-0.011480114801148078,0.007504690431519689,0.0033134526176277213,0.03154681139755766
2017-03-21,-0.018249688925756846,-0.003724394785847296,-0.007265521796565477,0.017099638276882656
2017-03-22,0.014786649767638327,-0.0018691588785045843,-0.003992015968063756,-0.026511477529906236
2017-03-23,-0.007077435470441262,-0.0074906367041198685,-0.004676018704074858,0.013284623048821054
2017-03-24,0.005660377358490454,0.00943396226415083,0.005369127516778427,0.00819403474270719
2017-03-27,-0.00500312695434646,0.008722741433021763,0.0033377837116153053,-0.007802340702210642
2017-03-28,0.013408757594804088,0.009882643607164843,0.009314703925482393,0.014416775884665833
2017-03-29,0.02356832747570814,0.022629969418960227,0.01713909030982208,0.025516795865633046
2017-03-30,0.016966269440517046,0.005382775119617378,0.009721322099805585,0.005039370078740113
2017-03-31,0.0049652432969216065,0.01130279595478867,0.010269576379974277,-0.0003133813851456946
2017-04-03,-0.007114624505928813,-0.003529411764705892,-0.006988564167725642,-0.019435736677115956
2017-04-04,0.015724522292993592,0.016528925619834656,0.01855406269993609,0.05274936061381075
2017-04-05,0.0023515579071133885,-0.004065040650406471,0.007537688442211143,-0.008199210446401484
2017-04-06,0.010752688172043001,0.008746355685131046,0.005610972568578454,0.019902020820575572
2017-04-07,0.010444874274661453,0.009248554913294793,0.00929944203347799,-0.021014710297208028
2017-04-10,0.01607963246554367,0.0068728522336769515,0.011670761670761642,-0.007053051211284966
2017-04-11,0.006028636021100153,0.0,0.0024286581663630624,-0.027177269919703595
2017-04-12,-0.005430711610486916,-0.009101251422070522,0.0006056935190792423,0.011746031746031615
2017-04-13,0.001318019205422738,-0.0040183696900114585,-0.001210653753026647,0.01255098839033586
2017-04-17,-0.009966152688980823,-0.008645533141210415,-0.010303030303030258,-0.019832661915091476
2017-04-18,-0.004558404558404616,-0.005232558139534826,-0.006736068585425525,-0.005690799873537711
2017-04-19,-0.037588246517840096,-0.030391583869082472,-0.025277435265104953,0.012718600953895098
2017-04-20,-0.0033703409992068556,0.00723327305605781,-0.0012650221378873727,-0.008163265306122547
2017-04-21,-0.01293017704396271,-0.015559545182525447,-0.01646611779607343,-0.018360240582462772
2017-04-24,-0.007859733978234584,-0.014589665653495398,-0.006439150032195751,-0.011286681715575675
2017-04-25,0.006703229737964778,0.0012338062924119875,0.0012961762799741372,-0.007501630789301883
2017-04-26,0.001210653753026536,-0.020332717190388094,-0.00517799352750814,0.03253368386460731
2017-04-27,-0.013099556630390974,-0.02515723270440251,-0.01951854261548469,0.030872056015276872
2017-04-28,0.007351439656932746,-0.001290322580645209,-0.001990710019907027,0.011423278789749913
2017-05-01,-0.009933103588080194,-0.013565891472868352,-0.010638297872340385,-0.018620268620268554
2017-05-02,-0.024160524160524277,-0.008513425016371867,-0.013440860215053752,-0.0062208398133748455
2017-05-03,0.003357112882920843,0.013210039630118908,0.004087193460490468,0.010328638497652642
2017-05-04,-0.048097030531158436,-0.03455019556714467,-0.042062415196743586,-0.013011152416356975
2017-05-05,0.01537785588752194,0.01620526671168121,0.01770538243626074,0.025109855618330235
2017-05-08,0.004543487667676427,0.008637873754152814,0.013221990257480831,-0.028781383955909345
2017-05-09,-0.011845789360327319,-0.01844532279314892,-0.009615384615384581,0.01733921815889028
2017-05-10,0.03160418482999128,0.033557046979865834,0.02288488210818307,0.020142547257514742
2017-05-11,0.010564124234101024,0.014285714285714235,0.010169491525423568,0.025516403402187082
2017-05-12,0.00020907380305268397,0.008962868117797784,0.002013422818792021,0.014218009478673022
2017-05-15,0.02111204013377921,0.012055837563451632,0.011386470194239662,-0.021904205607476523
2017-05-16,-0.0038894575230298267,0.005642633228840177,0.003973509933774766,-0.035532994923857975
2017-05-17,0.008425811755035095,-0.0006234413965088281,0.011873350923482962,-0.0117647058823529
2017-05-18,0.005706134094151327,0.0018714909544603753,0.007170795306388422,-0.0031328320802005427
2017-05-19,0.019858156028368823,0.028642590286425795,0.02459546925566336,0.023255813953488413
2017-05-22,0.007947546195112176,0.006658595641646503,0.012002526847757489,0.022727272727272707
2017-05-23,0.014587029371180726,-0.0012026458208057589,0.003121098626716501,-0.03333333333333344
2017-05-24,-0.0021371672819118226,-0.004816375677302864,-0.000622277535780924,-0.003106554830692665
2017-05-25,-0.04789719626168221,-0.02661826981246218,-0.03424657534246589,-0.007790588968526024
2017-05-26,0.018404907975460016,0.021131137352392804,0.007736943907156624,0.01633165829145722
2017-05-30,-0.0028112449799196915,-0.002434570906877709,-0.00895713371721052,-0.028121137206427727
2017-05-31,-0.026983487716471966,-0.016473459426479486,-0.021949644932214407,-0.0235294117647058
2017-06-01,0.0008278145695364003,-0.006823821339950409,-0.008580858085808551,-0.020514490394008544
2017-06-02,-0.01447477253928875,-0.01499063085571517,-0.01131824234354184,-0.002992021276595702
2017-06-05,-0.0054553084347460645,-0.024730500951173018,-0.017508417508417473,-0.0056685561853950794
2017-06-06,0.016666666666666607,0.011053315994798307,0.00479780671692942,0.02012072434607637
2017-06-07,-0.05125544718821329,-0.04115755627009632,-0.034106412005457054,-0.007232084155160967
2017-06-08,-0.0017497812773402677,0.0006706908115357013,0.004237288135593209,0.0026490066225166586
2017-06-09,0.004163014899211115,0.006702412868632823,0.006329113924050667,0.003632760898282683
2017-06-12,0.005454942177612887,-0.009320905459387463,-0.004192872117400381,-0.0049358341559724295
2017-06-13,0.008246527777777901,0.008064516129032251,0.0161403508771929,-0.019179894179894075
2017-06-14,-0.037236332328885124,-0.04466666666666663,-0.026243093922652005,-0.011126095751854526
2017-06-15,-0.006036217303822866,0.0020935101186321248,0.0035460992907803135,0.041936583702693486
2017-06-16,0.0062977957714800414,0.013231197771587766,0.008480565371024706,-0.0062172774869110325
2017-06-19,-0.0120697362539115,-0.0027491408934707806,-0.011212333566923638,-0.047085940072439825
2017-06-20,-0.021945701357466207,-0.01860785665058584,-0.01133947554925585,0.004492052522460321
2017-06-21,-0.016192458940550436,-0.009129213483145993,-0.021505376344086002,-0.004815961472308339
2017-06-22,0.004937691041617676,0.01700921332388372,0.00512820512820511,0.00034566194262031225
2017-06-23,0.006317267197005094,-0.0006968641114983853,0.0,0.012093987560469754
2017-06-26,0.00860265054638476,0.0034867503486750717,0.005830903790087216,0.03345851826561974
2017-06-27,0.019824804057169132,0.01459346768589298,0.02463768115942022,0.0033036009250082543
2017-06-28,0.011301989150090508,0.015753424657534376,0.013437057991513512,0.009878169245966406
2017-06-29,0.004246759052302096,0.0020229265003370855,0.009071877180739651,-0.008151287903488846
2017-06-30,0.024705096817271288,0.019515477792732216,0.020746887966804906,-0.002301117685732934
2017-07-03,0.022371850564726348,0.013201320132013139,0.025067750677506773,-0.027677100494233997
2017-07-05,-0.04121521138729545,-0.021498371335504807,-0.022471910112359383,-0.037614368010843835
2017-07-06,0.008641701750498498,0.01797603195739006,0.002028397565922768,0.016901408450704203
2017-07-07,-0.02833919156414777,-0.020274689339437435,-0.022941970310391357,-0.008310249307479256
2017-07-10,0.0038435451051324065,0.0020026702269693164,0.004143646408839796,0.022695530726257074
2017-07-11,0.01441441441441449,0.011325782811459018,0.015130674002751032,0.0402867872994197
2017-07-12,0.009991119005328564,0.0019762845849802257,-0.0013550135501354532,-0.020347883163767677
2017-07-13,0.012969883490877132,0.0032873109796187627,0.012211668928086894,-0.008040201005025116
2017-07-14,0.00998263888888884,0.022935779816513735,0.015415549597855183,0.0064167510976023134
2017-07-17,-0.011173184357541777,-0.002562459961563124,-0.009900990099009799,0.01342281879194629
2017-07-18,0.008257279443720122,0.014129736673089255,0.006666666666666599,0.02251655629139071
2017-07-19,0.01551724137931032,0.024065864471184417,0.02715231788079464,-0.007124352331606243
2017-07-20,-0.007003395585738481,-0.006802721088435271,-0.004513217279174642,-0.007501630789301883
2017-07-21,-0.021799529814062746,-0.02677459526774606,-0.018782383419689186,-0.02398948406178114
2017-07-24,0.012453572208870334,-0.0038387715930902067,0.0013201320132012473,-0.023905723905723986
2017-07-25,0.03344842468709541,0.025048169556840083,0.03427818061964416,0.015522593997930212
2017-07-26,0.017957820004176117,0.013157894736842035,0.016571064372211675,-0.006793478260869623
2017-07-27,0.005948717948717874,0.017316017316017396,0.005015673981191293,0.015389876880985032
2017-07-28,0.01366231647634586,0.018844984802431464,0.02308172177167811,-0.009430784776018886
2017-07-31,0.009253671293502297,0.017899761336515496,0.007317073170731714,-0.04998299897993874
2017-08-01,-0.020131552720749513,-0.02637749120750288,-0.006658595641646392,0.008947745168217613
2017-08-02,0.0087469487388121,-0.009632751354605618,0.010968921389396646,-0.0028378857750975817
2017-08-03,-0.011292599314377982,-0.007902735562310137,-0.012055455093429757,-0.003913198150124586
2017-08-04,0.01121762186416464,0.008578431372548989,0.006101281269066616,-0.00928571428571423
2017-08-07,-0.0038321903993545625,-0.009720534629404587,-0.005457853244390631,0.009733237202595557
2017-08-08,-0.0044543429844098315,-0.005521472392638005,-0.006707317073170627,0.007497322384862448
2017-08-09,0.007931665649786535,-0.0006169031462059937,0.014732965009208066,0.021615875265768913
2017-08-10,-0.019572235673930516,-0.010493827160493852,-0.01330913490623109,0.03537981269510926
2017-08-11,0.004733484256019604,0.006238303181534732,0.002452483139178341,-0.0006700167504186672
2017-08-14,-0.025194592380171965,-0.022318660880347174,-0.017737003058103884,-0.008045591686221876
2017-08-15,-0.0008405127127548706,0.0019023462270133518,-0.0037359900373599153,-0.00811084825954711
2017-08-16,-0.016193480546792816,-0.010126582278481067,-0.016249999999999987,-0.015332197614991494
2017-08-17,0.006626763574177019,0.014705882352941124,0.0050825921219821435,0.013494809688581189
2017-08-18,0.030155022297727596,0.023314429741650988,0.02402022756005051,-0.012290884260839907
2017-08-21,-0.023500309214594894,-0.024630541871921152,-0.030246913580247003,0.023850674040788222
2017-08-22,0.005699810006333239,0.004419191919191823,0.012730744748567835,-0.007765023632680612
2017-08-23,0.01616288832913515,0.017598994343180463,0.020741671904462633,-0.003742769649540678
2017-08-24,-0.02024375129105549,0.02779493514515119,-0.001847290640394128,0.0071721311475410054
2017-08-25,0.009276829011174215,0.0018028846153845812,0.0006169031462062158,-0.019328585961342792
2017-08-28,-0.027156883225402106,0.02699460107978391,0.00801479654747217,0.011410788381742698
2017-08-29,-0.0027914966716771072,0.04147196261682251,0.018960244648317914,0.012307692307692353
2017-08-30,-0.01033591731266148,0.05720695457094793,0.004801920768307433,-0.007429922323539229
2017-08-31,0.027632724107919948,0.13527851458885953,0.05017921146953408,0.0343654304185097
2017-09-01,0.0012703789964005896,-0.18317757009345803,-0.006257110352673401,0.009868421052631415
2017-09-05,0.028970183971241292,-0.02803203661327225,0.0005724098454493731,-0.0319218241042345
2017-09-06,0.01027538018906693,-0.015303119482048322,0.006864988558352492,0.009421265141319024
2017-09-07,-0.001423921887713453,-0.0071727435744172174,0.014772727272727382,-0.006333333333333413
2017-09-08,-0.032796903646364006,-0.007826610475617168,-0.011198208286674172,-0.030526668903052556
2017-09-11,0.012426284751474448,-0.007888349514563076,-0.013023782559456354,0.02076124567474058
2017-09-12,0.003328479301019316,0.01284403669724754,-0.0011474469305794432,0.017288135593220177
2017-09-13,0.022185361808003234,-0.005434782608695565,0.01608271108558279,0.018993668777074202
2017-09-14,0.011967545638945198,-0.010928961748633892,0.005087620124364145,0.003924133420536213
2017-09-15,0.0,0.0202578268876612,0.011811023622047223,-0.014983713355048778
2017-09-18,0.0004008819402685493,0.004211793020457266,-0.010561423012784843,0.04034391534391535
2017-09-19,-0.00861550791424559,-0.008388256440982622,-0.003932584269663031,-0.0076287349014622086
2017-09-20,0.01879547291835082,0.0,0.01917653694303434,-0.008968609865470878
2017-09-21,0.002777226740726002,-0.0066465256797584304,0.004427227448810189,-0.04783451842275366
2017-09-22,0.0021760633036598254,0.014598540145985384,0.000550964187327807,0.004412763068567527
2017-09-25,0.030793525463876925,0.03237410071942448,0.022026431718061623,-0.013518080432578627
2017-09-26,-0.006510915358100222,-0.013356562137049943,-0.00592672413793105,-0.00034258307639600805
2017-09-27,0.005011565150346842,-0.026486168334314386,0.0005420054200542257,0.01919122686771768
2017-09-28,-0.011123897199846522,-0.013301088270858519,-0.007583965330444253,0.014458641560188168
2017-09-29,0.0021334367726919545,-0.015318627450980338,-0.01091703056768556,-0.0033145508783558597
2017-10-02,-0.02109541319914854,-0.032358431860609826,-0.024834437086092787,-0.030262720319255143
2017-10-03,-0.00316330565440881,0.0070739549839229365,-0.009054895302773036,-0.007201646090534974
2017-10-04,-0.008726695755652658,0.00957854406130254,0.013135351227869796,0.015544041450777257
2017-10-05,0.016206482593037252,0.018975332068311257,0.006764374295377573,-0.005782312925170063
2017-10-06,-0.02953337271116363,-0.03227808814401001,-0.023516237402015694,-0.02052685596989401
2017-10-10,0.03306958815175487,0.021167415009621715,0.012041284403669694,0.009779951100244544
2017-10-11,0.00746268656716409,0.010678391959799027,0.011898016997167193,-0.0006918021445867506
2017-10-12,-0.013645224171539905,-0.01615910503418272,-0.011198208286674172,0.034614053305642045
2017-10-13,0.01679841897233203,0.024636765634870494,0.017553793884484747,0.0036801605888256983
2017-10-16,0.008163265306122325,-0.0030826140567201676,0.008903728436282732,-0.017999999999999905
2017-10-17,0.00019278966647395812,0.008039579468150926,-0.001654715940430207,0.005431093007467691
2017-10-18,0.0030840400925211675,0.007975460122699563,-0.003867403314917195,-0.036461850101283
2017-10-19,-0.014411990776325934,0.00121728545343891,-0.014420410427065988,0.006657323055361042
2017-10-20,0.0035094560343147396,0.020060790273556117,0.015756893640967995,0.01461886529759826
2017-10-23,0.008354381192927862,0.0,-0.009418282548476431,0.026072041166380844
2017-10-24,0.01098265895953765,0.022646007151370773,0.019015659955257336,-0.005683717820126999
2017-10-25,-0.00552696779111872,0.011072261072261114,-0.002195389681668547,-0.01849361129791527
2017-10-26,0.008815638175546203,0.009221902017291006,0.013201320132013139,-0.009934909215484677
2017-10-27,0.02393617021276584,0.010279840091376391,0.01357220412595006,-0.04775086505190318
2017-10-30,0.004638218923933124,-0.002826455624646673,0.005891805034815123,0.07776162790697683
2017-10-31,0.004247460757156096,0.009070294784580435,0.0037273695420660946,-0.023600809170600257
2017-11-01,-0.0014711290915778719,-0.021910112359550538,-0.011671087533156488,-0.001035911602209949
2017-11-02,0.0044198895027625085,0.016657093624353747,-0.004830917874396046,0.01451780159004512
2017-11-03,0.020168683535020104,0.012994350282485856,0.017799352750808906,0.016695059625212894
2017-11-06,0.030733285406182587,0.020635805911879634,0.029146793852676156,0.050268096514745286
2017-11-07,-0.0026155187445510153,-0.00819672131147553,-0.01029866117404743,0.00574345883854499
2017-11-08,-0.006818181818181834,0.0033057851239668423,0.0,0.007296954314720772
2017-11-09,0.006336912515402249,-0.000549148819329992,0.013007284079084247,0.007874015748031704
2017-11-13,-0.007171593493090822,-0.014835164835164893,-0.007704160246533198,-0.010312500000000058
2017-11-14,-0.01867512332628607,-0.01784718349135528,-0.012939958592132483,-0.020524155352068196
2017-11-15,-0.006642728904847517,-0.012492901760363329,0.001048767697954922,-0.007092198581560183
2017-11-16,-0.0034339418037230285,-0.014376078205865506,-0.0036668412781561965,-0.008766233766233755
2017-11-17,0.025571273122959592,0.01808634772462092,0.023659305993690927,0.01441205371765486
2017-11-20,-0.008134394341290818,-0.0005730659025788842,-0.007704160246533198,-0.016144656118824652
2017-11-21,0.013193082545908341,0.01662844036697253,0.0020703933747412417,-0.009845749917952173
2017-11-22,0.020939644553932935,-0.0028200789622109257,-0.0015495867768594573,-0.016241299303944245
2017-11-27,0.0015511892450879028,0.0118778280542986,0.007759958613553941,-0.013477088948787075
2017-11-28,-0.0020650490449147796,-0.00950251537171598,0.0015400410677619547,0.04986338797814205
2017-11-29,-0.01189860320744962,-0.023137697516929956,-0.01486417221937475,0.03415744957709821
2017-11-30,0.0017452006980802626,-0.0017331022530330253,-0.015088449531737713,-0.04844290657439443
2017-12-01,0.01672473867595814,0.00810185185185186,0.02535657686212356,0.011900826446280988
2017-12-04,-0.015250171350239872,-0.028702640642939148,-0.02369912416280273,-0.02482848742241095
2017-12-05,0.002610057421263301,0.015366430260047359,0.010026385224274348,-0.02378559463986596
2017-12-06,-0.028809441166261607,-0.03317811408614668,-0.02769070010449315,0.0027453671928621137
2017-12-07,0.013045032165832637,0.023479831426851172,0.01934443847393874,-0.054414784394250626
2017-12-08,0.011818662903510413,0.010000000000000009,0.016868740115972614,0.0032573289902280145
2017-12-11,0.010983263598326465,0.0058241118229469535,0.011404872991187087,0.020202020202020332
2017-12-12,-0.014657699603379926,-0.016792125072379926,-0.008713480266530071,-0.05304101838755304
2017-12-13,-0.009450472523626186,-0.030035335689045928,-0.015511892450879028,0.013816280806572045
2017-12-14,0.007773851590106018,0.014571948998178597,0.0031512605042016695,-0.011418047882136184
2017-12-15,0.004558204768583485,-0.00957510472770795,-0.003141361256544517,-0.026825633383010472
2017-12-18,-0.00244328097731239,0.010876132930513593,0.011029411764705843,0.0509188361408881
2017-12-19,0.005248425472358376,0.014345487148834435,0.007792207792207684,-0.01930783242258649
2017-12-20,0.010964148973198862,0.022392457277548683,0.0020618556701030855,-0.020430906389301673
2017-12-21,0.004647960061972656,0.007492795389048901,0.0030864197530864335,-0.014789533560864654
2017-12-22,0.001884852638793788,0.008009153318077722,0.009743589743589798,0.02655889145496526
2017-12-26,0.025654181631606043,0.014188422247445986,0.03555104113763341,-0.008998875140607487
2017-12-27,-0.005502751375687787,0.002797985450475826,0.0004904364884747991,0.0359440030268634
2017-12-28,0.0033534540576793948,0.0005580357142855874,0.00588235294117645,0.06428049671292912
2018-01-02,0.008856951871657692,-0.01673173452314558,0.0029239766081869956,0.04873026767330124
2018-01-03,0.02087129368891838,0.0192853091321612,0.014577259475218707,-0.015706806282722474
2018-01-04,0.006165828330358503,0.005564830272676735,-0.005268199233716575,-0.042553191489361764
2018-01-05,-0.009192065795839421,-0.011621472053126691,-0.00866634569090019,-0.02951388888888884
2018-01-08,0.004720052083333259,0.0033594624860022737,-0.006799417192812185,0.014311270125223707
2018-01-09,0.01992548193746968,0.024553571428571397,0.010268948655256738,0.031040564373897794
2018-01-10,0.00968869123252869,-0.0016339869281046804,0.007260406582768608,-0.005815942524803219
2018-01-11,0.0036180588327827667,0.0021822149481725006,-0.001922152811148492,0.061252580867171336
2018-01-12,0.00783699059561127,0.007076755579749738,0.003851709195955788,0.03761348897535677
2018-01-16,-0.008864696734059097,-0.006486486486486531,-0.010551558752997514,-0.022187500000000027
2018-01-17,0.0037658873372039547,0.01088139281828071,0.002908385845855399,0.032917865132630286
2018-01-18,-0.00031264655307172706,0.01399354144241105,-0.003383276945384317,-0.013304455445544594
2018-01-19,-0.009069585613760811,-0.010615711252653814,-0.0019398642095053154,-0.0012543116964566225
2018-01-22,0.0018936405239073917,0.008583690987124415,-0.0004859086491738607,0.01224489795918382
2018-01-23,0.015435501653803696,0.015425531914893709,0.01409820126397654,0.06823821339950364
2018-01-24,0.017682643089809158,0.0036668412781559745,0.009587727708533,0.018873403019744384
2018-01-25,-0.001524157902758616,-0.0005219206680584509,0.00427350427350448,-0.017668851524650808
2018-01-26,0.00961685238894816,0.01201044386422967,0.0099290780141843,0.016826225703510334
2018-01-29,-0.008769277290595734,-0.001547987616098978,-0.014513108614232273,0.03594864479315252
2018-01-30,-0.016168395363026278,-0.02067183462532296,-0.015676959619952413,-0.12007711374277052
2018-01-31,0.0035658914728682323,0.0068601583113456766,-0.0014478764478764727,-0.06259780907668222
2018-02-01,0.01653020237911318,-0.0062893081761006275,0.010149830836152729,-0.046410684474123665
2018-02-02,-0.005319148936170137,-0.012658227848101111,-0.017224880382775143,-0.003501400560223966
2018-02-05,-0.019862490450725745,-0.013354700854700918,-0.016553067185978487,-0.034785664089950874
2018-02-06,-0.01184723304754487,-0.022739577693557167,-0.017326732673267342,0.004368401892974161
2018-02-07,-0.025240574223063583,-0.02160664819944591,-0.02720403022670026,-0.020659659296846655
2018-02-08,-0.010357663052273813,-0.0005662514156286047,-0.005178663904712555,-0.0018504811250924513
2018-02-09,-0.031888798037612354,-0.03682719546742208,-0.034357105674128086,-0.041898405635891756
2018-02-12,0.0015202702702701298,-0.012352941176470567,-0.008625336927223781,-0.012383900928792602
2018-02-13,-0.0016866250632484592,0.003573555687909513,-0.0010875475802066825,0.016457680250783646
2018-02-14,0.023821591485048144,0.016617210682492667,0.025585193249863858,-0.002698535080955966
2018-02-15,0.012211221122112148,0.013426736719206023,0.00424628450106157,-0.0027058368766912366
2018-02-16,0.005542875774372291,0.008640552995391682,0.009513742071881603,-0.00852713178294584
2018-02-20,0.003566796368352776,-0.0005711022272986144,0.009424083769633551,0.022673964034402028
2018-02-21,-0.003554119547657497,0.0040000000000000036,0.0020746887966804906,0.016437308868501477
2018-02-22,0.017671854734111703,0.00512236767216856,0.010869565217391353,-0.00940203083866109
2018-02-23,0.01242631830492269,0.024348810872027116,0.008192524321556593,-0.003416856492027276
2018-02-26,0.0056648308418567606,0.00995024875621886,0.008633824276282231,0.00533333333333319
2018-02-27,-0.014082303238929672,-0.013136288998357948,-0.011581067472306139,0.016672982190223617
2018-02-28,-0.021742580542770895,-0.024958402662229595,-0.02496179317371383,-0.005963473723443857
2018-03-01,-0.010545100584036349,0.0784982935153582,-0.014629049111807735,0.011623547056617944
2018-03-02,0.004262993933431769,0.002637130801687926,-0.0031813361611876534,-0.0011119347664937385
2018-03-05,0.021551020408163257,0.01788532351394001,0.0090425531914895,0.0033395176252319914
2018-03-06,0.00047946300143841825,-0.001033591731266159,0.003162888771744754,0.01664201183431957
2018-03-07,-0.02316293929712465,-0.01189860320744962,-0.014713610089332696,0.010185522008002934
2018-03-08,-0.01684382665576456,-0.021989528795811397,-0.008533333333333393,-0.00756211739287016
2018-03-09,0.031936127744510934,0.01927194860813697,0.015061861215707406,-0.008708272859216049
2018-03-12,-0.010960670535138606,-0.005252100840336116,-0.011658717541070507,0.01683748169838939
2018-03-13,-0.010593220338983023,-0.004223864836325197,0.004825737265415686,0.0028797696184306165
2018-03-14,0.004117937736781485,0.020148462354188768,0.006937033084311484,-0.019741564967695635
2018-03-15,0.003772965879265122,0.0005197505197505059,0.0031796502384737746,-0.018308311973635916
2018-03-16,0.018793920575257417,0.010909090909090757,0.010036978341257274,0.0026109660574413773
2018-03-19,-0.004491498235482894,-0.010791366906474753,-0.0026150627615062483,-0.013764880952381042
2018-03-20,0.02159200773445047,0.02129870129870115,0.02254850550603038,0.009053187476423918
2018-03-21,0.027917981072555165,0.02339776195320442,0.027692307692307683,-0.013831775700934523
2018-03-22,-0.013349700782568696,-0.0009940357852883386,-0.005988023952095856,-0.00796057619408641
2018-03-23,0.02457231726283049,0.011940298507462588,0.013052208835341306,-0.009935040122277305
2018-03-26,-0.005009107468123886,-0.01179941002949858,-0.0014866204162535812,0.010420686993438677
2018-03-27,-0.004576659038901587,0.0019900497512437276,0.0034739454094290245,0.027883880825057217
2018-03-28,-0.01333333333333342,-0.0009930486593842103,-0.0034619188921858335,0.002601263470828785
2018-03-29,0.008698353525939728,0.0029821073558646827,0.006451612903225712,0.012972572275759875
2018-04-02,-0.029719741299661262,-0.025768087215064295,-0.023668639053254448,-0.018294914013904262
2018-04-03,0.007935248373273973,0.004069175991861629,0.007575757575757569,0.005218039508013472
2018-04-04,-0.0022043772634230407,0.001519756838905817,-0.009022556390977488,0.007786429365962189
2018-04-05,0.0026826574088685273,0.0025290844714211946,0.0,-0.015820456217807255
2018-04-06,-0.023292414227258362,-0.013622603430877844,-0.00961052099140114,0.009719626168224416
2018-04-09,0.02191427650660649,0.014833759590792805,0.019918283963227923,-0.0029618659755645815
2018-04-10,0.032954903815830994,0.02872983870967749,0.03405107661492224,-0.013739324173783873
2018-04-11,0.019996947030987533,0.013228809407153319,0.013559322033898313,0.007153614457831248
2018-04-12,0.0037413947919784363,-0.006286266924564798,-0.004300047778308613,0.00411214953271033
2018-04-13,0.004771134635455532,0.0048661800486617945,0.007677543186180413,0.01824274013402838
2018-04-16,-0.017361626354058468,-0.012106537530266248,-0.014285714285714457,0.006215722120658018
2018-04-17,0.0045303533675626895,0.0004901960784313708,-0.006280193236714915,-0.005087209302325535
2018-04-18,0.02931449188214086,0.013228809407153319,0.016528925619834878,0.00036523009495970093
2018-04-19,-0.0026288885643346305,0.004352030947775587,0.008608321377331363,-0.02884264330047448
2018-04-20,0.001317908917850108,0.009147809340394941,0.006638217164533167,0.02969924812030067
2018-04-23,0.0038022813688214363,0.013358778625954137,0.008478568064060221,0.0003650967506390046
2018-04-24,-0.013694638694638717,-0.01365348399246702,-0.006071929005137755,0.014963503649634946
2018-04-25,0.005169867060561106,-0.0023866348448688957,0.003759398496240518,0.001797914419273683
2018-04-26,0.002057310800881673,0.010526315789473717,0.011235955056179803,0.012562814070351758
2018-04-27,-0.0013198416190057793,0.007102272727272485,-0.004166666666666874,-0.01772421127259849
2018-04-30,0.006901615271659223,0.0009402914903620108,0.007438400743840168,-0.002887044388307447
2018-05-01,-0.019250401050021737,-0.019257867543447604,-0.030918320258421672,0.014115092290988063
2018-05-02,0.010111524163568975,-0.003831417624521105,0.010476190476190306,-0.017130620985010725
2018-05-03,0.007360518180479891,0.0038461538461538325,-0.004241281809613473,-0.010167029774872938
2018-05-04,0.018851380973257115,0.01245210727969348,0.01940369143398013,-0.0055025678650036935
2018-05-07,0.014486517498565776,0.009460737937559083,0.014391829155060432,0.011066027296200653
2018-05-08,-0.023610914746218015,-0.010777881911902432,-0.01235697940503444,-0.0032834731849689103
2018-05-09,0.030118737329858147,0.02652771198484105,0.027803521779425466,0.0018301610541726632
2018-05-10,0.0030924936744447518,0.010152284263959421,0.0022542831379621653,0.028132992327365658
2018-05-11,-0.009248878923766801,0.0,-0.00044984255510571725,-0.002842928216062579
2018-05-14,0.003677510608203649,0.005025125628140836,0.012601260126012592,0.01282965074839626
2018-05-15,0.004932356257046244,0.002272727272727204,-0.0004444444444443585,-0.002111189303307559
2018-05-16,0.0025241901556583013,0.020408163265306145,0.008892841262783557,-0.007404795486600779
2018-05-17,0.0,-0.0031111111111111756,0.005288673424415968,0.015630550621669625
2018-05-18,-0.002937473772555488,-0.004458314757021742,-0.006576063130206089,-0.0041972717733472775
2018-05-21,0.013468013468013407,0.010747872816838422,0.003530450132391838,-0.012996136283807469
2018-05-22,-0.0015227021040974398,0.005759858218874481,0.0026385224274405594,0.034875444839857606
2018-05-23,-0.004020518508248916,-0.00440528634361248,0.004385964912280826,0.0020632737276480295
2018-05-24,-0.01572939866369727,-0.011504424778761013,-0.010043668122270755,0.008922443376801592
2018-05-25,-0.040022627633998,-0.023724261414503123,-0.0251433612704014,-0.0003401360544217358
2018-05-29,-0.01694166175603995,-0.016964695093993565,-0.010859728506787292,-0.02177611432460025
2018-05-30,0.022178930016484077,0.018656716417910557,0.02104300091491318,0.003478260869565153
2018-05-31,-0.01715291013047926,-0.01098901098901095,-0.018369175627240275,0.023223570190641363
2018-06-01,-0.018347255369928428,-0.007870370370370527,-0.006846188954815036,0.003387533875338855
2018-06-04,-0.016106974623917414,-0.009799346710219314,-0.010569852941176516,-0.01080351114112088
2018-06-05,0.01189189189189177,-0.007540056550424112,-0.00510915002322343,-0.013651877133105783
2018-06-06,-0.012057387057386904,-0.017094017094017144,-0.007002801120448265,0.0020761245674740803
2018-06-07,0.01884752046964322,0.021739130434782705,0.024917724494593507,0.01174033149171283
2018-06-08,-0.0031842304776347197,0.0,-0.007339449541284404,-0.013651877133105783
2018-06-11,0.005476118040766753,-0.004728132387706974,-0.0013863216266174483,0.02041522491349479
2018-06-12,0.003933434190620311,-0.0071258907363420665,0.0004627487274408981,-0.003390979993217913
2018-06-13,0.00421940928270037,0.01674641148325362,0.010638297872340496,0.008166042871725177
2018-06-14,0.0037515006002399875,-0.015999999999999903,-0.01189931350114426,0.0006749915626054204
2018-06-15,-0.027358349529077564,-0.0325203252032521,-0.03334877257989788,0.01922428330522763
2018-06-18,0.012142637565324188,0.015818091942659374,0.021562050790608467,-0.023494374586366606
2018-06-19,-0.011845102505694816,-0.008272506082725228,-0.004690431519699945,-0.017282277194171525
2018-06-20,0.017673274934685734,-0.006869479882237406,-0.007068803016022418,0.022068965517241468
2018-06-21,-0.010268800966475311,-0.005928853754940677,-0.0175605125771241,0.003711201079622084
2018-06-22,0.046383887702166504,0.029324055666004156,0.026570048309178862,-0.010084033613445453
2018-06-25,-0.00729075532225143,-0.00917431192660556,-0.0117647058823529,-0.007470288624787713
2018-06-26,0.035987074030552346,0.011208576998050779,0.013809523809523716,0.005473828258638402
2018-06-27,0.0316177513114988,0.02843373493975898,0.022545796148426556,0.01939435182034699
2018-06-28,0.009483232545354658,-0.0004686035613870043,0.00045934772622868714,-0.01869158878504673
2018-06-29,0.00953029271613337,0.021565869667135473,0.014233241505968941,-0.0054421768707483276
2018-07-02,-0.002832097100472164,-0.03396053235429086,-0.023992756903576273,-0.021203830369357024
2018-07-03,0.00270489586150946,0.006175771971496324,0.0037105751391466324,0.002795248078266921
2018-07-05,-0.01618559482060966,0.005193578847969782,0.006931608133086797,-0.011498257839721249
2018-07-06,0.011790512750205595,-0.009394081728511083,-0.005048187241853963,0.007402185407120232
2018-07-09,0.0006775067750677266,0.018966334755808445,0.012915129151291449,-0.01049685094471664
2018-07-10,0.0035206499661477597,0.005118659841786943,0.011839708561020013,-0.014144271570014189
2018-07-11,-0.05033058966401305,-0.04583333333333339,-0.054455445544554504,0.014705882352941346
2018-07-12,-0.0007104290991758466,0.005337214944201918,0.010471204188481797,-0.011311417462000706
2018-07-13,0.009668704677946893,0.016891891891891886,0.004710315591144543,-0.01608866642831619
2018-07-16,-0.041543444585269707,-0.049833887043189584,-0.03703703703703709,0.0025436046511628785
2018-07-17,0.00029385836027029377,0.011988011988012026,0.00778967867575453,-0.006886553098948811
2018-07-18,0.009988249118684012,0.008884501480750373,0.009661835748792313,-0.006934306569343129
2018-07-19,0.010180337405468087,0.0,0.0,0.01764057331863289
2018-07-20,0.014396775122372585,0.012230919765166215,0.006698564593301537,-0.004333694474539573
2018-07-23,-0.03647459551518584,0.010633156114064901,0.0066539923954371805,-0.01305767138193692
2018-07-24,0.009279717189571324,0.002391200382592107,0.007082152974504208,0.004042631385519968
2018-07-25,0.01138353765323985,0.01288167938931295,0.00843881856540074,0.01573938506588579
2018-07-26,0.004473304473304518,0.01837023080546385,0.01208740120874019,0.0018018018018017834
2018-07-27,-0.013216491883350168,0.0,-0.010105649977032671,0.015107913669064832
2018-07-30,0.020963750181977048,-0.0009250693802034249,0.00742459396751749,-0.008858965272856123
2018-07-31,-0.019535149008983232,-0.014351851851851949,-0.017964071856287234,-0.005362888809438693
2018-08-01,-0.015997673065735962,-0.03945514325974642,-0.016416510318949418,-0.008626887131560013
2018-08-02,0.019213715637008466,0.011246943765281348,0.016690510252742152,0.021029731689630182
2018-08-03,-0.006815545243619492,-0.0009671179883946612,-0.002345215759850028,0.013139204545454586
2018-08-06,0.007592349248065622,-0.0004840271055178702,0.005641748942172065,0.002453557658604888
2018-08-07,0.0023185045645557345,0.018886198547215516,0.014025245441795287,0.012937062937062871
2018-08-08,-0.03223941014890852,-0.03992395437262364,-0.02443522360534811,0.01794960303762516
2018-08-09,-0.0019420376456527055,-0.00990099009900991,-0.001890359168241984,0.0020345879959309254
2018-08-10,0.012273611734770151,0.019500000000000073,0.01325757575757569,-0.0037225042301184397
2018-08-13,-0.006358125092414513,-0.011770475723393847,-0.0014018691588785215,-0.004755434782608647
2018-08-14,-0.0023809523809523725,0.009429280397022177,-0.0037435657463734673,0.009897610921501654
2018-08-15,-0.03028042959427213,-0.01819075712881013,-0.018318459370596618,-0.006421088205474823
2018-08-16,0.0069220119981538986,-0.005007511266900355,0.002870813397129357,-0.010884353741496655
2018-08-17,0.006874427131072558,-0.003019627579265216,0.000954198473282375,0.013067400275103225
2018-08-20,0.007889546351085075,0.01716304896516907,0.007626310772163913,-0.0016972165648337922
2018-08-21,0.013849164534095904,0.0014888337468981216,0.004730368968779652,0.013260795647738854
2018-08-22,0.007572383073496836,0.02477700693756213,0.020715630885122405,-0.008053691275167751
2018-08-23,-0.0004420866489832642,-0.004352030947775587,0.0032287822878227512,0.0027063599458727605
2018-08-24,0.013121037888839782,0.009227780475959069,0.012413793103448256,-0.01585695006747645
2018-08-27,0.0021827706635624278,0.005774783445620768,0.005903723887375145,-0.014055536510113154
2018-08-28,-0.004936837519965209,-0.005263157894736636,-0.0018058690744920947,-0.00834492350486793
2018-08-29,0.01430030643513791,0.01298701298701288,0.014020805065581232,0.015077138849930005
2018-08-30,0.01064595022298942,0.01804368471035156,0.00267618198037467,-0.007253886010362698
2018-08-31,-0.006405693950177982,0.0,-0.0031138790035587505,0.014613778705636626
2018-09-04,0.001002865329513103,-0.0699626865671642,0.006247211066488179,-0.03189300411522633
2018-09-05,-0.016459138399885553,-0.014543630892677961,-0.008869179600886956,-0.009918526390364835
2018-09-06,-0.013824214202561191,-0.007124681933842192,-0.011633109619686666,-0.008228980322003587
2018-09-07,-0.0002951158329643766,0.009738595592003962,0.004074241738343032,0.0014430014430013571
2018-09-10,-0.0030996309963098323,-0.005583756345177604,0.0,0.01008645533141217
2018-09-11,0.025318329878590395,0.0280755487493618,0.015329125338142457,0.008559201141226769
2018-09-12,0.016173285198556098,0.010427010923535374,0.002664298401421128,0.0003536067892504491
2018-09-13,-0.0252948699729999,-0.02063882063882061,-0.015057573073516295,-0.0042417815482502785
2018-09-14,0.005831753899985248,-0.011540391369794345,-0.006744604316546776,-0.017749378771743096
2018-09-17,-0.0011595883461370526,0.0035532994923859196,-0.0013580805794477513,0.016985905312612903
2018-09-18,0.013640980989696683,0.014162873039959445,0.013599274705349051,0.04228855721393021
2018-09-19,0.0181818181818183,0.007980049875311757,0.004919499105545455,-0.008523695874531168
2018-09-20,-0.004499437570303799,-0.002968827313211131,-0.00845571873609241,0.023383768913342484
2018-09-21,-0.0002824858757061177,0.0009925558312653404,-0.0008976660682227244,0.0003360215053762605
2018-09-24,0.018366770274088617,0.018839861179970274,0.02695417789757415,0.020490426603963607
2018-09-25,0.002774694783573839,0.006326034063260266,0.008311461067366688,0.014483212639894605
2018-09-26,-0.009822910902047677,-0.004352030947775587,-0.002169197396963307,-0.019792342634652793
2018-09-27,0.007684784127427902,0.011170471102476709,0.010000000000000009,0.011585567692816934
2018-09-28,0.015668330560177468,0.009125840537944407,0.01248385708136035,-0.015706806282722474
2018-10-01,0.027986348122866822,0.01285102332222765,0.023809523809523725,0.02859042553191493
2018-10-02,-0.000929614873837914,-0.0004699248120302313,0.0,0.023270846800258482
2018-10-03,0.015685231955336887,0.005171603196991059,0.01204318936877069,0.020214782059380987
2018-10-04,-0.027221567857610207,-0.017773620205799756,-0.015182601559294184,-0.020123839009287936
2018-10-05,0.0001345351809498574,-0.006666666666666821,-0.0033333333333332993,-0.006951026856240161
2018-10-08,-0.0006725854183481372,0.003835091083413289,0.0008361204013378476,0.03945275214762978
2018-10-09,0.009018710459011814,-0.008118433619866194,0.012531328320801949,-0.0003060912151821027
2018-10-10,-0.023879402347918743,-0.02744342802118438,-0.0119636963696369,0.005511328842620955
2018-10-11,-0.030066967336340067,-0.04306930693069311,-0.02630480167014626,-0.01887941534713755
2018-10-12,0.005213470480484705,0.00465597516813232,-0.004716981132075304,-0.01893234016139045
2018-10-15,0.006167647883375427,0.001029866117404632,0.0021542438604049696,0.025624802277760095
2018-10-16,0.0019504040122597655,0.016975308641975273,0.006018916595012858,-0.0009253547193091016
2018-10-17,-0.030172413793103425,-0.029337379868487612,-0.01239316239316235,0.025007718431614645
2018-10-18,-0.01577060931899632,-0.014590932777488241,-0.00692340977931627,-0.0367469879518072
2018-10-19,0.006846321922796772,0.012162876784769905,0.003050108932461937,0.016260162601626105
2018-10-22,0.0007233796296295392,-0.0036572622779519337,0.0069504778453519656,-0.03446153846153854
2018-10-23,-0.03961254879282916,-0.03670686942842161,-0.030198446937014567,0.02358189929891652
2018-10-24,0.005870841487279677,-0.008165487207403288,0.00177935943060481,-0.014321295143213009
2018-10-25,0.00763244537563601,-0.004939626783754147,0.01154529307282437,0.01137081490840175
2018-10-26,0.0038615773058072733,0.0011031439602868787,0.010974539069358968,-0.005309181761399051
2018-10-29,-0.008137298416925565,0.005509641873278293,-0.008250108554059943,0.0
2018-10-30,-0.012828162291169454,-0.01041095890410959,-0.010507880910682998,0.0006279434850862131
2018-10-31,-0.013145965548504113,-0.021040974529346612,0.0008849557522125906,0.023219328522121163
2018-11-01,-0.02480477721635288,-0.028846153846153855,-0.02696728558797523,-0.007359705611775569
2018-11-02,-0.008635578583765069,-0.005241700640652325,-0.012721490231712873,0.014519616929255408
2018-11-05,-0.0006335128286347746,-0.00936768149882905,0.010584445467096248,0.08617539585870904
2018-11-06,-0.014104595879556259,0.0011820330969267712,-0.0036429872495445936,-0.003364171572750263
2018-11-07,-0.0086802764828805,-0.02774498229043676,0.02239488117001831,0.0
2018-11-08,-0.016215339711366905,-0.0018214936247723523,-0.03084488153777376,-0.0033755274261603185
2018-11-09,-0.007911653205867841,-0.013990267639902632,0.0023062730627305683,0.04967541631385819
2018-11-12,-0.004319654427645703,0.009870450339296788,-0.007823285780027556,0.018553374563054614
2018-11-13,-0.07074920740864343,-0.057422113622480175,-0.04313543599257885,0.0826293558606126
2018-11-14,0.01005566528999835,0.01166558651976679,0.015996122152205583,0.17946842233601545
2018-11-15,0.0037333333333333663,-0.002562459961563124,-0.010496183206107013,-0.16518503204465573
2018-11-16,0.0,0.012845215157353929,0.0,0.05794947994056465
2018-11-19,0.005313496280552554,0.0038046924540267035,0.005785920925747368,0.10018726591760307
2018-11-20,-0.05866807610993652,-0.054958938723941864,-0.04602109300095869,-0.03765957446808521
2018-11-21,0.02245929253228529,0.010026737967914423,-0.01005025125628145,-0.015918638072076052
2018-11-23,-0.07706388431264877,-0.07941760423560551,-0.04771573604060919,-0.032127611772635345
2018-11-26,0.02399841332804442,0.03738317757009346,0.009061833688699394,-0.01392757660167121
2018-11-27,-0.0013558008909548835,-0.01524601524601521,-0.00369783412572644,0.003295668549905706
2018-11-28,-0.02463149728471692,-0.016185784658691138,-0.02545068928950145,0.10628812763960593
2018-11-29,0.023066215947504576,0.04077253218884125,0.0032644178454841466,-0.014634146341463428
2018-11-30,-0.010106899902818323,-0.009621993127147732,0.0010845986984815426,-0.00731812311665947
2018-12-03,0.0396622815629295,-0.006939625260235949,0.022751895991332427,-0.059193408499566225
2018-12-04,0.005665722379603277,0.008385744234800763,0.0068855932203391035,0.02719520626872529
2018-12-05,-0.006760563380281637,0.0020790020790020236,-0.006312467122567056,0.0026923939869869518
2018-12-06,-0.02647003214218191,-0.008990318118948792,-0.01641079936474321,-0.03177444618482894
2018-12-07,0.021751796465333095,0.036985345429169536,0.015069967707211918,0.03720822740929064
2018-12-10,-0.03060254704428811,-0.04508748317631217,-0.022269353128313796,0.012700534759358284
2018-12-11,0.012745098039215641,0.014799154334038,0.0016268980477223138,-0.030363036303630353
2018-12-12,-0.009680542110358181,-0.01388888888888895,0.0021656740660531693,-0.06149307919219427
2018-12-13,0.027956989247311714,0.04084507042253516,0.014046461372231311,-0.0029013539651838727
2018-12-14,-0.026245720806390205,-0.02976995940460081,-0.017048481619605815,-0.07201745877788546
2018-12-17,-0.025781249999999978,-0.01673640167364021,-0.009756097560975618,-0.07812908283250586
2018-12-18,-0.0729751403368083,-0.04184397163120568,-0.03995621237000546,0.08786848072562359
2018-12-19,0.02076124567474058,0.025906735751295207,0.029076396807297566,-0.029181865554976594
2018-12-20,-0.027966101694915313,-0.04617604617604609,-0.030470914127423754,-0.03837895866881369
2018-12-21,-0.006320836965998278,-0.00302571860816947,-0.009714285714285675,0.06502930505163262
2018-12-24,-0.06711998245229223,-0.05235204855842179,-0.040969417195614644,-0.09145702306079662
2018-12-26,0.08676228544556785,0.06485188150520416,0.04332129963898912,0.021920969137583013
2018-12-27,-0.03483340545218516,-0.019548872180451093,-0.032295271049596286,0.02794242167654515
2018-12-28,0.016139878950907738,0.016871165644171793,-0.007747318235995171,-0.09308072487644148
2018-12-31,0.0017648356496799966,-0.0015082956259426794,0.00960960960960966,-0.1099000908265213
2019-01-02,0.024884386698964978,0.0015105740181269312,0.011897679952409312,0.00612244897959191
2019-01-03,0.011817791147400225,0.018099547511312153,0.0241034685479129,-0.0043948613928330715
2019-01-04,0.01847526014015699,-0.001481481481481528,0.015499425947187007,0.03361629881154515
2019-01-07,0.011676396997498006,-0.005192878338278972,0.005087620124364145,-0.03285151116951379
2019-01-08,0.025968672712283647,0.01640566741237892,0.027559055118110187,0.0078125
2019-01-09,0.05182804339091995,0.04548789435069711,0.029556650246305383,0.005729693292888305
2019-01-10,0.004392666157372105,0.004210526315789442,0.013290802764486909,-0.0050268096514746174
2019-01-11,-0.019015021867275106,-0.02096436058700213,-0.01364113326337879,0.04378578646008768
2019-01-14,-0.020934289591006072,-0.02640970735189141,-0.014361702127659526,0.15876089060987408
2019-01-15,0.031676895664224825,0.03445747800586507,0.010253642741500313,-0.02506265664160412
2019-01-16,0.0038380349261177837,0.003543586109142405,0.012286324786324743,-0.033419023136246784
2019-01-17,-0.004588032880902371,0.009887005649717562,-0.005804749340369453,0.008569739952718702
2019-01-18,0.033224505473401056,0.016083916083916128,0.01698513800424628,0.02021681804863773
2019-01-22,-0.022862453531598437,-0.03509979353062642,-0.007828810020876764,-0.12693854106835156
2019-01-23,0.0009511128019783488,-0.011412268188302432,-0.006312467122567056,-0.019736842105263164
2019-01-24,0.009692132269099263,0.0014430014430013571,-0.0015881418740074649,0.03993288590604038
2019-01-25,0.010540184453227797,0.0007204610951010437,0.0031813361611876534,0.025492094223943162
2019-01-28,-0.031663252002234965,-0.04031677465802741,-0.0285412262156447,-0.08401510383889232
2019-01-29,0.025389497980380815,0.013503375843961107,0.03264417845484213,0.013397457918241207
2019-01-30,0.017257550178202852,0.022945965951147285,0.0,-0.032542372881355974
2019-01-31,-0.008113590263691628,-0.01374819102749636,-0.01001053740779767,-0.014015416958654492
2019-02-01,0.027328499721137822,0.05429200293470293,0.018094731240021256,-0.028429282160625458
2019-02-04,-0.012667390517553279,-0.003479471120389821,-0.003136434918975417,-0.027066569129480578
2019-02-05,-0.016495601173020624,-0.0041899441340782495,-0.004719454640797149,0.0007518796992480592
2019-02-06,0.006522549385016729,0.023141654978962256,0.007376185458377149,0.0
2019-02-07,-0.025365673023514113,-0.022618231665524458,-0.005753138075313746,-0.04169797145003751
2019-02-08,0.001519756838905817,0.014025245441795287,0.00420831141504463,0.012544100352802845
2019-02-11,-0.0058801213960546495,-0.018672199170124415,-0.00890518596123635,0.022841656987998338
2019-02-12,0.013165426445334916,0.005637773079633535,0.007928118393234707,0.017411052233156754
2019-02-13,0.015065913370998052,0.0266292922214435,0.01678028316727853,-0.042038690476190466
2019-02-14,0.00946196660482368,0.03003412969283259,0.017019082001031416,-0.0007766990291262488
2019-02-15,0.021687189854806332,0.04241219350563297,0.024340770791074995,0.02020987174504474
2019-02-19,0.00899442345745638,-0.005721551176096518,-0.012376237623762387,0.01409523809523816
2019-02-20,0.014797646639329587,0.021739130434782705,0.011528822055137722,-0.009767092411720468
2019-02-21,0.0007027406886859211,0.01001251564455563,0.008919722497522375,0.02314112291350523
2019-02-22,0.005266853932584192,-0.0018587360594796154,-0.0024557956777995216,0.0074156470152020315
2019-02-25,-0.031086273140062848,-0.040968342644320366,-0.027572624322993566,0.04379830695620157
2019-02-26,0.00036049026676288065,0.026537216828478982,0.012151898734177324,0.006699576868829382
2019-02-27,0.025945945945945903,0.030264817150063017,0.011505752876437958,-0.019614711033274945
2019-02-28,0.004917456972251433,-0.003059975520195768,0.0009891196834819205,0.004644515898535095
2019-03-01,-0.024816497728067155,0.06200122774708405,-0.011363636363636465,0.016714082503556327
2019-03-04,0.014157706093190114,0.01098265895953765,0.006496751624187835,-0.0006995452955578241
2019-03-05,-0.0005301289980562673,0.010291595197255532,0.0009930486593843213,0.009450472523625963
2019-03-06,-0.00601131541725608,0.012450481041313077,0.0,-0.014909847434119161
2019-03-07,0.00782639630024895,0.008943543879262217,-0.0014880952380953438,0.008799718409010948
2019-03-08,-0.010412989763501579,-0.0016620498614957624,-0.006458022851465461,-0.00034891835310535413
2019-03-11,0.01284109149277679,0.013318534961154205,-0.0030000000000000027,-0.032460732984293306
2019-03-12,0.0014086987145622842,-0.005476451259583848,-0.004012036108325012,0.0043290043290042934
2019-03-13,0.024441709161244995,0.02257709251101314,0.0030211480362538623,0.012931034482758674
2019-03-14,0.006007552351527723,-0.003769520732363918,-0.003514056224899531,0.012411347517730542
2019-03-15,-0.0015355741341067652,0.00432432432432428,-0.008564231738035333,-0.021015761821365997
2019-03-18,0.009740259740259827,0.013455328310010728,0.000508130081300795,0.019677996422182487
2019-03-19,-0.0010154002369268111,0.005310674455655917,0.010665312341289868,0.008421052631578885
2019-03-20,0.01355243096730474,0.01267828843106189,0.009045226130653283,-0.018789144050104456
2019-03-21,0.002507103459802762,0.0015649452269170805,-0.010458167330677282,0.00035460992907809796
2019-03-22,-0.015671890630210017,0.0031250000000000444,-0.010568696527428312,-0.024104927330733772
2019-03-25,-0.0037262872628726074,0.006230529595015577,0.007121057985757906,0.0007264802034143703
2019-03-26,0.019041142468548156,0.009287925696594534,0.005050505050504972,-0.005444646098003547
2019-03-27,-0.008842175508842143,-0.030674846625766916,-0.004522613065326531,-0.009854014598540184
2019-03-28,-0.001851540144756747,-0.008438818565400852,-0.004543160020191839,-0.0003685956505712351
2019-03-29,0.014165261382799388,0.008510638297872353,0.0005070993914808586,-0.018436578171091567
2019-04-01,0.024110409045560388,0.0015822784810126667,0.007602635580334471,0.017280240420736392
2019-04-02,0.016074037993180523,0.01579778830963674,0.010563380281690016,-0.008862629246676468
2019-04-03,-0.0019175455417065335,0.011404872991187087,-0.0009955201592831697,-0.002608047690014992
2019-04-04,-0.0057636887608069065,-0.0056381342901077325,0.002989536621823552,-0.012700784460216719
2019-04-05,0.015780998389693934,0.014948453608247592,0.014406358668653807,0.007945516458570001
2019-04-08,0.020925808497146647,0.00964956830878605,0.007345739471106727,0.016516516516516422
2019-04-09,-0.006521739130434967,0.005533199195171035,-0.005833738454059323,-0.0033234859675038697
2019-04-10,0.009846827133479286,0.03501750875437715,0.02102689486552567,0.00037050759540591116
2019-04-11,-0.015941804674199034,-0.018366360560657213,-0.010057471264367734,-0.013333333333333308
2019-04-12,0.004875747090280047,0.002954209748892156,0.0019351717464926033,-0.0015015015015015232
2019-04-15,-0.007669431835968132,-0.01227295041728027,-0.004828585224529336,-0.026315789473684292
2019-04-16,0.010252365930599305,0.00994035785288272,0.010189228529839944,-0.006949806949806847
2019-04-17,-0.004527712724433974,0.004921259842519676,-0.006243996157540788,-0.021384136858475955
2019-04-18,0.0037641154328733606,0.014691478942213676,0.0009666505558241223,-0.010727056019070202
2019-04-22,0.026562500000000044,0.02799227799227788,0.015934331240946342,0.013654618473895486
2019-04-23,0.00913242009132409,0.0009389671361503815,0.0066539923954371805,-0.02733755942947702
2019-04-24,-0.006184012066364986,-0.001407129455910039,-0.008970727101038523,0.0028513238289207266
2019-04-25,-0.010320230687509535,0.0014091122592767569,-0.00047641734159142857,0.021121039805036324
2019-04-26,-0.029289986198435813,-0.01454033771106944,-0.02240228789323151,0.020684168655529023
2019-04-29,0.003159557661927437,-0.008567348881484915,0.0019502681618721596,0.010522213561964255
2019-04-30,0.0064566929133857975,0.019203072491598583,0.012652068126520533,-0.006941766293868001
2019-05-01,-0.0048505711156312525,-0.027790861987753268,0.006246996636232627,0.01747572815533971
2019-05-02,-0.028144654088050336,-0.022286821705426507,-0.00764087870105068,-0.011832061068702382
2019-05-03,0.002103219543763135,0.00445986124876141,-0.0038498556304138454,-0.008497489378138212
2019-05-06,0.005004843396835712,-0.014800197335964493,-0.0009661835748790981,-0.016751071289442976
2019-05-07,-0.013654618473895597,-0.02403605408112175,-0.01450676982591892,0.005150554675118713
2019-05-08,0.011726384364820763,0.01334017444843516,0.00883218842001976,0.028774142688214432
2019-05-09,-0.006761107533805433,0.0,-0.005836575875486361,-0.005747126436781436
2019-05-10,-0.0006482982171800433,0.007088607594936791,0.0029354207436398383,0.009248554913294793
2019-05-13,-0.010055141096334652,-0.012569130216189106,-0.005853658536585371,0.0007636502481862539
2019-05-14,0.012123197903014526,0.006619144602851401,0.010304219823356497,0.01449828309805401
2019-05-15,0.0038847523470380008,0.018209408194233667,0.013113161728994571,-0.021812711545693753
2019-05-16,0.013705256368913066,0.02434177844013896,0.01773729626078646,0.014609765474817404
2019-05-17,-0.0017496421186575795,-0.007274490785644905,-0.012717852096090554,-0.0030314513073134153
2019-05-20,0.005417463352453744,-0.018075232046898093,-0.010496183206107013,0.015963511972634015
2019-05-21,-0.0017432646592709933,0.00447761194029872,0.0024108003857281624,-0.02244668911335579
2019-05-22,-0.02492459120495316,-0.013868251609707838,-0.01443001443001457,-0.026789131266743094
2019-05-23,-0.05714750895473797,-0.03917629331993977,-0.04245973645680823,0.013763271726307424
2019-05-24,0.012433085822828538,0.011500261369576492,0.004587155963302836,0.007757951900698279
2019-05-28,0.008698618454715978,0.01136950904392764,0.011161846778285245,-0.00615858352578913
2019-05-29,-0.005579979709164684,-0.006131834440470163,-0.012543903662819988,0.01975213013168098
2019-05-30,-0.0377486821969053,-0.03393316195372753,-0.02693089430894302,-0.03266236232434483
2019-05-31,-0.05460328679978799,-0.040979244278871674,-0.03812010443864222,-0.036513545347467646
2019-06-03,-0.004672897196261627,-0.03385127635960039,-0.019001085776330195,-0.020782396088019572
2019-06-04,0.004319248826291089,-0.009764503159104043,0.00830105146651916,0.00540990428630872
2019-06-05,-0.03365744203440535,-0.01798143851508116,-0.023051591657519244,-0.01572847682119194
2019-06-06,0.017608359133127083,0.008860011813349056,0.004494382022471877,-0.02270815811606408
2019-06-07,0.026621030614185193,0.01814988290398145,0.020693512304250428,0.005593803786575036
2019-06-10,-0.013521022411557726,-0.005175388154111671,-0.01041095890410959,0.008557980316645342
2019-06-11,0.00018775816748028973,0.015028901734104094,0.008859357696566983,0.01781926177344073
2019-06-12,-0.039984982166322514,-0.03986332574031892,-0.023051591657519244,-0.005418924551896631
2019-06-13,0.02229174814235435,0.02016607354685651,0.015168539325842723,-0.025565800502933778
2019-06-14,0.004399387911247166,0.007558139534883823,0.01217487548422791,0.026666666666666616
2019-06-17,-0.011045515139973316,-0.024235429890363536,-0.01585565882996165,-0.00041893590280683846
2019-06-18,0.0379356826497208,0.017740981667652367,0.015555555555555545,-0.0243084660519699
2019-06-19,-0.0025974025974025983,0.00871586287042403,0.000547045951859948,-0.022336769759450203
2019-06-20,0.053757440476190466,0.02880184331797242,0.03007107709130663,-0.039982425307557024
2019-06-21,0.01376875551632839,0.03919372900335949,0.01698513800424628,0.0004576659038901809
2019-06-24,0.008183876022984427,-0.0005387931034482873,-0.0036534446764091566,0.05352241537053981
2019-06-25,-0.0012089810017271718,0.011859838274932644,0.007333682556312171,0.002171081198436786
2019-06-26,0.02680269756181919,0.049547149706979265,0.02496099843993771,-0.007365684575389886
2019-06-27,0.0008420343550017417,-0.011675126903553212,-0.0091324200913242,0.01440419030990836
2019-06-28,-0.016153457849570896,-0.0020544427324088455,-0.004096262160778297,-0.0068846815834767705
2019-07-01,0.010603728407730495,-0.006176016469377266,0.004627249357326502,-0.017764298093587483
2019-07-02,-0.04806227788119821,-0.031589849818746685,-0.03480040941658136,-0.01191001323334795
2019-07-03,0.019377777777777938,0.025133689839572204,0.006892895015906841,0.02232142857142838
2019-07-05,0.0029647715381930784,0.006781429316640608,0.003159557661927437,0.05589519650655017
2019-07-08,0.002608242044861653,-0.015025906735751215,-0.005249343832021025,-0.006203473945409432
2019-07-09,0.002948317724592364,0.01367701209889538,0.008443271767810012,0.009155222638368654
2019-07-10,0.04495936365208375,0.04047742605085625,0.04186289900575613,0.007835051546391858
2019-07-11,-0.0038060565944066926,-0.007481296758104716,-0.006027122049221512,-0.011456628477905073
2019-07-12,0.00016611295681068228,-0.006532663316582865,0.00050530570995444,0.01531456953642385
2019-07-15,-0.010463378176382654,-0.023773394031360695,-0.014141414141414121,-0.018344883815735846
2019-07-16,-0.03289694528365228,-0.01968911917098448,-0.024077868852458995,-0.04235880398671088
2019-07-17,-0.014578271433529966,-0.006871035940803294,-0.006299212598425252,-0.0008673026886384383
2019-07-18,-0.026065516026770097,-0.023948908994145812,-0.015847860538827252,-0.00737847222222221
2019-07-19,0.005967450271247898,0.003816793893129722,0.01449275362318847,-0.015741145605596918
2019-07-22,0.010605788243753356,-0.007061379684953795,0.005291005291005346,0.027099067081297168
2019-07-23,0.009782995375311243,0.018052516411378505,0.011578947368421133,-0.00519031141868509
2019-07-24,-0.015677294345605053,-0.003224073078989753,-0.006763787721123737,-0.03478260869565197
2019-07-25,0.0025053686471010472,0.013477088948786964,0.002619172341540077,0.010810810810810922
2019-07-26,0.003213138164941176,-0.0031914893617019935,-0.005224660397074143,-0.03342245989304815
2019-07-29,0.011921708185053337,-0.005869797225186879,0.003676470588235281,-0.012909174734900941
2019-07-30,0.020749076841920067,0.01825013419216326,0.017268445839874413,-0.0018682858477346853
2019-07-31,0.009130060292851017,0.0026357406431205543,0.005658436213991758,0.04492278895648116
2019-08-01,-0.0790372140662341,-0.07991587802313349,-0.05217391304347829,-0.013882669055082952
2019-08-02,0.03169601482854478,0.01828571428571424,0.019967620075553194,-0.0367847411444141
2019-08-05,-0.017427236794825718,-0.03591470258136931,-0.02857142857142847,-0.0240452616690241
2019-08-06,-0.019381971109892038,-0.018044237485448145,-0.006535947712418277,0.019806763285024287
2019-08-07,-0.047361551370501576,-0.03971547125074093,-0.038925438596491335,-0.013263855992420637
2019-08-08,0.028381287923272547,0.016049382716049276,0.0136908157444382,0.021603456553048517
2019-08-09,0.03730491054434726,0.017010935601458055,0.017445132245357486,-0.004229323308270638
2019-08-12,0.007889908256880629,-0.00537634408602139,-0.0011061946902655162,-0.006606890042472946
2019-08-13,0.03950482432186431,0.0426426426426425,0.039313399778516,0.019952494061757697
2019-08-14,-0.03274956217162883,-0.03456221198156684,-0.01758124667021843,-0.0018630647414997759
2019-08-15,-0.013760637334781833,-0.023866348448687402,-0.017895878524945896,0.041530564629024935
2019-08-16,0.007343491830365423,0.012836185819071089,0.001104362230811784,-0.014336917562724039
2019-08-19,0.0244213595771825,0.004224502112250894,0.01103143960286812,0.004545454545454408
2019-08-20,0.002312755737413408,0.010216346153846256,0.011456628477905184,0.0036199095022624306
2019-08-21,-0.011714589989350488,0.00773349196906592,0.0016181229773462036,-0.021641118124436476
2019-08-22,-0.00592672413793105,-0.015348288075560768,-0.008616047388260606,-0.005069124423963234
2019-08-23,-0.02131887985546521,-0.014988009592326046,-0.013579576317218844,-0.003242241778601107
2019-08-26,-0.009784013291489813,-0.01582471089470483,-0.013215859030836996,0.036245353159851224
2019-08-27,0.024049217002237055,0.020408163265306145,0.013392857142857206,-0.012556053811659251
2019-08-28,0.015474239941744017,0.01939393939393952,0.01927312775330381,0.022252497729337017
2019-08-29,0.016672642524202308,0.001783590963139181,0.007023230686115767,0.01999111505997342
2019-08-30,-0.0283900546640804,-0.04272997032640957,-0.0193133047210301,-0.0047909407665504
2019-09-03,-0.021052631578947434,-0.08803471791692496,-0.013676148796499032,0.03194748358862132
2019-09-04,0.043010752688172005,0.042148198504418755,0.042706600110926196,0.03689567430025442
2019-09-05,0.0007109847138286884,0.008480104370515384,0.004787234042553212,-0.004089979550102152
2019-09-06,0.003907637655417462,0.018111254851228997,0.0058231868713605195,0.025051334702258732
2019-09-09,0.02353149327671611,0.0069885641677254196,0.01473684210526316,0.03565705128205132
2019-09-10,-0.007778738115816863,0.003785488958990557,0.001556016597510368,-0.0019342359767891004
2019-09-11,-0.028745644599303066,-0.01319924575738518,-0.014500258933195287,-0.010852713178294615
2019-09-12,-0.011838565022421421,-0.010828025477707115,-0.009458749343142392,0.008620689655172376
2019-09-13,-0.004356507533127663,0.0,-0.003713527851458953,0.015540015540015606
2019-09-16,0.1467639015496809,0.12813908564069543,0.1096911608093718,0.025631216526396328
2019-09-17,-0.05659777424483303,-0.04394977168949765,-0.04510556621881001,-0.0048489369638193835
2019-09-18,-0.02072800808897879,-0.010149253731343344,-0.0085427135678392,-0.011619190404797641
2019-09-19,0.00034417484081927796,0.02593486127864897,0.01621895590471345,-0.03754266211604107
2019-09-20,-0.0006881128505075162,-0.013521457965902539,-0.009476309226932655,-0.0015760441292356209
2019-09-23,0.009468066792907459,0.0035756853396902155,0.0055387713997987476,-0.0027624309392263457
2019-09-24,-0.023021828103683473,-0.017814726840855166,-0.014521782674011052,-0.009497427779976308
2019-09-25,-0.013964042590329906,-0.017533252720677073,-0.007113821138211351,-0.00039952057530978635
2019-09-26,-0.0014161798548416593,0.02215384615384619,0.0005117707267145999,-0.029576338928856805
2019-09-27,-0.008863676653075747,-0.006020469596628497,-0.006649616368286537,-0.009884678747940745
2019-09-30,-0.03291003398318715,-0.02786190187764992,-0.018537590113285263,-0.030782029950083167
2019-10-01,-0.00832254484926953,-0.019314641744548222,-0.003672612801678854,-0.020171673819742608
2019-10-02,-0.018276762402088753,-0.017789072426937724,-0.013691416535018486,-0.015768725361366642
2019-10-03,-0.0036094224924011487,0.0064683053040104355,0.0016017084890549427,0.03649310191366273
2019-10-04,0.0068636796949475,0.010925449871465265,0.010127931769722931,0.009875483039931243
2019-10-07,-0.0011361484567317115,-0.002542911633820699,0.004221635883905117,-0.02083333333333326
2019-10-08,-0.0022748815165876124,0.007648183556405286,0.0036784025223330907,-0.0065132435953104695
2019-10-09,-0.0007600228006839904,0.00379506641366234,0.0047120418848167755,-0.023601398601398538
2019-10-10,0.01825442099258412,0.022684310018903586,0.0010422094841062712,-0.0071620411817368
2019-10-11,0.021475256769374562,0.009858287122612497,0.019260801665799132,-0.0018034265103696878
2019-10-14,-0.020292504570383896,-0.015863331299572958,-0.02196118488253318,0.02981029810298086
2019-10-15,-0.014554954282515409,0.000619962802231866,-0.0026109660574412663,0.025877192982456165
2019-10-16,0.01041469418670693,0.006815365551424923,0.017277486910994844,-0.015391192817443389
2019-10-17,0.010682158920539697,-0.0012307692307692575,0.00257334019557387,0.0065132435953105805
2019-10-18,-0.00278138327461519,0.0,-0.0005133470225872072,0.0008628127696288512
2019-10-21,-0.0087393082930457,-0.009858287122612497,-0.0030816640986132127,-0.03534482758620683
2019-10-22,0.015944475708122186,0.001244555071561848,0.001545595054095683,0.015192135835567333
2019-10-23,0.03341949778434272,0.02672467371037901,0.010288065843621519,0.004401408450704247
2019-10-24,0.004645345720921901,0.006658595641646503,0.011201629327902252,0.014899211218229569
2019-10-25,0.007647163435888338,0.006013229104028905,-0.0030211480362537513,-0.006908462867012077
2019-10-28,-0.015001764913519122,0.0,-0.00909090909090915,0.06347826086956543
2019-10-29,-0.00483784268052323,0.0077704722056186615,-0.003058103975535187,0.061733442354865
2019-10-30,-0.008642419877565644,-0.01245551601423478,-0.021472392638036797,0.0361956103195995
2019-10-31,-0.015982564475118144,-0.02042042042042047,-0.018808777429467072,-0.021553325901151887
2019-11-01,0.03728313030638608,0.015328019619865074,0.02928647497337611,0.030763387770603945
2019-11-04,0.006049822064056798,0.004830917874396157,0.0041386445938955685,0.03942520265291094
2019-11-05,0.012203749557835097,0.006610576923077094,0.008243173621844457,0.014533853243530626
2019-11-06,-0.015376550760090812,-0.029253731343283684,-0.014818599897802875,-0.01187980433263458
2019-11-07,0.01419698314108242,0.006150061500614923,-0.004149377593360981,-0.01980198019801982
2019-11-08,0.0015748031496063408,-0.0012224938875305957,-0.0010416666666667185,0.006132756132756212
2019-11-12,-0.007686932215234199,-0.012239902080783183,-0.010427528675703845,-0.06023664395840811
2019-11-13,0.005633802816901401,0.014250309789343163,0.007903055848261342,-0.008012209080503596
2019-11-14,-0.006127450980392024,-0.012828344532681668,0.002613695765812718,0.01807692307692288
2019-11-15,0.016734190593623355,0.011757425742574101,0.01564129301355588,0.0154892330940688
2019-11-18,-0.011607761607761669,-0.008562691131498434,-0.022073921971252575,-0.04538690476190488
2019-11-19,-0.032252410166520584,-0.01048735348550267,-0.025196850393700787,-0.021823850350740526
2019-11-20,0.03441405542474185,0.032418952618453734,0.018847603661820145,0.01952191235059786
2019-11-21,0.02573980038522139,0.02898550724637694,0.028012684989429326,0.003126221180148603
2019-11-22,-0.01382724479344477,-0.017605633802816878,-0.00822622107969151,0.038176860148032565
2019-11-25,0.004154405400726979,0.0005973715651135247,0.007776049766718529,-0.0502814258911819
2019-11-26,0.006895362868470922,0.017910447761193993,0.008744855967078191,-0.024101145792177037
2019-11-27,-0.005136106831022058,-0.015249266862170097,-0.007139214686384454,0.012550607287449278
2019-11-29,-0.05059370160041299,-0.04883859440142946,-0.03492552645095026,-0.08796481407437018
2019-12-02,0.014319376472720746,-0.015028177833437684,0.0037253858435337683,0.02104340201665944
2019-12-03,0.0025017869907075774,-0.006357279084551859,-0.0031813361611876534,0.04808930871618711
2019-12-04,0.04153297682709445,0.026231605886116505,0.02287234042553199,-0.017206063088897938
2019-12-05,0.0,0.010598503740648413,0.005200208008320439,0.011671529804085035
2019-12-06,0.013178161903131924,0.01603948180135717,0.009829280910501836,-0.03831891223732997
2019-12-09,-0.0030405405405404817,0.004857316332726125,-0.004098360655737654,-0.04370179948586117
2019-12-10,0.0037275499830564662,-0.0012084592145015227,0.011316872427983515,0.014336917562723928
2019-12-11,-0.008102633355840716,-0.016333938294010975,-0.018819938962360117,-0.009275618374558259
2019-12-12,0.007147719537100139,0.0012300123001229846,0.011404872991187087,0.03789567543468575
2019-12-13,0.015038864481243586,0.02149877149877155,0.01793951819579709,-0.013745704467354014
2019-12-16,0.002330614283336141,0.0,0.009566968781470342,0.019599303135888757
2019-12-17,0.012124231855173528,0.013830426939266394,0.013965087281795574,-0.009397693293464404
2019-12-18,-0.0001640958319658603,-0.0011862396204033177,-0.0063944909001475425,-0.014230271668822736
2019-12-19,0.004759560150992881,0.013657957244655572,0.004950495049504955,-0.005686789151356009
2019-12-20,-0.01274093433518464,-0.0005858230814295151,-0.003940886699507429,0.02419709634843814
2019-12-23,0.001323626737260275,-0.0005861664712777381,0.0,-0.04896907216494839
2019-12-24,0.00974884335756765,0.012903225806451646,0.006923837784372111,-0.0189701897018969
2019-12-26,0.009327442317133006,0.015634047481181135,0.007858546168958647,0.056169429097605805
2019-12-27,0.0006485084306095956,-0.003990877993158448,-0.0009746588693958502,-0.05928509154315609
2019-12-30,-0.0006480881399870686,-0.010875787063537534,-0.004390243902439028,0.01297497683039861
2019-12-31,-0.010051880674448732,-0.01736111111111116,-0.006369426751592355,0.0013723696248857387
2020-01-02,0.001965280052407481,0.0035335689045936647,-0.0019723865877712132,-0.03060758337140257
2020-01-03,0.030565544295521274,0.026408450704225483,0.018280632411067144,0.0037700282752120007
2020-01-06,0.003489294210943683,0.002858776443682043,-0.013100436681222738,0.0023474178403755097
2020-01-07,-0.009009009009009028,-0.01824401368301032,-0.000983284169124743,0.012646370023419173
2020-01-08,-0.049282296650717705,-0.04239256678281067,-0.036417322834645716,-0.00971322849213685
2020-01-09,-0.0008387854386847637,0.0024257125530624535,-0.0040858018386108474,0.011676786548341811
2020-01-10,-0.008730691739422536,0.004234724742891549,-0.011282051282051286,0.016620498614958512
2020-01-13,-0.016260162601625994,-0.0018072289156625398,-0.01556016597510379,-0.009082652134423275
2020-01-14,0.0025826446280992066,-0.0018105009052504784,0.006322444678608985,0.0022914757103573713
2020-01-15,-0.007212776919113817,-0.010278113663845123,-0.01675392670157072,-0.030635573845450237
2020-01-16,0.012281612177823975,0.010995723885155684,-0.009584664536741117,-0.020283018867924607
2020-01-17,0.0003417634996580876,-0.008459214501510548,-0.0005376344086022167,-0.03562831006259015
2020-01-21,-0.003416467372736487,-0.0024375380865325758,-0.016137708445400745,-0.05391912131802301
2020-01-22,-0.02742543709290368,-0.03481979230299326,-0.01585565882996165,0.005277044854881341
2020-01-23,-0.02026788861473383,-0.012658227848101222,-0.004444444444444473,0.011023622047243942
2020-01-24,-0.025184385680877996,-0.028846153846153966,-0.03236607142857151,-0.01713395638629278
2020-01-27,-0.019376268684259013,-0.020462046204620443,-0.03114186851211076,0.004754358161648042
2020-01-28,0.006398193451260692,0.012803234501347571,0.021428571428571352,0.01682439537329139
2020-01-29,-0.0028047868362004458,0.018629407850964785,-0.006993006993006978,-0.029472595656670042
2020-01-30,-0.0223138946184136,-0.024167210973220055,-0.03755868544600938,-0.025572722429408667
2020-01-31,-0.011123897199846522,-0.0033467202141900243,-0.009146341463414531,0.006560962274466897
2020-02-03,-0.028122575640031067,-0.01007387508394908,-0.02892307692307683,-0.01195002715915261
2020-02-04,-0.009978048293753705,-0.021031207598371737,0.0038022813688212143,0.029136888400219885
2020-02-05,0.022979238056843432,0.02979902979902982,0.038510101010100994,-0.005876068376068466
2020-02-06,0.003940886699507429,0.008075370121130465,0.012158054711246313,0.0005373455131649774
2020-02-07,-0.012365063788027486,0.01735647530040052,-0.013213213213213226,-0.002148227712137518
2020-02-10,-0.014904610492845749,-0.0019685039370079815,-0.01825928180158254,-0.049515608180839665
2020-02-11,0.0074641920516440585,-0.00460223537146609,0.008679479231246123,0.012457531143827971
2020-02-12,0.02462955546655987,0.04425363276089822,0.030116779348494216,0.031319910514541416
2020-02-13,0.004885675200312578,-0.0006325110689436864,0.002983293556086064,-0.009761388286334105
2020-02-14,0.01225204200700114,0.0018987341772152,0.010113027959547827,0.0060240963855420215
2020-02-18,0.0,0.020214782059380987,-0.01531213191990577,0.07838867719107245
2020-02-19,0.02382324687800197,0.029721362229102155,0.020933014354067137,-0.013124684502776374
2020-02-20,0.00919497091386745,0.004209260372820101,-0.005272407732864748,-0.017902813299232823
2020-02-21,-0.007437709185570851,-0.011377245508982003,-0.0064782096584216076,-0.0078125
2020-02-24,-0.036530535781191475,-0.025439127801332506,-0.04386484884410202,-0.04094488188976386
2020-02-25,-0.029749173634065706,-0.047855811062771925,-0.027278363298202102,0.010946907498631697
2020-02-26,-0.02344689378757514,-0.05026109660574407,-0.04461440407903117,-0.014076881429344934
2020-02-27,-0.03365483275189807,-0.030240549828178698,-0.006671114076050699,-0.03789126853377267
2020-02-28,-0.0494797196857083,-0.010630758327427436,0.001343183344526544,-0.038812785388127935
2020-03-02,0.04445933869526364,0.1031518624641834,0.02548625083836331,0.0427553444180524
2020-03-03,0.009197860962566917,-0.005844155844155874,0.002616088947024142,0.02505694760820054
2020-03-04,-0.0084781687155574,0.016329196603527274,0.0,0.014999999999999902
2020-03-05,-0.018811457887986327,-0.02185089974293064,-0.028701891715590233,-0.030103995621237
2020-03-06,-0.1006535947712418,-0.08738501971090673,-0.06984553391537951,-0.036117381489842004
2020-03-09,-0.24588178294573648,-0.18142548596112307,-0.16028880866425987,0.040983606557376984
2020-03-10,0.10375843238034044,0.017590149516270914,0.07480653482373167,0.08886389201349831
2020-03-11,-0.040162980209546006,-0.04062229904926529,-0.009600000000000053,-0.029958677685950397
2020-03-12,-0.0448756822316555,-0.19099099099099104,-0.06300484652665594,-0.01970181043663466
2020-03-13,0.0073015873015873645,0.00111358574610243,-0.019827586206896508,0.015209125475285079
2020-03-16,-0.09549322407815952,-0.2324805339265852,-0.07915567282321911,-0.028892455858748
2020-03-17,-0.060975609756097615,0.0304347826086957,-0.010506208213944546,-0.04738292011019274
2020-03-18,-0.24415584415584413,-0.1026722925457102,-0.07915057915057921,-0.07229612492770388
2020-03-19,0.23809523809523792,0.07366771159874608,0.09224318658280928,0.0311720698254363
2020-03-20,-0.11062648691514665,-0.11678832116788329,-0.03454894433781197,-0.030229746070132957
2020-03-23,0.04146232724030319,-0.31900826446280994,0.00994035785288272,-0.0012468827930174342
2020-03-24,0.027825342465753522,0.07766990291262132,0.06299212598425208,0.03183520599250933
2020-03-25,0.01999167013744252,0.23198198198198217,0.016666666666666607,0.003629764065335772
2020-03-26,-0.07717435688035923,-0.005484460694698323,-0.04371584699453557,-0.013261000602772799
2020-03-27,-0.048230088495575196,0.055147058823529216,0.018095238095237942,-0.0018326206475259843
2020-03-30,-0.06601580660158068,0.020905923344947785,-0.04677268475210483,0.03427172582619353
2020-03-31,0.019412643106022864,-0.022184300341296925,-0.006869479882237406,-0.029585798816568087
2020-04-01,-0.008300781250000111,-0.04537521815008716,-0.07905138339920947,-0.032317073170731625
2020-04-02,0.24667651403249646,0.21206581352833642,0.06759656652360513,-0.022054190296156184
2020-04-03,0.11927330173775674,0.0437405731523377,0.07638190954773871,0.044458762886598
2020-04-06,-0.07974594213126329,0.014450867052023142,-0.023342670401493848,0.06785934608266508
2020-04-07,-0.09394171779141103,-0.07692307692307687,-0.017208413001912115,0.06990179087232806
2020-04-08,0.06178586542530695,0.04629629629629628,-0.01653696498054491,-0.03725701943844506
2020-04-09,-0.09286568353925861,-0.001474926253687281,-0.03758654797230454,-0.028042624789680226
2020-04-13,-0.015377855887522052,0.03840472673559803,0.02261048304213764,-0.00519330640507798
2020-04-14,-0.10263275323516285,0.024182076813655806,-0.0512562814070352,-0.04292343387470998
2020-04-15,-0.01193436101442058,0.0,-0.03177966101694907,-0.031515151515151385
2020-04-16,0.0,-0.02083333333333337,0.035010940919037115,0.05506883604505619
2020-04-17,-0.08052340211373943,0.008510638297872353,0.010570824524313016,0.0397390272835112
2020-04-20,-3.0596606458675426,-0.06047819971870594,-0.07112970711297062,0.09754706217912146
2020-04-21,-1.2660111613074674,-0.23652694610778446,-0.1813063063063063,-0.05353430353430355
2020-04-22,0.37662337662337664,0.25098039215686274,0.005502063273727709,0.06479956068094461
2020-04-23,0.1973875181422351,0.00940438871473348,0.00547195622435015,-0.0639504899432698
2020-04-24,0.02666666666666684,0.026397515527950333,-0.11972789115646254,-0.0380165289256198
2020-04-27,-0.24557260920897295,-0.01966717095310133,-0.057187017001545604,0.04180985108820168
2020-04-28,-0.034428794992175216,0.029320987654321007,0.03442622950819674,-0.013743815283122518
2020-04-29,0.220421393841167,0.08995502248875553,0.10142630744849446,0.041806020066889715
2020-04-30,0.250996015936255,-0.0398899587345255,0.053237410071942604,0.042803638309256264
2020-05-01,0.04989384288747356,0.09742120343839544,0.08743169398907114,-0.03027193432529507
2020-05-04,0.030839231547017176,0.07310704960835501,0.008793969849246297,0.0544973544973546
2020-05-05,0.20451201569396749,0.09610705596107061,0.11581569115815693,0.07074761665830387
2020-05-06,-0.02320846905537466,-0.02663706992230852,-0.0803571428571429,-0.08903467666354259
2020-05-07,-0.018340975406419213,0.061573546180159644,0.01577669902912615,-0.025720164609053575
2020-05-08,0.050530785562632685,0.022556390977443552,0.07407407407407418,-0.0374868004223865
2020-05-11,-0.02425222312045261,-0.02941176470588225,-0.033370411568409364,0.001645639056500281
2020-05-12,0.06793703396851702,-0.005411255411255422,-0.03567318757192173,-0.058050383351588186
2020-05-13,-0.019006982156710706,-0.07181719260065289,-0.00835322195704058,-0.0604651162790697
2020-05-14,0.08975879794385122,0.07268464243845263,0.07701564380264747,0.0402227722772277
2020-05-15,0.06785195936139332,0.060109289617486183,0.027932960893854775,-0.020820939916716297
2020-05-18,0.08120965001698943,0.057731958762886615,0.09347826086956523,0.08323207776427699
2020-05-19,0.021370207416719023,0.01851851851851838,-0.031809145129224725,0.026360067302299672
2020-05-20,0.03046153846153854,-0.000956937799042934,0.017453798767967266,-0.032240437158470026
2020-05-21,0.0128396536279487,0.0009578544061301653,-0.0020181634712411745,-0.03444381705251265
2020-05-22,-0.019752358490566113,-0.006698564593301315,-0.00707785642062686,0.012280701754386003
2020-05-26,0.03308270676691727,0.010597302504816941,0.009164969450101923,0.03581744656268038
2020-05-27,-0.04483260553129542,-0.05338417540514773,-0.019172552976791102,-0.0395984383714445
2020-05-28,0.02743066138372452,0.0060422960725075026,-0.04732510288065839,0.060975609756097615
2020-05-29,0.05280332245624453,0.027027027027026973,0.04211663066954641,0.012041598248494711
2020-06-01,-0.0014088475626938823,0.0399610136452242,0.06632124352331603,-0.04056246619794479
2020-06-02,0.03865688487584662,0.04779756326148088,0.061224489795918435,0.0016910935738443378
2020-06-03,0.013039934800325836,0.0008944543828264262,-0.02472527472527486,0.024760832864378246
2020-06-04,0.0032180209171359664,0.02680965147453085,0.008450704225352323,0.0005491488193301031
2020-06-05,0.05720395616145413,0.05657093124456036,0.07169459962756042,-0.021953896816685026
2020-06-08,-0.034386852085967146,-0.01565074135090605,-0.026064291920069538,0.003928170594837299
2020-06-09,0.01963864886095834,0.012552301255229992,0.030330062444246186,-0.012297372833985465
2020-06-10,0.016949152542373058,0.0,0.01558441558441559,0.007357102433503293
2020-06-11,-0.08232323232323224,-0.07520661157024788,-0.07246376811594202,0.018539325842696686
2020-06-12,-0.0022014309301047197,0.0044682752457552155,0.011948529411764719,-0.04522890237175947
2020-06-15,0.02371759514616656,0.03736654804270456,0.032697547683923744,-0.0358174465626806
2020-06-16,0.03394396551724155,0.035162950257290104,0.0395778364116095,-0.03295386458957461
2020-06-17,-0.010943199583116292,0.006628003314001596,0.0,0.014869888475836257
2020-06-18,0.023182297154900056,0.03539094650205765,0.014382402707275865,0.0
2020-06-19,0.023429454170957653,0.0111287758346581,0.010008340283569561,0.01892551892551908
2020-06-22,0.017861635220125738,0.014937106918238907,0.006606110652353392,-0.002995805871779611
2020-06-23,-0.0022244191794366097,0.006196746707978207,-0.01312551271534046,-0.016225961538461453
2020-06-24,-0.05845925191974233,-0.07929176289453421,-0.04322527015793853,-0.024434941967012902
2020-06-25,0.018679294922388845,-0.0016722408026755842,0.004344048653344812,-0.07201001878522229
2020-06-26,-0.005940082644627975,-0.03433835845896138,-0.01730103806228378,0.00877192982456143
2020-06-29,0.031436736814757005,0.026886383347788367,0.025528169014084723,0.1431438127090301
2020-06-30,-0.010831234256926892,0.013513513513513598,0.011158798283261717,0.024575775307197123
2020-07-01,0.014005602240896309,0.014166666666666883,0.018675721561969505,-0.04568817818389481
2020-07-02,0.02084379708689088,0.03451109285127352,0.025833333333333375,0.037701974865349985
2020-07-06,-0.0004920049200490828,-0.014297061159650348,0.008935824532900094,0.05536332179930792
2020-07-07,-0.0002461235540242024,0.02739726027397249,0.0008051529790660261,0.025136612021857907
2020-07-08,0.006893156080748364,0.012549019607843048,-0.007240547063556035,-0.02771855010660973
2020-07-09,-0.03129584352078241,-0.03098373353989159,-0.008103727714748765,-0.024671052631578982
2020-07-10,0.023472993437657852,0.025579536370903266,0.013888888888889062,0.014614952220348476
2020-07-13,-0.011097410604192226,-0.0077942322681215925,-0.013698630136986356,-0.03656509695290855
2020-07-14,0.004738154613466383,-0.02042419481539659,-0.002450980392156743,0.004025301897642164
2020-07-15,0.022586249689749316,0.014434643143544257,0.019656019656019597,0.01832760595647187
2020-07-16,-0.01092233009708743,-0.02450592885375491,-0.013654618473895708,-0.03093363329583798
2020-07-17,-0.003926380368098115,-0.007293354943273878,-0.0073289902280129215,-0.0029019152640743506
2020-07-20,0.005420054200542035,0.0032653061224490187,0.013945857260049044,-0.044819557625145445
2020-07-21,0.028179367802009248,0.041497152156224626,0.035598705501618255,0.02071907373552717
2020-07-22,-0.0014299332697808032,0.0023437499999998668,-0.007031250000000044,0.0035820895522387097
2020-07-23,-0.019809069212410435,-0.0187061574434918,-0.01337529504327295,0.06186793575252825
2020-07-24,0.005356708059410797,0.02065131056393965,0.0015948963317384823,0.012885154061624826
2020-07-27,0.0075078711552434285,-0.0077821011673151474,-0.0015923566878981443,-0.04092920353982299
2020-07-28,-0.013461538461538525,-0.007058823529411673,-0.009569377990430672,0.03806228373702436
2020-07-29,0.0056042884990255,-0.018957345971563955,0.008856682769726065,0.030000000000000027
2020-07-30,-0.03271141264841293,-0.017713365539452464,-0.03272146847565838,-0.0134843581445524
2020-07-31,0.008767535070140386,-0.027049180327868738,0.004125412541254203,-0.016402405686167354
2020-08-03,0.01837596225478011,0.021903959561920816,0.019720624486442073,0.16787103946637028
2020-08-04,0.01682516459400163,0.0008244023083263663,0.013698630136986134,0.04378867206092352
2020-08-05,0.011750599520383487,0.007413509060955725,0.003974562798092052,-0.0009119927040585063
2020-08-06,-0.005688551789523433,0.004088307440719419,-0.010292953285827355,-0.011866727521679499
2020-08-07,-0.01740166865315862,-0.016286644951140072,-0.02400000000000002,0.03371824480369523
2020-08-10,0.017467248908296984,0.017384105960265073,0.013934426229508245,-0.037980339588918666
2020-08-11,-0.007868383404864066,-0.019528071602929242,0.0008084074373482242,0.008360427310729168
2020-08-12,0.02547464551790446,0.03236514522821565,0.015347334410339197,-0.008751727314601387
2020-08-13,-0.010077337707991574,-0.007234726688102766,-0.01511535401750197,0.013940520446096505
2020-08-14,-0.005445075757575801,0.00809716599190291,-0.0008077544426493555,0.07974335472044003
2020-08-17,0.020947393477743548,0.02008032128514059,0.0016168148746968924,-0.007215619694397213
2020-08-18,0.0,0.010236220472440882,0.016949152542372836,0.03334758443779395
2020-08-19,0.0009326183259501519,0.00623538581449723,-0.0071428571428572285,0.0037236243276790315
2020-08-20,-0.008152806894945241,0.004647560030983655,-0.0031974420463627418,-0.030502885408079217
2020-08-21,-0.005636449037106472,-0.010023130300693794,-0.031275060144346556,0.04081632653061229
2020-08-24,0.006613131790269122,0.06464174454828653,0.0331125827814569,0.026552287581699252
2020-08-25,0.017128108869075565,0.02121433796634964,0.009615384615384581,-0.009550338241146039
2020-08-26,0.0009227220299885541,-0.025071633237822244,-0.011904761904761862,-0.011249497790277285
2020-08-27,-0.008066374740723692,-0.05584129316678921,-0.027309236947791193,0.04794798862251137
2020-08-28,-0.0016263940520445663,0.02412451361867718,0.004128819157720898,0.03024428072896468
2020-08-31,-0.008377938096346238,-0.03039513677811556,-0.016447368421052655,-0.010161836657884837
2020-09-01,0.0035203003989674464,-0.03996865203761746,0.02926421404682289,-0.03916349809885922
2020-09-02,-0.029232927970065492,-0.018775510204081747,-0.0341186027619822,-0.016224772457459458
2020-09-03,-0.003372681281618939,0.0024958402662229595,-0.017661900756938742,0.0004022526146418848
2020-09-04,-0.038675368624607076,-0.023236514522821605,-0.013698630136986356,0.040611178126256586
2020-09-08,-0.07568518984158923,-0.06287170773152084,-0.06510416666666663,-0.07264296754250388
2020-09-09,0.035092491838955464,0.014505893019038929,0.026926648096564643,0.0025000000000001688
2020-09-10,-0.019710906701708275,-0.018766756032171483,-0.02169981916817365,-0.03449709060681638
2020-09-11,0.0008042895442359477,-0.002732240437158584,0.007393715341959428,-0.02324580284115363
2020-09-14,-0.0018751674256629602,0.010958904109588996,0.0027522935779815683,0.018069634200088114
2020-09-15,0.027375201288244888,0.028003613369466995,0.0054894784995425105,0.022510822510822592
2020-09-16,0.04911180773249724,0.0448154657293498,0.01546860782529591,-0.0402201524132092
2020-09-17,0.020169322709163495,0.029436501261564274,0.039426523297490856,-0.09925011027790032
2020-09-18,0.0034171344886502197,0.010620915032679923,-0.0008620689655171043,0.002938295788442735
2020-09-21,-0.04378496716127456,-0.04850444624090544,-0.04486626402070759,-0.10400390625
2020-09-22,0.007377257695242889,-0.011045029736618583,-0.009936766034326916,-0.0005449591280652921
2020-09-23,0.008333333333333304,0.014604810996563744,0.010948905109489093,0.158669574700109
2020-09-24,0.009516654144753334,0.012701100762065876,0.008122743682310363,0.057882352941176496
2020-09-25,-0.0014884644008931192,0.015050167224080369,0.008057296329453845,-0.048487544483985956
2020-09-28,0.008695652173912993,0.027182866556836993,0.01243339253996445,-0.017765310892940533
2020-09-29,-0.03226600985221684,-0.03608660785886142,-0.027192982456140324,0.21894336030461692
2020-09-30,0.023670145075082694,-0.0008319467554075421,0.0324616771866546,-0.013276064037485269
2020-10-01,-0.037294878170064605,-0.04079933388842649,-0.017467248908296984,0.0
2020-10-02,-0.043130165289256284,-0.024305555555555358,-0.03555555555555556,-0.035219628017411964
2020-10-05,0.058569500674763963,0.06227758007117412,0.044239631336405516,0.07260049220672693
2020-10-06,0.036970933197348455,0.034338358458961604,0.0494263018534864,-0.03632887189292555
2020-10-07,-0.017703466928940204,-0.027530364372469696,-0.023549201009251508,0.034126984126984006
2020-10-08,0.031038798498122633,0.025811823480432983,0.02670111972437539,0.008058326937835814
2020-10-09,-0.014323865015780424,-0.023538961038960915,0.000838926174496768,0.04339550818424076
2020-10-12,-0.028817733990147865,-0.02244389027431437,-0.030176026823135027,0.05107624954396184
2020-10-13,0.019528277960943585,0.005952380952381153,0.010371650821088929,-0.009024644220756661
2020-10-14,0.020895522388059584,0.01183431952662728,0.020530367835757124,-0.07670753064798597
2020-10-15,-0.0019493177387913674,-0.014202172096908994,-0.0033528918692372622,0.05273141122913505
2020-10-16,-0.001953125,-0.009322033898304993,-0.008410428931875491,-0.0007207207207206023
2020-10-19,-0.0012230919765167103,-0.005988023952095856,-0.0178117048346057,0.007933645870897843
2020-10-20,0.01542983100661277,0.022375215146299476,0.013816925734024155,0.04221824686940967
2020-10-21,-0.0344910757356488,-0.04040404040404044,-0.028960817717206155,0.03776175763817391
2020-10-22,0.015238571071696239,0.015789473684210575,0.018421052631579116,-0.005292755540853511
2020-10-23,-0.019438976377952777,-0.016407599309153587,-0.008613264427217882,-0.01197206518124383
2020-10-26,-0.03237139272271017,-0.023705004389815598,-0.025195482189400487,0.01783911141029959
2020-10-27,0.026192946058091193,0.027877697841726556,0.03208556149732611,-0.0016534391534390736
2020-10-28,-0.05509224159716952,-0.05424321959755041,-0.03799654576856637,-0.0076184166942696585
2020-10-29,-0.03262904519925114,-0.026827012025901875,-0.02333931777378817,0.10180240320427236
2020-10-30,-0.010505944152612745,-0.0019011406844106071,-0.006433823529411908,0.016055740684641107
2020-11-02,0.02849958088851645,0.0019047619047618536,0.028677150786309058,-0.032796660703637404
2020-11-03,0.023091551208910488,0.023764258555132978,0.01348920863309333,-0.05702836004932188
2020-11-04,0.03956452469463634,0.028783658310120863,0.041703637976929775,-0.004249754821837315
2020-11-05,-0.009195402298850519,0.0072202166064982976,-0.0034071550255536653,-0.034143138542350515
2020-11-06,-0.04253673627223509,-0.028673835125448077,-0.023076923076922995,-0.018354860639021142
2020-11-09,0.08481421647819065,0.07103321033210319,0.06474190726159246,-0.010041551246537384
2020-11-10,0.026557458426408553,0.028423772609819098,0.029580936729662888,0.03147953830010497
2020-11-11,0.0021760154738879045,-0.015075376884422176,-0.005586592178770888,0.02780603594438813
2020-11-12,-0.007961399276236514,-0.016156462585033893,-0.010433386837881087,-0.01814582645991425
2020-11-13,-0.024075875486381237,-0.02765773552290407,-0.02351987023519886,0.006384408602150504
2020-11-16,0.030152005980563112,0.019555555555555548,0.020764119601329067,-0.0994991652754591
2020-11-17,0.002177068214803901,0.005231037489102031,0.00813669650122062,-0.0018539117538004524
2020-11-18,0.009413468501086264,0.008673026886383273,0.020177562550443895,0.007429420505200568
2020-11-19,-0.0019129603060735745,0.0,0.005537974683544222,-0.04424778761061954
2020-11-20,0.009822712026832603,0.010318142734307756,0.011801730920535158,0.022376543209876587
2020-11-23,0.02158956109134058,0.024680851063829667,0.0194401244167961,0.02301886792452823
2020-11-24,0.0429633070134694,0.04485049833887045,0.03737604881769663,0.02360752489856144
2020-11-25,0.017813404586951798,0.0238473767885532,0.019852941176470518,0.0436036036036036
2020-11-30,-0.008094508860205574,-0.030279503105590022,-0.022350396539293382,-0.004834254143646355
2020-12-01,-0.017423908248787034,-0.023218574859887986,-0.006637168141592986,-0.000693962526023717
2020-12-02,0.0163860830527498,0.016393442622950838,0.014105419450631151,-0.03472222222222221
2020-12-03,0.007950530035335746,0.01774193548387104,0.019765739385065872,-0.09820143884892074
2020-12-04,0.013584574934268234,0.005546751188589383,0.007178750897343766,0.027124052652572894
2020-12-07,-0.01080847384349326,-0.010244286840031425,-0.0028510334996436626,-0.06563106796116502
2020-12-08,-0.0034965034965034336,0.0,0.005718370264474526,-0.0029093931837074205
2020-12-09,-0.0017543859649122862,0.015923566878981,-0.005685856432125047,0.01792413505627355
2020-12-10,0.027680140597539538,0.03213166144200619,0.026447462473195182,0.045454545454545414
2020-12-11,-0.004489097905087669,-0.006833712984054552,0.0006963788300835549,0.014884449667058375
2020-12-14,0.00901868155464891,0.00840978593272168,0.011830201809324814,0.03512157468159005
2020-12-15,0.013407107895296866,0.006065200909780133,0.00687757909215958,0.0
2020-12-16,0.004199916001680126,0.019593067068575776,0.0095628415300546,-0.0018642803877703118
2020-12-17,0.01129234629861986,0.025868440502586854,0.01150202976995951,-0.015315651849084788
2020-12-18,0.015301902398676681,0.0057636887608070175,0.012040133779264162,0.02427921092564489
2020-12-21,-0.027698574338085535,-0.025787965616045683,-0.023793787177792347,0.0018518518518517713
2020-12-22,-0.015081692501047295,-0.014705882352941235,-0.01015572105619511,0.02772643253234741
2020-12-23,0.023394300297745474,0.03134328358208949,0.024623803009576006,-0.061870503597122206
2020-12-24,0.0022859517871987034,-0.0021707670043414895,-0.005340453938584733,-0.03450920245398781
2020-12-28,-0.012647729628861737,-0.00797679477882518,-0.007382550335570448,-0.08459094519459875
2020-12-29,0.007979840403191885,0.014619883040935422,0.005409060175794567,0.0702819956616052
2020-12-30,0.008333333333333304,0.01729106628242083,0.0020174848688634395,-0.01824077827320625
2020-12-31,0.002479338842975354,-0.0028328611898017497,-0.00939597315436247,0.048307184145334414
2021-01-04,-0.018549051937345573,-0.024857954545454475,-0.009485094850948506,0.016541945647892797
2021-01-05,0.04850902981940375,0.057538237436270956,0.03898768809849518,0.046881053855095
2021-01-06,0.014019627478469854,0.01584022038567512,0.006583278472679366,0.005181347150259086
2021-01-07,0.003950227138060258,0.0054237288135592365,0.005886200130804431,0.0047864506627393055
2021-01-08,0.027739523903206775,0.039784221173297274,0.027308192457737412,-0.010626603151337455
2021-01-11,0.0001914241960183638,-0.013618677042801619,-0.0037974683544304,0.017407407407407316
2021-01-12,0.01837320574162682,0.02103879026955946,0.014612452350698746,0.0021842009464871914
2021-01-13,-0.005638037962789055,-0.0025756600128783447,0.0012523481527864089,-0.009444242644388035
2021-01-14,0.012474012474012586,0.0032278889606198735,0.012507817385866149,-0.022368903557022368
2021-01-15,-0.022587268993839893,-0.016731016731016735,-0.016059295861643008,0.026631657914478746
2021-01-19,0.011841100076394051,0.00654450261780104,0.0037664783427495685,-0.06978443551333591
2021-01-20,0.004907512268780723,0.0039011703511053764,0.000625390869293474,-0.002749410840534039
2021-01-21,-0.0020661157024792765,0.002590673575129543,0.0006249999999998757,-0.018905080740449054
2021-01-22,-0.01618671183888576,0.0006459948320411968,-0.015615240474703307,-0.018065034122842216
2021-01-25,0.009565716472163865,0.007746933505487386,0.011421319796954377,0.06377759607522471
2021-01-26,-0.0030320257722191712,0.012812299807815508,0.0025094102885820924,0.020753266717909336
2021-01-27,0.004561870366850407,-0.0025300442757748565,0.006883604505631968,0.03915662650602392
2021-01-28,-0.009649952696310304,0.0038046924540267035,-0.004350528278433741,-0.034782608695652084
2021-01-29,-0.0026748184944592746,-0.006317119393556503,-0.0012484394506866447,-0.037537537537537524
2021-02-01,0.025862068965517127,0.010807374443738249,0.02937499999999993,0.1115444617784711
2021-02-02,0.022595704948646045,0.01635220125786163,0.01700060716454166,-0.0017543859649122862
2021-02-03,0.016983199415631756,0.020420792079207883,0.009552238805970115,-0.019683655536028133
2021-02-04,0.009696534386783862,-0.0024257125530624535,0.005913660555884048,0.0523485120114735
2021-02-05,0.01102614262849011,0.002431610942249307,0.007642563198118735,-0.024531516183986413
2021-02-08,0.019700967458223362,0.015767131594905948,0.019836639439906767,0.00663639538945171
2021-02-09,0.0067276177333104314,-0.0005970149253732293,0.005148741418764313,-0.01630811936155452
2021-02-10,0.005483207676490798,-0.012544802867383464,0.0022766078542970636,0.02680776014109343
2021-02-11,-0.00749829584185413,-0.001814882032667997,-0.009085746734809663,-0.014771556166265909
2021-02-12,0.021119505494505475,0.026060606060606117,0.014899713467048548,0.015341701534170138
2021-02-16,0.009752816546157783,0.04725339633786163,0.024280067758328805,0.07451923076923084
2021-02-17,0.018151540383014142,0.021432600112803124,0.013230429988974723,0.028763183125599223
2021-02-18,-0.010140660778541033,-0.009387078961899498,-0.0010881392818280489,-0.04255980118049085
2021-02-19,-0.021150033046926642,0.007246376811594235,-0.007080610021786504,-0.004218040233614495
2021-02-22,0.03798109385550297,0.019369120088544634,0.01974766867800337,-0.03779732811990877
2021-02-23,0.0029273052528866472,0.009229098805646041,0.00484131253362019,-0.025059261767693797
2021-02-24,0.025133776552618725,0.019903173749327596,0.021413276231263323,-0.008683570684265285
2021-02-25,0.004903511546978878,-0.002109704641350185,-0.0005241090146750338,-0.026979677645409983
2021-02-26,-0.03195340783881628,-0.007928118393234596,-0.026219192448872608,-0.002160604969391522
2021-03-01,-0.013983739837398312,0.03516249334043686,-0.020463112547119078,0.0021652832912306685
2021-03-02,-0.014676781002638584,-0.0036026762738035067,-0.00604727872457389,0.022326251350378135
2021-03-03,0.02560669456066944,0.008264462809917328,0.015486725663716783,-0.008101444170482641
2021-03-04,0.04161227154046987,0.023565573770491843,0.03267973856209139,-0.024857954545454475
2021-03-05,0.03540654864483783,0.03353353353353361,0.025316455696202445,-0.01638747268754548
2021-03-08,-0.0157361174156454,-0.0077481840193704965,-0.01800411522633738,-0.013698630136986245
2021-03-09,-0.015987701767870788,0.00048804294777937685,-0.0010476689366160086,-0.0007507507507508171
2021-03-10,0.006717700359318846,0.014634146341463428,0.00524383848977461,0.01126972201352383
2021-03-11,0.024518932340161337,0.027884615384615286,0.021909233176838905,-0.008915304606240682
2021-03-12,-0.006210239321417732,0.00561272217025266,0.004594180704440953,-0.02548725637181415
2021-03-15,-0.0033531473860691774,-0.020930232558139528,-0.009654471544715437,-0.04461538461538461
2021-03-16,-0.009022786358770518,-0.0019002375296912621,-0.008209338122113885,0.0314009661835748
2021-03-17,-0.0030864197530864335,-0.025702046644454968,-0.013967925504397405,-0.013270882123341043
2021-03-18,-0.07120743034055721,-0.05031753786028348,-0.06400839454354668,-0.018591772151898778
2021-03-19,0.023666666666666725,-0.0005144032921809982,0.02130044843049328,0.02176541717049596
2021-03-22,0.0021165744057309865,0.008749356664951025,0.0038419319429197074,0.018540433925049227
2021-03-23,-0.061575954508529596,-0.032653061224489854,-0.04373974849644602,-0.02865995352439965
2021-03-24,0.0592105263157896,0.049050632911392444,0.04402515723270439,0.003987240829345984
2021-03-25,-0.04282445243543642,-0.03418803418803418,-0.042716319824753546,0.02065131056393965
2021-03-26,0.04115437158469937,0.02394586153045286,0.035469107551487467,-0.005058365758754846
2021-03-29,0.009676890273905281,0.014234875444839812,0.0,0.011341415721548564
2021-03-30,-0.016406757634827907,-0.003007518796992459,-0.011602209944751474,0.014307811291570216
2021-03-31,-0.022956234516928187,-0.018099547511312264,-0.010061486864169966,-0.00571864277544798
2021-04-01,0.03870858688302925,0.03533026113671256,0.03444381705251276,0.011886503067484622
2021-04-05,-0.045565500406834936,-0.030168150346191802,-0.03275109170305679,-0.04850322091701387
2021-04-06,0.011594202898550732,0.0025497195308514797,0.01241534988713311,-0.021903624054161797
2021-04-07,0.007416146974549287,-0.007121057985757906,0.0078037904124861335,0.026058631921824116
2021-04-08,-0.0028442362389158315,0.0035860655737705027,0.0011061946902655162,0.0007936507936507908
2021-04-09,-0.004697986577181235,0.0015313935681469104,-0.0011049723756906271,0.0015860428231562196
2021-04-12,0.006405933917734474,0.004077471967380175,0.0,0.0138558986539985
2021-04-13,0.008040201005025116,0.003045685279187804,0.0038716814159291957,0.022647403358063256
2021-04-14,0.04935194416749744,0.030364372469635637,0.04132231404958686,-0.000381825124093238
2021-04-15,0.004908946951702298,0.007858546168958647,0.004761904761904745,0.015278838808250539
2021-04-16,-0.005200126063662158,-0.005847953216374324,-0.0015797788309637184,0.008276899924755554
2021-04-19,0.003960082369713236,0.002450980392156854,-0.0015822784810125556,0.025746268656716476
2021-04-20,-0.014831177027453513,-0.013691931540342317,-0.006867406233491913,-0.008002910149145226
2021-04-21,-0.017456758488148538,-0.016856717897868023,-0.01382978723404249,-0.012834616795012743
2021-04-22,0.001303993480032517,-0.004034291477559293,0.003775620280474623,0.02117384843982162
2021-04-23,0.011557870747191945,0.010632911392405076,0.006985491671144706,-0.006911604219716261
2021-04-26,-0.003701319600901254,-0.008517034068136198,0.0026680896478121774,0.0219780219780219
2021-04-27,0.016637053787756484,0.02071753410813537,0.014369345396487487,0.02974910394265229
2021-04-28,0.014617095646647593,0.025742574257425765,0.017313746065057867,0.018099547511312153
2021-04-29,0.01800814281240215,0.013513513513513598,0.011346054667354277,-0.0047863247863246805
2021-04-30,-0.021996615905245487,-0.014285714285714457,-0.020397756246812837,0.006870491240123622
2021-05-03,0.014312676942434654,0.015458937198067568,0.016137428422696498,0.011941316956670223
2021-05-04,0.018607536052101192,0.02331113225499526,0.024077868852458995,0.0003371544167227736
2021-05-05,-0.0009133810321205749,0.0,0.002001000500250205,-0.009774182676103749
2021-05-06,-0.014017979582508056,-0.017201301720130124,-0.00649026460309543,-0.0034036759700477592
2021-05-07,0.0029361767887499113,0.0061494796594134815,0.010552763819095645,0.010245901639344357
2021-05-10,0.00030816640986119914,0.0028208744710862543,0.002983590253605062,-0.008789722785666032
2021-05-11,0.005545286506469571,0.003281762775433794,0.012394645513138292,0.00784447476125516
2021-05-12,0.01225490196078427,0.00981308411214954,0.013712047012732542,0.004737732656514337
2021-05-13,-0.03420096852300236,-0.030541416011105937,-0.033333333333333326,0.001347254968002698
2021-05-14,0.02428705734879344,0.015274463007159733,0.017491254372813625,-0.004036326942482349
2021-05-17,0.013767783386874566,0.014574518100611167,0.011787819253438192,0.04998311381290099
2021-05-18,-0.011770031688546845,0.0013901760889714065,-0.001941747572815511,-0.03119974268253456
2021-05-19,-0.03252404947320198,-0.027302174919019095,-0.02383268482490264,-0.015936254980079667
2021-05-20,-0.020675505050505083,-0.026165556612749663,-0.021425012456402714,-0.013157894736842146
2021-05-21,0.024657534246575352,0.010747435271128314,0.012219959266802416,-0.006495726495726384
2021-05-24,0.03884869455803708,0.023682938617689775,0.02716297786720312,-0.006882312456985562
2021-05-25,0.0003028009084027339,-0.00047214353163360645,-0.003428011753182969,0.009355509355509328
2021-05-26,0.0021189647343726747,0.01558809636277747,0.004914004914004844,0.02437349811191214
2021-05-27,0.009666213562905979,0.0009302325581397319,0.005378973105134577,-0.00871313672922247
2021-05-28,-0.007928197456993247,-0.005576208178438624,-0.005350194552529275,0.009465855307640325
2021-06-01,0.021109770808202644,0.014018691588784993,0.013202933985330123,0.03951774949765574
2021-06-02,0.016391021854695875,0.011059907834101379,0.016891891891891886,-0.009342783505154606
2021-06-03,-0.00029057097195983594,0.003646308113035568,-0.0023730422401520013,-0.011056910569105738
2021-06-04,0.011771544833599767,0.004541326067211804,0.008563273073263655,0.018414995067411954
2021-06-07,-0.005601838552140248,-0.008589511754068746,-0.0018867924528301883,-0.008718114304165359
2021-06-08,0.01184457605084499,0.011855905152758694,0.008979206049149147,0.01889250814332266
2021-06-09,-0.0012847965738758127,-0.007210455159981977,-0.0023419203747072626,0.00031969309462920315
2021-06-10,0.004716981132075748,0.004085338175215725,0.00610328638497637,0.006391818472355482
2021-06-11,0.00882060036989607,-0.01175406871609419,-0.010265982267848694,0.04668148618609069
2021-06-14,-0.0004230714990833828,-0.006861848124428249,-0.004243281471004168,0.016990291262136026
2021-06-15,0.01749435665914234,0.0,0.0,-0.03341288782816221
2021-06-16,0.0004159733777038266,-0.006909258406264218,-0.0042613636363635354,0.003395061728394877
2021-06-17,-0.01538461538461533,-0.010204081632653184,-0.01711840228245365,0.0006151953245157049
2021-06-18,0.008445945945945832,0.015932521087160367,0.012578616352201255,-0.011681524746388061
2021-06-21,0.02819653824678947,0.013376383763837651,0.016244624940277008,-0.007465007776049748
2021-06-22,-0.008145533532446292,0.012289485662266841,0.01128349788434413,0.020996552804763535
2021-06-23,0.0002737476047083298,0.019334532374100544,0.003719200371919973,0.023020257826887658
2021-06-24,0.003010399562123789,0.006175562417291669,0.0013895321908290459,0.025502550255025458
2021-06-25,0.01023192360163705,-0.007452871547567019,-0.006012950971322817,0.022820362785254567
2021-06-28,-0.015395003376097227,-0.020759717314487558,-0.014425314099581255,0.034610983981693266
2021-06-29,0.0009600877794542217,0.009923319801533603,0.0018885741265344258,0.003594138789051682
2021-06-30,0.006714168265278042,0.0022331397945511977,0.0032987747408106394,0.005509641873278293
2021-07-01,0.023955355927589572,0.010695187165775222,0.012682010333489924,0.0030136986301370072
2021-07-02,-0.0009304798617574273,0.014109347442680775,0.010667903525046318,0.01065282709642168
2021-07-06,-0.02381585949973375,-0.03130434782608682,-0.03396053235429086,-0.017027027027027075
2021-07-07,-0.015946572168461293,-0.00987432675044897,-0.0076009501187648265,-0.011273027220236487
2021-07-08,0.010249307479224257,0.022212148685403443,0.014839636189564409,0.025583982202447286
2021-07-09,0.022210035645736204,0.016407982261640752,0.01650943396226401,-0.00379609544468551
2021-07-12,-0.006169527896995763,-0.006544502617800929,-0.002320185614849146,0.020413718018508442
2021-07-13,0.015519568151147078,0.01800614844093107,0.015813953488372112,-0.01413710322752737
2021-07-14,-0.028172757475083077,-0.01035375323554788,-0.01831501831501836,-0.009740259740259716
2021-07-15,-0.020237932449063134,-0.019180470793374038,-0.014458955223880632,-0.012568306010929065
2021-07-16,0.002233077459874444,0.001777777777777878,0.0,0.0166021029330381
2021-07-19,-0.07505918395766609,-0.06388642413487144,-0.06057737813535258,0.02857920522591173
2021-07-20,0.01505570611261664,0.010426540284360408,0.014105793450881476,0.02566816618152945
2021-07-21,0.042717294571343656,0.039868667917448475,0.03676105315449596,0.021413828689370584
2021-07-22,0.022901849217638715,0.025259359494812728,0.02204120747484417,0.011113917655973804
2021-07-23,0.002225003476567844,0.007919049714034232,0.00046882325363339916,0.014239320509617626
2021-07-26,-0.002220063826834928,0.007420340462680031,0.007966260543580184,0.010344827586207028
2021-07-27,-0.0036156306494227186,0.0025996533795495935,-0.0032543003254298375,-0.03193564115065828
2021-07-28,0.01032798325191897,-0.002592912705272399,0.005597014925373234,0.01838327877109025
2021-07-29,0.01699129714048908,0.018630849220104162,0.015306122448979442,0.0037091988130564246
2021-07-30,0.004482477587611999,0.0063802637175669474,0.004568296025582397,-0.03572308450357231
2021-08-02,-0.0363759296822177,-0.03846153846153855,-0.028649386084583783,0.005365355135411365
2021-08-03,-0.00982318271119842,-0.0017582417582417964,-0.004681647940074973,0.023379923761118082
2021-08-04,-0.03415532879818595,-0.009247027741083214,-0.024459078080903085,0.032530419667246235
2021-08-05,0.01379310344827589,0.019555555555555548,0.015429122468659573,-0.0043290043290045155
2021-08-06,-0.01172383847155889,-0.016129032258064502,-0.009971509971509973,0.0
2021-08-09,-0.026362038664323295,-0.009747452370403309,-0.020623501199040883,-0.019323671497584516
2021-08-10,0.027226233453670368,0.014765100671140896,0.018609206660137323,0.0071428571428573395
2021-08-11,0.014057695123737002,0.014991181657848518,0.012499999999999956,-0.007336757153338258
2021-08-12,-0.002310469314079411,-0.011728931364031303,-0.0009496676163341933,-0.03104212860310429
2021-08-13,-0.009408018526559592,-0.005274725274725278,-0.012357414448669335,-0.01830663615560635
2021-08-16,-0.016803039158386768,-0.02739726027397249,-0.01443695861405192,0.022015022015021923
2021-08-17,-0.010402734433051064,-0.01590186278964112,-0.005859375,-0.02762290927521538
2021-08-18,-0.016969514942183683,-0.008310249307479145,-0.007367387033398898,0.003909304143862258
2021-08-19,-0.027039413382218047,-0.030726256983240385,-0.02572983671449769,-0.005711318795430853
2021-08-20,-0.02151044119956036,-0.02785782901056666,-0.03098019299136623,0.00548302872062667
2021-08-23,0.05327342747111685,0.048913043478260976,0.050838574423480054,0.02440924435211622
2021-08-24,0.028945764777574823,0.027319830428638614,0.030922693266833168,-0.012420785804816203
2021-08-25,0.012140953509031549,0.05502063273727642,0.02467343976777925,0.0002566735112936591
2021-08-26,-0.0137507314218841,-0.01999130812690142,-0.016525023607176448,0.07364639466256095
2021-08-27,0.01957876001186576,0.00842572062084268,0.012481997119539123,0.04445506692160617
2021-08-30,0.006837358161187135,0.01715039577836408,0.014698909435751695,-0.014874141876430325
2021-08-31,-0.01025863314549913,-0.012970168612192023,-0.0042056074766356755,0.01672473867595814
2021-09-01,0.0013138686131386468,-0.07533946561541816,-0.000938526513373894,0.054375142791866615
2021-09-02,0.020411138649948812,0.025106584557081923,0.018318459370596507,0.005633802816901401
2021-09-03,-0.010001428775539223,-0.004621072088724643,-0.004151291512915267,0.015298427063132891
2021-09-07,-0.013566171164670404,-0.011142061281337101,-0.01713756368689201,-0.03056027164685915
2021-09-08,0.013899049012435993,0.0009389671361503815,0.006597549481621279,0.07574430823117351
2021-09-09,-0.01673881673881672,-0.015009380863039379,-0.010299625468164875,0.023809523809523725
2021-09-10,0.023187555033753915,0.02571428571428558,0.015137180700094621,-0.018485390578413807
2021-09-13,0.010470453241537614,0.0032497678737233304,0.005591798695246952,0.059335763466990654
2021-09-14,0.0001419446415895642,0.00509023600185099,0.0013901760889714065,0.005543873064423721
2021-09-15,0.030513766676128373,0.016114180478821183,0.02036094400740396,0.03802281368821303
2021-09-16,0.0,-0.011780697779791516,0.0027210884353741083,-0.022893772893772923
2021-09-17,-0.008814212918330844,-0.004585052728106498,-0.0009045680687470581,-0.04311152764761006
2021-09-20,-0.023343059608169958,-0.02579456471672026,-0.022634676324128633,-0.02350636630754166
2021-09-21,0.003841229193341844,-0.004728132387706974,0.0069476609541454515,-0.03610832497492489
2021-09-22,0.023667800453514687,0.009026128266033329,0.017479300827967004,0.0
2021-09-23,0.014813789284230827,0.02259887005649719,0.01672694394213381,0.03558792924037468
2021-09-24,0.009276944065484294,0.007366482504604033,0.008003557136504913,0.03295819935691302
2021-09-27,0.019870235198702346,0.01645338208409508,0.012792236435818172,0.11011673151750978
2021-09-28,-0.002120609675281604,-0.009892086330935412,-0.0030487804878047697,0.023659305993690705
2021-09-29,-0.006109709124717866,0.012261580381471404,0.008300567933595238,-0.062318096216401275
2021-09-30,0.0026727248429774253,0.0112157918349034,0.014731369150779994,0.07120686507211982
2021-10-01,0.011328801812608313,-0.0017746228926353025,0.017506404782237306,-0.042270325549684684
2021-10-04,0.022930943595150355,0.02622222222222237,0.022660511959714524,0.026161238654564878
2021-10-05,0.01687709353259481,0.021221307925508803,0.023389413212966836,0.09469302809573366
2021-10-06,-0.019004180919802383,-0.02120441051738775,-0.020850040096230926,-0.1009188846641319
2021-10-07,0.01123595505617958,0.011265164644714165,0.0073710073710073765,0.00035242290748893623
2021-10-08,0.013409961685823646,0.01371036846615259,0.005691056910569259,-0.01972872996300845
2021-10-12,0.01625708884688093,0.007185122569737912,0.014551333872271366,-0.010781671159029727
2021-10-13,-0.0024801587301587213,0.009651699538397063,0.004382470119521864,0.015440508628519423
2021-10-14,0.010815514669318738,0.012053200332502012,0.015866719555731823,0.0173524150268336
2021-10-15,0.011929651949329712,0.02094455852156063,0.0050761421319796,-0.048707578688236386
2021-10-18,0.001944579484686404,0.0004022526146418848,-0.009712509712509698,-0.07781885397412203
2021-10-19,0.006307617661329479,-0.00442299959790915,0.004707728520988663,0.0198436560432953
2021-10-20,0.010969141755062806,0.01292407108239102,0.012104646622413284,0.016116352201257733
2021-10-21,-0.016334803863121583,-0.011164274322169043,-0.016589506172839608,-0.010638297872340385
2021-10-22,0.015272727272727327,0.0008064516129033805,-0.003923107100823775,0.032258064516129004
2021-10-25,0.0,0.013698630136986134,0.01024025206774315,0.11704545454545445
2021-10-26,0.010625596943648619,0.0003974562798092496,0.004678362573099504,-0.002712783994574419
2021-10-27,-0.023508564678086374,-0.02661899086213737,-0.02405898331393086,0.05440326419585184
2021-10-28,0.0018146624727801708,-0.00612244897959191,0.0007952286282304488,-0.06772009029345372
2021-10-29,0.009177635551261831,0.011088295687885052,-0.008343265792610244,-0.0615703908682117
2021-11-01,0.00574368792628932,-0.021527213647441257,0.002804487179487225,-0.04423147806855887
2021-11-02,-0.0016656751933372682,0.017019510170195318,0.0019976028765480436,0.06864635557269572
2021-11-03,-0.03634846859730656,-0.04530612244897969,-0.029106858054226414,0.0230963551064598
2021-11-04,-0.025352461043779306,-0.01966652415562198,-0.01149897330595484,0.00811287477954159
2021-11-05,0.031214312904453756,0.012211077191452313,0.020357291233901176,-0.034989503149055357
2021-11-08,0.0081210778885199,0.0004308487720809939,0.004478827361563464,-0.016134880348078418
2021-11-09,0.02709630172098132,0.02282515073212754,0.016619375760032362,-0.08255021190344569
2021-11-10,-0.033392751039809876,-0.032842105263157784,-0.022328548644338087,-0.019883510745129618
2021-11-11,0.0030735185640520246,0.009142359599477512,-0.002039151712887377,0.05512295081967222
2021-11-12,-0.009805123176859887,-0.0030198446937015344,-0.017572537801389565,-0.06952806370168962
2021-11-15,0.0011139992573336865,0.007788836001730859,-0.0024958402662228485,0.04717178042162384
2021-11-16,-0.0014836795252224366,0.009016745384285096,0.013761467889908285,0.03189156866653353
2021-11-17,-0.029717682020802494,-0.029787234042553346,-0.027560674619498182,-0.06973150473247047
2021-11-18,0.008295048494129764,0.006140350877193113,0.008460236886632888,0.017857142857143016
2021-11-19,-0.036830780913808536,-0.03574542284219695,-0.03817114093959717,0.03325173398612824
2021-11-22,0.00854139290407363,0.02169981916817343,0.013955516790231215,-0.054491609081934955
2021-11-23,0.0228013029315961,0.03407079646017719,0.025376344086021296,0.037168511171434604
2021-11-24,-0.0014012738853502738,-0.007274283269148585,-0.00041946308724827297,0.02033420575800271
2021-11-29,-0.10766679423395842,-0.10474137931034477,-0.09693663449433487,-0.04222573007103381
2021-11-30,-0.05389563974267331,-0.046701974000962876,-0.040892193308550207,-0.05912649361351463
2021-12-01,-0.009217286189181273,-0.014646464646464574,0.006298449612403001,-0.06765929494197509
2021-12-02,0.01418331554064367,0.00871348026652985,0.0125180548868562,-0.04744011272898074
2021-12-03,-0.0036090225563909506,-0.007621951219512146,-0.002377555872563164,0.018737672583826415
2021-12-06,0.04874735888922421,0.04608294930875578,0.034795042897998174,-0.11495643756050333
2021-12-07,0.036839833069506334,0.027900146842878115,0.024873330262551896,0.013945857260049266
2021-12-08,0.0043025676613464015,0.023333333333333206,0.016179775280898978,0.02885652642934189
2021-12-09,-0.01962410171365403,-0.009771986970684043,-0.0048651039363114545,-0.0002621231979029748
2021-12-10,0.0102903862418946,0.004229323308270638,0.000888888888888717,0.02910330361824842
2021-12-13,-0.0053020789730710005,-0.009358914365933613,-0.008436944937832869,-0.03337579617834385
2021-12-14,-0.007855239163978123,-0.0028341993386866715,-0.006717420510524041,-0.01238798102266736
2021-12-15,0.0019793581224374357,0.008053055423969724,0.0009017132551849549,0.01467840939418208
2021-12-16,0.02130661775081122,0.02349624060150357,0.02072072072072073,-0.00946870068385064
2021-12-17,-0.02100027631942525,-0.025711662075298514,-0.02030008826125318,-0.020180562931492285
2021-12-20,-0.03711543889359292,-0.015080113100848225,-0.021171171171171288,0.039024390243902474
2021-12-21,0.04235673457423417,0.02966507177033506,0.039116428900138,0.009128847157016118
2021-12-22,0.02305961754780661,0.0074349442379182396,0.0221434898139945,0.0276557249935383
2021-12-23,0.014156129741616397,0.017527675276752586,0.009965337954939368,-0.06161971830985913
2021-12-27,0.024122509825179383,0.012692656391659174,0.009867009867009946,0.0881801125703563
2021-12-28,0.005425433373031696,0.005819158460161011,0.007221750212404343,-0.0012315270935960854
2021-12-29,0.007633587786259444,0.011125945705384943,0.002952340784479146,-0.00764488286066578
2021-12-30,0.005616509926854585,0.011003521126760729,0.007569386038687842,-0.11505964214711728
2021-12-31,-0.023119885699441456,-0.029603831084022647,-0.027545909849749473,0.0474585790508284
2022-01-03,0.011567610690067953,0.012561686855091958,0.011587982832618193,0.02278820375335111
2022-01-04,0.0119610935856993,0.008418254319893625,0.02248621128553241,-0.025688073394495414
2022-01-05,0.011170281854786301,0.007029876977152849,0.014937759336099532,0.04439063761097661
2022-01-06,0.020680796403339752,0.005235602094240788,0.013082583810302584,-0.01803194229778471
2022-01-07,-0.00704757110495835,-0.0021701388888888395,0.0016142050040355294,0.02728226652675758
2022-01-10,-0.008491761723700919,-0.010439321444106198,0.00241740531829171,0.04162410623084778
2022-01-11,0.0382206314713025,0.03604395604395627,0.030546623794212246,0.04167688158862459
2022-01-12,0.017483378478207356,0.014425116673737692,0.011700468018720711,0.14309249235114163
2022-01-13,-0.006292352371732757,-0.0029276453366792188,0.005782575173477245,-0.1208564957792877
2022-01-14,0.020701412566975108,0.01468120805369133,0.009582215408202366,-0.0018735362997658322
2022-01-18,0.019207826294440622,0.005374121537825571,0.01518602885345488,0.00492726419521361
2022-01-19,0.017909399508369228,0.010279605263157965,0.006731488406881203,-0.0588372636002803
2022-01-20,-0.0006899724011038,0.002035002035002176,-0.007429420505200568,-0.056809724634085734
2022-01-21,-0.020253164556962133,-0.008123476848091005,0.007110778443113697,0.05181483429773803
2022-01-24,-0.021494009866102837,-0.018018018018018056,-0.02378298030471948,0.007001750437609422
2022-01-25,0.027487696555035246,0.025854879065888126,0.015987818804720222,0.006456419170598471
2022-01-26,0.0204439252336448,0.025609756097561,0.028100412139378195,0.05526770293609684
2022-01-27,-0.008471665712650234,-0.0007927070947285619,0.01858600583090375,0.46481178396072
2022-01-28,0.0024246622791823658,0.008330027766759285,-0.003220035778175312,-0.25953711093375886
2022-01-31,0.0153190509099288,0.00472069236821393,-0.009691313711414296,0.05065746928217285
2022-02-01,0.0005672149744753163,0.008222396241190477,-0.0065241029358462654,-0.02523594583504296
2022-02-02,0.0006802721088434716,0.012427184466019536,0.010215249908792412,0.15786150284150713
2022-02-03,0.02277362338545208,0.013808975834292081,0.02564102564102555,-0.11143428467551364
2022-02-04,0.02259887005649719,0.013620885357548351,0.012323943661971981,-0.06464811783960722
2022-02-07,-0.010724731881703087,0.002239641657334923,-0.006956521739130417,-0.0743657042869641
2022-02-08,-0.02146298729741558,-0.022346368715083775,-0.021716287215411523,0.003780718336483968
2022-02-09,0.003357206803939139,0.010666666666666602,0.011457214464733356,-0.05626177024482104
2022-02-10,0.002453714030782983,0.004523181304183943,0.000707964601769806,-0.0124719381391869
2022-02-11,0.03582554517133962,0.02776735459662283,0.0297134771842944,-0.0045466026774438895
2022-02-14,0.025349087003222248,0.014603870025556853,0.017519752662315424,0.06445064704389769
2022-02-15,-0.03551225644248901,-0.03958258366318812,-0.03443619176232282,0.026460071513706662
2022-02-16,0.01726946888237224,0.002997377294867043,-0.0006993006993005757,0.09544821179749174
2022-02-17,-0.0202861413623745,-0.0104594695554725,-0.02519244226731987,-0.04897180411278357
2022-02-18,-0.007519616390584294,0.007927519818799578,-0.001435750179468731,-0.012260365581809984
2022-02-22,0.014055122433292988,0.015355805243445708,0.013299784327821751,0.015120740239223718
2022-02-23,-0.002707092582566295,0.005164146071560349,0.003547357218872005,0.027790128946198367
2022-02-24,0.007709011943539679,0.01688073394495415,0.02403676210675143,-0.011897036556348772
2022-02-25,-0.013145135222497606,-0.015878744135691125,-0.016223679668622593,-0.02145359019264448
2022-02-28,0.045092258980238054,0.02566923359002571,0.05719298245614035,-0.015212527964205691
2022-03-01,0.08033848725449233,0.10439756882373974,0.04580152671755733,0.03884597910040899
2022-03-02,0.06952905908519491,0.07089673033344113,0.10917169152649953,0.041329542969604116
2022-03-03,-0.026491862567811886,-0.00725513905683195,0.002288984263233207,-0.008399832003359808
2022-03-04,0.07439398161047661,0.0791717417783191,0.0779332001141877,0.06226175349428198
2022-03-07,0.032157676348547604,0.007900677200902928,0.03866525423728828,-0.03648325358851667
2022-03-08,0.03601340033500833,0.031075027995520754,0.13131055583885765,-0.06331471135940414
2022-03-09,-0.12126111560226349,-0.10562041813738798,-0.21929231462700027,-0.00022089684117521102
2022-03-10,-0.024655013799448122,-0.041590771098967805,-0.04849884526558901,0.02319929297392842
2022-03-11,0.03122052442935308,0.04909724421919548,0.03701456310679618,0.020297991794428816
2022-03-14,-0.05780664044635497,-0.04317632850241537,-0.04154476301930965,-0.01417989417989407
2022-03-15,-0.06378021551305701,-0.053960239823288014,-0.07509157509157505,-0.019321597252039635
2022-03-16,-0.014516798009124754,-0.0033355570380254607,0.02310231023102327,0.03940455341506133
2022-03-17,0.08354377104377098,0.07663989290495321,0.12483870967741928,0.05096882898062338
2022-03-18,0.016702272285880726,0.006838669567920341,0.03183252079151133,-0.025450901803607207
2022-03-21,0.07086914995224447,0.04106205619018222,0.05642023346303504,0.0076084721365412555
2022-03-22,-0.003210845522654271,-0.012158956109133978,0.016574585635358963,0.0585714285714285
2022-03-23,0.02836435218324973,0.03242269588712099,0.06495859213250532,0.00867553499132434
2022-03-24,-0.022535456364743744,-0.014248328002326227,0.009234507897934341,0.03230122324159024
2022-03-25,0.01388641623642517,0.02359882005899716,-0.009150012039489397,0.03147565265691532
2022-03-28,-0.06971027216856907,-0.07233429394812685,-0.0806804374240584,-0.011308562197092087
2022-03-29,-0.016232540581351484,-0.004970487729108464,-0.017710811525244452,-0.031227305737109634
2022-03-30,0.03434382194934771,0.03808929128941618,0.025026910656620105,0.05041229385307355
2022-03-31,-0.06993136709330361,-0.04060150375939853,-0.030979259648201696,0.0066012488849240825
2022-04-01,-0.010071798962903888,-0.011285266457680243,-0.072338119750745,0.013824884792626557
2022-04-04,0.04039488264329605,0.013950538998097617,0.035630841121495394,-0.0013986013986013734
2022-04-05,-0.012780790085205385,-0.010318949343339545,-0.021996615905245265,0.05602240896358546
2022-04-06,-0.056198509219301584,-0.03759873617693532,-0.035467128027681594,-0.0004973474801061029
2022-04-07,-0.002078353943676614,-0.001969796454366346,-0.023019431988042016,0.05473544534748709
2022-04-08,0.023221909819848063,0.03026315789473677,0.015299877600979173,-0.012737851863500627
2022-04-11,-0.04040301241603905,-0.04118773946360155,-0.015069318866787307,0.058139534883721034
2022-04-12,0.06692120055148987,0.050283050283050246,0.059975520195838516,0.00556977269306036
2022-04-13,0.03628230616302197,0.043436905516804014,0.0733256351039262,0.0474550898203594
2022-04-14,0.025899280575539585,0.027347310847766648,0.036847767616998484,0.04330427325996844
2022-04-18,0.011781206171108005,-0.0008873114463175957,0.009338521400778177,0.07123287671232892
2022-04-19,-0.05221328897514088,-0.038780343398460704,-0.007453096890259525,-0.08235294117647063
2022-04-20,0.001852574102964022,0.011703110563597185,0.02874158467115473,-0.03330546265328871
2022-04-21,0.010121654501216604,0.016438356164383494,-0.018122325698464614,0.0028830906732015826
2022-04-22,-0.016571924077464217,-0.010182689427972402,0.00974109202768525,-0.060802069857697316
2022-04-25,-0.03458410894484165,-0.01966717095310133,0.038588474232038594,0.02066115702479343
2022-04-26,0.03206819565658603,0.030555555555555447,0.09215350769982877,0.027140500824711422
2022-04-27,0.0031465093411995326,0.03504043126684642,0.04610564010743068,0.060875912408759225
2022-04-28,0.03273867869045288,0.01359953703703698,0.09863072314933663,-0.052153570937113036
2022-04-29,-0.00635914958238426,-0.008849557522123908,-0.06874391431353455,0.05168408826945403
2022-05-02,0.004584965135161045,0.010944700460829404,-0.12066081137599327,0.031888459414687986
2022-05-03,-0.02624322525435019,-0.002564102564102555,-0.029013079667063013,0.06408026755852836
2022-05-04,0.05272922566155658,0.04313053413310497,0.02792064658339455,0.05795825999497106
2022-05-05,0.0041740098321121355,0.00191675794085433,-0.037169406719084974,0.04373143196672613
2022-05-06,0.01394790319600947,0.027329871549603757,-0.02152932442464739,-0.084253671866105
2022-05-09,-0.060854513983784164,-0.031125299281723917,-0.030096105209914015,-0.12644535621036923
2022-05-10,-0.03230187215054803,-0.027457440966501934,0.02529335071707961,0.0510959294050668
2022-05-11,0.059643143544506616,0.04065499717673626,0.004832146490335809,0.03452945159106302
2022-05-12,0.003973134045974769,0.02875746066196405,-0.008858516831181995,0.012958115183246077
2022-05-13,0.04108169226420433,0.04377637130801704,0.0012768130745659523,-0.009820390231295995
2022-05-16,0.03357769933930688,0.016422435573521854,-0.0033154807447079992,0.03823567793292448
2022-05-17,-0.015761821366024442,-0.020134228187919323,-0.02789150460593659,0.043740573152337925
2022-05-18,-0.025000000000000022,-0.05606291222729576,-0.03448275862068961,0.007707129094412402
2022-05-19,0.02390729081120524,0.029830690674549798,0.03380588876772084,-0.0071701720841300665
2022-05-20,0.009090098921664902,0.0013048016701462384,-0.013976793248945185,-0.027082330284063483
2022-05-23,-0.025964850304689535,-0.010164190774042292,0.00802353570473402,0.08177656810590128
2022-05-24,-0.004714842687460474,0.003422854133754649,0.003449190766781518,0.005946935041170942
2022-05-25,0.0051015760225927576,0.005510364733665618,0.022210470650449565,0.019895407003183374
2022-05-26,0.03407957944348783,0.011743215031315257,0.026383859286083666,-0.007022628469512959
2022-05-27,0.008589709878166207,0.03585246324477698,0.008820564516129004,-0.0203188145487202
2022-05-31,-0.003476144955244509,0.015936254980079667,0.02198351236572571,-0.06668958404950165
2022-06-01,0.005145199267463152,-0.0019607843137254832,0.012710828648252237,0.06764886433394723
2022-06-02,0.013968419226097595,0.029223968565815328,0.01568911416847696,-0.024264029438822443
2022-06-03,0.01711303157354327,0.014554998806967312,0.017110266159695797,0.004478491455509825
2022-06-06,-0.003112644064944936,-0.013875823142050825,0.01869158878504673,0.09374633345066297
2022-06-07,0.0076793248945148385,-0.00834724540901488,-0.008944954128440541,-0.0031109204033469284
2022-06-08,0.02261117159366899,0.015392015392015512,-0.0016199953714417514,-0.06391907887657367
2022-06-09,-0.004913602489558522,0.01279014684983415,0.020862308762169546,0.030348315898379052
2022-06-10,-0.006913011274792269,-0.024321796071094526,-0.008401453224341493,-0.012607385919892855
2022-06-13,0.0021546366122482397,-0.03283796740172573,-0.01923517288756571,-0.027231638418079074
2022-06-14,-0.01653849334325641,-0.010161090458488231,0.025916413728694687,-0.1649436636078523
2022-06-15,-0.03043807281594224,-0.025037556334501776,0.03482020937642227,0.03213242453748788
2022-06-16,0.0197727864018733,0.01592193117616847,0.0052782054101605524,0.005929919137466433
2022-06-17,-0.06828811973807303,-0.041203235591506515,-0.050535987748851485,-0.06966773847802787
2022-06-21,0.009948886454910655,0.0005272871078301211,0.004147465437787989,-0.019585253456221197
2022-06-22,-0.04030727519204702,0.010276679841897174,0.010784763653052032,0.007344300822561767
2022-06-23,-0.01808079856860345,-0.01773604590505995,-0.015209988649262263,-0.09025955088947213
2022-06-24,0.03212812889613503,0.03159851301115246,0.005763024435223585,-0.003045359833306671
2022-06-27,0.018119308678684165,-0.012355212355212197,-0.030483612193444865,0.045176848874598274
2022-06-28,0.019987222779958236,0.02554078707323426,-0.007328605200945804,0.007691124442393393
2022-06-29,-0.017716535433070946,-0.027445997458703908,-0.038580614432007554,-0.008090367882765959
2022-06-30,-0.03661869192931311,-0.046250326626600446,-0.034431508545949896,-0.1652816251154201
2022-07-01,0.025245839636913736,0.010410958904109702,0.010518214468958398,0.05641592920353977
2022-07-05,-0.08235728119524122,-0.09734273318872022,-0.08555470931708564,-0.036125654450261946
2022-07-06,-0.009748743718592912,-0.02763592670471615,-0.053026096612992735,-0.0023537932283179686
2022-07-07,0.04262661118441091,0.056533827618164834,0.07710348871298733,0.14283121597096193
2022-07-08,0.020052564976151155,0.007894736842105399,-0.00027218290691344293,-0.041765920279498214
2022-07-11,-0.006680026720106924,0.004351610095735481,0.025864416008712254,0.06496519721577743
2022-07-12,-0.07925833413392258,-0.056903523974581205,-0.027866242038216527,-0.040927482103952695
2022-07-13,0.004799666110183676,-0.009494640122511555,0.0008190008190007703,0.08534804478338476
2022-07-14,-0.0053997923156801075,-0.014533085961657477,-0.004637206764866342,-0.013305426820152566
2022-07-15,0.018897473376487728,0.008158142453718265,0.01370238421485337,0.06303030303030299
2022-07-18,0.05133722717491529,0.015873015873015817,-0.011624763449580855,0.06599201824401368
2022-07-19,0.015789473684210575,0.013480392156862697,-0.007932166301969468,-0.028747158711057597
2022-07-20,-0.01880637113797734,-0.009975816203143917,-0.006341328921974032,0.10228524229074876
2022-07-21,-0.05779385879131638,-0.03816793893129766,-0.0038845726970033745,-0.009366804046459287
2022-07-22,-0.017125064867669848,0.02317460317460318,-0.037325905292479034,0.046268280383257476
2022-07-25,0.021119324181626098,0.0493329196400869,0.01765046296296302,0.05157247861188097
2022-07-26,-0.01778697001034124,-0.00798344175044352,0.019050326983224286,0.03048011917039073
2022-07-27,0.024005053695514755,0.022056631892697354,0.037109375,-0.03402646502835549
2022-07-28,-0.00863664404688469,0.01049868766404205,-0.008340059187516902,-0.06365834004834803
2022-07-29,0.022816842978635066,0.006637806637806776,-0.016549104720564256,0.01167937054339796
2022-08-01,-0.047961873859257764,-0.14048165137614677,-0.05103448275862066,0.006562158220926095
2022-08-02,0.0056449036106080985,0.01967978652434943,-0.01744186046511631,-0.06966075093565127
2022-08-03,-0.03982207159500106,-0.04743212299640176,0.010355029585798814,0.07267064624967556
2022-08-04,-0.023384072358261565,-0.04052197802197799,-0.022840409956076058,-0.017420759738688618
2022-08-05,0.005308335215721716,0.02219040801717953,-0.03626011387473782,-0.0071410982516620924
2022-08-08,0.019660712279519155,0.010504201680672454,-0.011504975124378203,-0.05890376984126977
2022-08-09,-0.002864698104892094,0.02564102564102555,0.048757470902799804,0.032151798655949415
2022-08-10,0.015801104972375857,0.03716216216216206,0.02279544091181762,0.047108387590961254
2022-08-11,0.026215598825193087,0.0006514657980456473,0.02170087976539592,0.08193123628383336
2022-08-12,-0.02384990460038161,-0.00846354166666674,0.009758897818599177,-0.011945007888212733
2022-08-15,-0.029101965468563473,-0.0308601444517399,-0.022171688459351913,-0.0045620437956205295
2022-08-16,-0.03221116206240904,-0.017276422764227695,0.011627906976744207,0.06885884509624218
2022-08-17,0.018259563157286385,0.01172009651844208,0.039367816091953944,-0.00911137313752819
2022-08-18,0.02712518442855516,0.0310051107325382,0.009123583079900355,-0.0060579835569016804
2022-08-19,0.002983425414364582,-0.0026437541308658163,0.013972602739726003,0.016107966913365246
2022-08-22,-0.005949102126253103,-0.04208084824387004,0.02026479329910824,0.036846615252784876
2022-08-23,0.03890058738778657,0.014527845036319542,0.017478813559322015,-0.050309917355371936
2022-08-24,0.012267975250693564,-0.04500511421752462,0.0445080687142112,0.014902643315566344
2022-08-25,-0.02497628833386034,0.003927168868261166,-0.015948168452529332,0.004823151125401992
2022-08-26,0.005836575875486361,0.013869132290184938,0.014940491263611078,-0.008426666666666693
2022-08-29,0.04244573393509565,0.009470361276745054,-0.024451097804391142,0.00613166953528399
2022-08-30,-0.05535511802906923,-0.06393328700486456,-0.02378516624040916,-0.033251363198973594
2022-08-31,-0.022806634657354885,-0.03266518188567191,-0.02672255698192305,0.009400575094005825
2022-09-01,-0.03283082077051924,-0.08480429777436693,-0.04145356662180344,0.014791278623863313
2022-09-02,0.003001962821845172,0.03312368972746338,0.0047739399045212405,-0.05139278773483058
2022-09-06,0.00011511453896617674,-0.019480519480519543,-0.0011179429849077493,-0.07295697700887771
2022-09-07,-0.056860036832412475,-0.04470198675496695,0.003357582540570725,-0.03720073664825041
2022-09-08,0.019526482792287192,0.016464471403812908,-0.012827663134411527,0.009308849783218553
2022-09-09,0.03890351927220492,0.037084398976982014,0.011016949152542477,0.01023373341756173
2022-09-12,0.011406844106463865,0.004932182490752224,0.0067057837384745245,0.03164082041020522
2022-09-13,-0.005354294827979,0.014314928425357865,-0.017207882320288692,0.004242938538004726
2022-09-14,0.013400526858321049,0.01814516129032251,-0.04574978819542497,0.10019314340898111
2022-09-15,-0.03820072332730573,-0.038019801980198054,-0.051494525007398595,-0.08667983322361217
2022-09-16,0.00011750881316108241,-0.00535199670646358,-0.009984399375975062,-0.067275348390197
2022-09-19,0.007284690400658045,0.019867549668874274,0.04349196344153805,-0.0015455950540959051
2022-09-20,-0.014930596057389445,-0.006493506493506551,0.01842343702808824,-0.004514963880288936
2022-09-21,-0.017880402605091827,0.015931372549019773,-0.011269276393831462,0.008034210185305257
2022-09-22,0.006631299734747964,0.011660635303578637,0.02339532093581287,-0.08870034708831465
2022-09-23,-0.056893041082764384,-0.05286168521462642,-0.051289566236811246,-0.03681760473973761
2022-09-26,-0.025781051562103086,0.0004196391103650221,-0.03336422613531054,0.010984182776801354
2022-09-27,0.023334636944335907,0.04572147651006708,0.04186641099392774,-0.03650586701434155
2022-09-28,0.046496815286624305,0.03409546730846369,0.057975460122699385,0.032626672680799995
2022-09-29,-0.01119902617163726,-0.027152831652443643,-0.009857929834734658,0.0008736167734419986
2022-09-30,-0.021420657392589026,-0.013955342902711387,-0.013469985358711467,-0.015711376200174487
2022-10-03,0.052082022895961755,0.016174686615446854,0.0,-0.043748152527342654
2022-10-04,0.03455697716130568,0.06764822920811775,0.04956960522410214,0.05672333848531674
2022-10-05,0.01433194637078139,-0.005218039508013361,0.04270361990950211,0.013602457218078179
2022-10-06,0.007862351868732853,0.0044960659423005644,0.04827773257390833,0.0060606060606061
2022-10-07,0.04737139626907849,0.020141738157403832,0.039844760672703705,-0.032128514056224966
2022-10-10,-0.01629965457685667,-0.040950639853747584,-0.025877083851704397,-0.04638411381149976
2022-10-11,-0.019532535937671458,0.0015249714067859799,0.004086845466155786,0.025019425019425112
2022-10-12,-0.02327923894795747,0.0011419870574800317,0.0005087763927753564,-0.02440873256519105
2022-10-13,0.021083992208089875,0.027756653992395464,0.041189931350114506,0.047552447552447585
2022-10-14,-0.03927729772191668,-0.02663706992230852,-0.028083028083027983,-0.042723631508678195
2022-10-17,-0.0017521317603084174,-0.014443177499049775,0.02638190954773867,-0.0703548737021541
2022-10-18,-0.030891645214135233,-0.016197454685692225,-0.022276621787025608,-0.04234039006501078
2022-10-19,0.032963052402801285,0.03959231673853392,-0.0225338007010516,-0.04926022628372506
2022-10-20,0.005026300409117557,-0.0015082956259426794,-0.03765368852459017,-0.019040644452581468
2022-10-21,-0.010816468946266644,0.005287009063444037,0.019962736225711986,-0.07446808510638303
2022-10-24,-0.005526161081716663,0.02554470323065372,0.022964509394572064,0.048396854204476814
2022-10-25,0.008749113265547281,0.06813186813186811,0.011989795918367463,0.0796306982111945
2022-10-26,0.030356305672761374,-0.005829903978052053,0.03856818754726499,-0.0012471049349724872
2022-10-27,0.013309066090319677,0.038978958261469465,0.051941747572815444,-0.07491972886193365
2022-10-28,-0.013246519982038518,-0.03486055776892427,0.049838486386709846,0.09602776706517546
2022-10-31,-0.015585893060295897,-0.03302373581011353,-0.07890109890109887,0.11805066854327939
2022-11-01,0.021264301398358887,-0.07684098185699029,-0.13600572655690768,-0.10086546026750587
2022-11-02,0.018445173701482354,0.03930635838150276,0.015465341066003946,0.09695484774238694
2022-11-03,-0.020333333333333314,-0.0011123470522803602,0.05112863747620344,-0.046745373324824535
2022-11-04,0.05035726437563803,0.01521900519673336,0.012936610608020649,0.07112970711297084
2022-11-07,-0.00885433538494751,-0.029981718464350937,-0.03422733077905493,0.08499999999999996
2022-11-08,-0.03137596688092392,-0.006030908405578628,-0.0026448029621793934,-0.1160714285714286
2022-11-09,-0.034641772579012464,-0.03488813045127037,-0.03049588968443373,-0.04447702834799605
2022-11-10,0.007456600256320556,0.008251473477406623,-0.02379649890590818,0.06376811594202891
2022-11-11,0.028796114259280525,0.017147310989867437,-0.003922667413841396,-0.05770155473633598
2022-11-14,-0.034734712230215736,-0.03103448275862064,-0.0030942334739803012,0.009185235584283191
2022-11-15,0.01222778618842435,-0.0051403716884143025,0.027370203160270945,0.017023428282487707
2022-11-16,-0.015301426599171664,-0.0031796502384737746,-0.007415545179895622,0.0275107722903547
2022-11-17,-0.04615025119756988,-0.021132376395534225,-0.02462645268400665,0.027258064516128888
2022-11-18,-0.019108280254777066,-0.013849287169042879,-0.001985815602836949,-0.01036269430051806
2022-11-21,-0.004370629370629264,0.00660883932259404,-0.005969300739056216,0.07504363001745196
2022-11-22,0.015301643045277702,0.04267542059909735,-0.0074349442379181285,0.00044273907910263866
2022-11-23,-0.037183446571958045,-0.02636757182211713,-0.03226735811005477,0.07803510842307126
2022-11-25,-0.021298434693353796,-0.05901374292643502,-0.03572491813039602,-0.038861521620142336
2022-11-28,0.012585212375458843,0.0012886597938144284,-0.007409694350108076,-0.044419134396355364
2022-11-29,0.01242879337131031,0.00042900042900040347,0.025194401244168052,0.07792014302741368
2022-11-30,0.030051150895140655,0.037307032590051525,0.02032766990291268,-0.042156185210781016
2022-12-01,0.008317815021725572,-0.031831335262505145,-0.030032708890871285,-0.027705627705627567
2022-12-02,-0.015267175572518998,-0.026473099914603004,-0.0285101164929491,-0.06782428020184039
2022-12-05,-0.03813453363340835,-0.03421052631578936,-0.05332912590722627,-0.11208406304728546
2022-12-06,-0.034836864682178725,-0.024069028156221584,-0.028000000000000025,-0.01936525013448087
2022-12-07,-0.030168350168350067,-0.03350395532805961,-0.04629629629629628,0.04644359115011887
2022-12-08,-0.007637828079433584,-0.013480982185845036,0.03559870550161803,0.0417613139961559
2022-12-09,-0.006157290792051517,0.00341630063445586,-0.029861111111111116,0.04746729285474682
2022-12-12,0.030273162489439676,0.012159533073929918,0.0626342161775233,0.054763811048839095
2022-12-13,0.030340303403034063,0.03844305622296984,0.04142809026608285,0.052831334446637346
2022-12-14,0.025069637883008422,0.03840814437760298,0.05983182406209564,-0.07281903388608502
2022-12-15,-0.015139751552795011,-0.03431372549019629,0.0018309429356118123,0.0839813374805598
2022-12-16,-0.023912757850479527,-0.01615136132902617,-0.049649710630520816,-0.05308464849354377
2022-12-19,0.012114685691209992,0.021575984990618968,-0.02115384615384619,-0.11348484848484841
2022-12-20,0.011969676818726072,0.02066115702479343,0.0016371971185331624,-0.08972825158092634
2022-12-21,0.02891312918911826,0.014844804318488558,0.026479241582216373,0.0011265490048817384
2022-12-22,-0.01021841869970641,-0.003102836879432469,-0.0028662420382166154,-0.062453113278319594
2022-12-23,0.026713124274099886,0.06002667852378818,0.04311721494730136,0.016003200640128057
2022-12-27,-0.00037707390648566985,-0.010067114093959773,0.026944274341702323,0.03996849773577482
2022-12-28,-0.007167106752169139,0.0012711864406780293,0.007155635062611854,-0.10848163574403646
2022-12-29,-0.007092198581560183,0.0033855268726195042,-0.019242155121373616,-0.03185389679337425
2022-12-30,0.023724489795918347,0.03753690425980594,0.014790220344099048,-0.018425093222197986
2023-01-03,-0.0414901569897832,-0.040243902439024315,-0.0817965496728138,-0.108826815642458
2023-01-04,-0.05316521513063832,-0.043202033036848886,-0.037252996436670016,0.04613841524573714
2023-01-05,0.011394838001098195,0.0035413899955731853,0.0,-0.10834132310642364
2023-01-06,0.0013574046423237007,-0.009704455227172337,0.011103633916554445,-0.0026881720430108613
2023-01-09,0.011657855496814307,0.021380846325167013,0.010316139767055033,0.0539083557951483
2023-01-10,0.006565724239582016,0.015263846489315114,0.03293807641633739,-0.06930946291560114
2023-01-11,0.030484558040468457,0.045962199312714835,0.02614795918367352,0.008793624622148943
2023-01-12,0.012659863066787347,0.01642710472279263,0.0003107520198881719,0.006537728139471621
2023-01-13,0.018752391886720288,0.023434343434343363,0.011494252873563093,-0.07469553450608923
2023-01-17,0.004007012271475263,0.0047374654559810825,-0.0015356265356265553,0.048844691430242726
2023-01-18,-0.00873035669743083,-0.008251473477406623,0.0036911719470931192,-0.07668711656441718
2023-01-19,0.010694514343230876,0.028922345483359813,0.0346307079374808,-0.010872848082150388
2023-01-20,0.01219967633511776,0.018482864844050928,0.026954976303317668,-0.030839694656488503
2023-01-23,0.0038125691796826455,0.019659735349716545,0.024228439573118044,0.0860113421550095
2023-01-24,-0.018255329576084445,-0.017797552836484987,-0.03491974091805128,-0.05483028720626637
2023-01-25,0.00024959440908545183,-0.021140052850132096,-0.0192588269623577,-0.05862492326580715
2023-01-26,0.010729881472239633,0.007327419976860927,0.010711097887533327,-0.04010433648516476
2023-01-27,-0.01641772620664117,-0.008805513016845401,-0.038563438327936406,0.056046195652173836
2023-01-30,-0.02233935742971893,-0.03476245654692922,-0.047458665033680236,-0.13895143132840138
2023-01-31,0.012451861360718963,0.01800720288115243,0.022822243651558827,0.0026148673888681806
2023-02-01,-0.031190566755420424,-0.035377358490566,-0.0725958516656191,-0.08047690014903142
2023-02-02,-0.006936264886794885,-0.0008149959250204342,-0.018298881735005157,-0.004862236628849326
2023-02-03,-0.03281497100685282,-0.05342577487765077,-0.042112530203658904,-0.018729641693810972
2023-02-06,0.009810600899305078,0.022404136148211906,-0.002162162162162029,0.01950207468879661
2023-02-07,0.0408851706922142,0.03539823008849541,0.04875406283856987,0.0516890516890518
2023-02-08,0.01724137931034475,0.0024420024420024333,-0.0037878787878787845,-0.07275541795665641
2023-02-09,-0.005224926723588541,-0.006090133982947665,-0.026961631524369145,0.014190317195325708
2023-02-10,0.02126569305662307,0.02287581699346397,0.017761989342806483,0.034567901234567655
2023-02-13,0.005268439538384406,0.01078274760383402,0.01431064572425833,-0.04335719968178198
2023-02-14,-0.01347641627152485,-0.01659423152904005,0.011699931176875289,0.06735966735966747
2023-02-15,-0.005944852011130819,0.0036159100040178416,-0.032653061224489854,-0.03739774055317491
2023-02-16,-0.0012724265173686966,-0.02481985588470792,-0.011603375527426185,-0.03318494536624861
2023-02-17,-0.027392024461714737,-0.011494252873563204,-0.0352187833511205,-0.047718710757639116
2023-02-21,-0.0023578726748756385,0.0033222591362125353,0.029498525073746062,-0.08879120879120883
2023-02-22,-0.029017857142857095,-0.0322847682119205,-0.027578796561604557,0.048721659430776665
2023-02-23,0.01947261663286004,0.017964071856287456,-0.0025782688766112782,0.06439742410303584
2023-02-24,0.012335853561480148,-0.008823529411764675,0.032496307237813715,0.059204840103716405
2023-02-27,-0.008385744234800652,0.0038151759220008685,0.008583690987124415,0.11423908608731126
2023-02-28,0.018102536997885776,0.02787162162162171,0.00035460992907809796,0.0058586598315635285
2023-03-01,0.008306294613886989,0.0990139687756777,0.018787663948954147,0.02329814342919545
2023-03-02,0.006049684644098274,0.009345794392523477,-0.0027835768963118124,-0.016364283173247895
2023-03-03,0.01944728761514858,0.01851851851851838,0.016399162595952532,0.0882459312839059
2023-03-06,0.009789156626505813,0.017090909090909046,-0.008925506350840995,-0.14523097374543037
2023-03-07,-0.03579418344519014,-0.034322488380407634,-0.03082784897817803,0.04471228615863132
2023-03-08,-0.01185872647589592,-0.004442798963346872,-0.020014295925661174,-0.05061406773353172
2023-03-09,-0.012261935820506054,-0.031238378579397597,-0.026622902990517838,-0.0031360250882006557
2023-03-10,0.01267828843106189,0.015738963531669814,0.03896590483327089,-0.04443570585922141
2023-03-13,-0.02451747522170067,-0.020786092214663543,-0.0039668229354490325,0.07242798353909463
2023-03-14,-0.0463903743315508,-0.014666152064839899,-0.0173787110789283,-0.012663085188027612
2023-03-15,-0.05215196971821112,-0.04504504504504492,-0.04016212232866612,-0.052079284881461296
2023-03-16,0.010945126460582655,0.027071369975389503,0.01497120921305184,0.030750307503074836
2023-03-17,-0.023555230431602014,-0.0007987220447285281,0.013237518910741208,-0.0700079554494828
2023-03-20,0.013485166317051434,0.01358912869704243,0.002986188876446416,-0.049187339606501346
2023-03-21,0.024985215848610354,0.0011829652996846463,0.0011164867882396123,0.0562303193882141
2023-03-22,0.022645319486513937,0.02126821583300509,0.01858736059479571,-0.07538330494037482
2023-03-23,-0.013258110014104485,0.005013497878904705,-0.02007299270072993,-0.007830492860432914
2023-03-24,-0.01000571755288715,-0.00652340752110514,0.003724394785847185,0.028783658310120863
2023-03-27,0.051256136298007515,0.036693704132869875,0.02782931354359941,-0.0577617328519856
2023-03-28,0.005356407086938519,0.010432190760059523,0.0,-0.0277777777777779
2023-03-29,-0.0031420765027323494,-0.016224188790560534,-0.04043321299638991,-0.019211822660098354
2023-03-30,0.019185966835685964,-0.002623688155922066,-0.012791572610985624,0.05675539929683571
2023-03-31,0.01748016673389796,0.015031942878616977,0.01981707317073167,0.05323193916349811
2023-04-03,0.06277256508523843,0.02110329507589781,-0.004857997010463522,-0.05370036101083042
2023-04-04,0.0036060681422531715,-0.0076142131979695105,0.0015020653398423178,0.0042918454935620964
2023-04-05,-0.001239003840911801,0.03032517354767994,0.023997000374953226,0.0232668566001899
2023-04-06,0.0011164867882396123,-0.0024822695035460196,-0.025631636763090437,-0.06682134570765652
2023-04-10,-0.011895910780669205,-0.001777461784571721,0.007515971439308489,0.08005967180507212
2023-04-11,0.022447955856533808,0.02029914529914545,-0.0048489369638193835,0.006445672191528473
2023-04-12,0.02121918312277704,0.002792321116928509,0.013118440779610108,-0.04254345837145468
2023-04-13,-0.013211626231083407,-0.014270797076227026,-0.011098779134295134,-0.041089345437171465
2023-04-14,0.004381694255112034,0.0014124293785311437,-0.012719790497568328,0.05331340308918775
2023-04-17,-0.0204798836645661,-0.02186177715091675,-0.009094353921940024,0.07615894039735105
2023-04-18,0.0003711493257454457,-0.008291276135544368,-0.005736137667304075,0.040000000000000036
2023-04-19,-0.02102399208508532,-0.03816793893129766,-0.016153846153846296,-0.06086221470836861
2023-04-20,-0.02362304194037379,-0.02267573696145131,-0.024628616106332935,0.012151215121512182
2023-04-21,0.007504204942424542,0.006187161639597871,-0.0024048096192386126,-0.007114273010226824
2023-04-24,0.011429305252343758,0.011529592621060791,0.016874246685415928,0.017913121361397222
2023-04-25,-0.021457592686643157,-0.016337386018237088,-0.031608060055314136,0.014958205015398018
2023-04-26,-0.035941352017646255,-0.015449980687524123,-0.03182374541003663,-0.08235804074555697
2023-04-27,0.006191117092866794,-0.006276971361318218,-0.008006742520016874,0.1124232404345773
2023-04-28,0.027019796682717923,0.017765495459928893,0.010620220900594779,0.023354564755838636
2023-05-01,-0.014587132065642106,-0.010861132660977546,0.0012610340479193294,-0.03817427385892125
2023-05-02,-0.05286809410520754,-0.04470588235294115,-0.03904282115869018,-0.04486626402070759
2023-05-03,-0.042701646664806026,-0.046798029556650245,-0.02490170380078638,-0.019873532068654054
2023-05-04,-0.0005830903790086106,0.0017226528854434875,0.0031362007168458383,-0.03179723502304144
2023-05-05,0.040548424737456346,0.022785898538263183,0.03394372487717745,0.017134697762970053
2023-05-08,0.025511634426689023,0.034888608659100484,0.027213822894168516,0.0472625175479644
2023-05-09,0.007517769272826547,0.007311129163281693,0.005046257359125228,0.012957998212689947
2023-05-10,-0.015601682268348793,0.006048387096774244,0.001255230125522866,-0.03352448169386857
2023-05-11,-0.023291069459757452,-0.014829659318637223,-0.01796907647304624,-0.0004564125969875876
2023-05-12,-0.011711584591505564,-0.011391375101708734,-0.018723404255319154,0.034703196347031895
2023-05-15,0.01527698458023985,0.01728395061728394,0.031222896790980004,0.048102383053839404
2023-05-16,-0.003515679932498905,0.0028317152103560783,-0.005887300252312988,0.0004210526315788776
2023-05-17,0.02780129833474465,0.03630496167809594,0.024957698815566864,-0.004629629629629539
2023-05-18,-0.013318687354112346,-0.00038925652004662137,-0.008254230293025189,0.09598308668076094
2023-05-19,-0.004313943779571394,0.0031152647975078995,-0.017062005826050775,-0.002700617283950657
2023-05-22,0.006149545772187182,0.028338509316770066,0.0016934801016088574,-0.07156673114119927
2023-05-23,0.012779552715654896,0.004907512268780723,-0.0016906170752324368,-0.032916666666666594
2023-05-24,0.019613221780277135,0.022163786626596682,0.02201524132091448,0.033175355450236976
2023-05-25,-0.033763788001076156,-0.01727306137449469,-0.028169014084507116,-0.0379482902418683
2023-05-26,0.011694278156759053,0.01084517576664168,0.009803921568627416,-0.0546163849154746
2023-05-30,-0.044172285674969114,-0.03958564557898625,-0.03714647530603632,0.06694176983035294
2023-05-31,-0.019723581917650335,-0.013867488443759624,-0.009206488382288658,-0.02621400945423291
2023-06-01,0.029519753267733817,-0.04843750000000002,0.02433628318584069,-0.04766107678729037
2023-06-02,0.023395149786020086,0.026683087027914665,0.018142548596112418,0.006487488415199305
2023-06-05,0.005715082241427583,0.009196321471411473,0.008909630886720477,0.03360957642725593
2023-06-06,-0.0056826056826058124,0.015847860538827252,-0.004205214465937912,0.0075723830734966135
2023-06-07,0.011011987733481998,0.03003120124804992,0.014358108108108114,0.029619805481874595
2023-06-08,-0.017096373914242347,-0.010602044680045442,-0.004995836802664466,0.009875483039931243
2023-06-09,-0.015710478327956245,-0.007654037504783773,-0.012133891213389036,-0.04166666666666663
2023-06-12,-0.043465868604816826,-0.04242190512919397,-0.022024565861922918,0.0053238686779060185
2023-06-13,0.034266984505363585,0.030205396697543296,0.03767864876569926,0.032656663724624835
2023-06-14,-0.01656583117257282,-0.0011727912431586107,-0.015859766277128484,0.0008547008547008517
2023-06-15,0.034422147356086175,0.03405088062622297,0.051738761662425636,0.08155422715627658
2023-06-16,0.01642594165958644,0.014761544284632944,0.02862903225806468,0.03908409001184365
2023-06-20,-0.017832265254945634,-0.026855650876538628,-0.029792238337906674,-0.05319148936170215
2023-06-21,0.02879432624113476,0.005749329244921553,0.03595959595959597,0.042134831460674205
2023-06-22,-0.04163794292017087,-0.02820121951219523,-0.038221528861154375,0.004235656526761611
2023-06-23,-0.0050352467270897705,-0.012941176470588234,-0.023925385239253916,0.04639570552147232
2023-06-26,0.0030364372469637857,0.008343265792610133,0.01329455754050679,0.02271894466837665
2023-06-27,-0.02407380712123397,-0.008274231678486954,-0.016400164001640016,-0.010032246506628484
2023-06-28,0.02747415066469716,0.034167659912594406,0.0033347228011670893,-0.05790807093738681
2023-06-29,0.004312823461759541,0.005762581636573172,0.0037390943082675765,0.03764886669227807
2023-06-30,0.01116518751789286,0.006111535523300127,0.013245033112582849,0.03591262495372094
2023-07-03,-0.012032842582106351,-0.06529992406985563,-0.029003267973856328,-0.031808434596140134
2023-07-05,0.028657400773749897,0.022745735174654502,0.04880100967606227,-0.019195275009228463
2023-07-06,0.0001392951664576092,0.010325655281969937,-0.005615724027276281,-0.018065487391795254
2023-07-07,0.028690807799442997,0.017688679245283057,0.03227107704719656,-0.01034879264085864
2023-07-10,-0.011779041429731962,-0.007338740826574042,-0.0023446658851115076,0.033694810224632166
2023-07-11,0.02520893273051117,0.020622568093385363,0.01214257735996882,0.02322967403521914
2023-07-12,0.012294534277696112,0.01677468547464711,0.006191950464396356,-0.03625045770779922
2023-07-13,0.015049504950495063,0.004499437570303799,0.0038461538461538325,-0.03305471124620063
2023-07-14,-0.019118220834959065,-0.013064576334453015,-0.0045977011494252595,-0.0023575638506875274
2023-07-17,-0.016839034738796,-0.004538577912254205,-0.013086989992301734,-0.010634107916502655
2023-07-18,0.021577882670262838,0.023556231003039496,0.013650546021841015,0.046576433121019
2023-07-19,-0.005280528052805322,0.010022271714922093,0.01654482493266629,-0.009889691898059993
2023-07-20,0.0037159920371598876,0.008085262771039936,0.00832702498107496,0.05916250480215135
2023-07-21,0.019040063466878143,0.021509296390813004,0.030780780780780725,-0.01595937613347842
2023-07-24,0.02166861294926692,0.03319057815845827,0.009104151493080748,-0.010320678215997026
2023-07-25,0.011303022606045321,-0.014507772020725285,0.0025261638397691133,0.016759776536312776
2023-07-26,-0.010674368956423375,0.018927444794952564,0.023398128149747954,-0.023809523809523836
2023-07-27,0.016628585935516638,0.015135878912968748,0.026028842771719907,-0.06491557223264544
2023-07-28,0.006118117118241839,0.001694340901389424,0.014398354473774466,0.058587479935794606
2023-07-31,0.015140233308513329,-0.009133964817320761,0.010814464346062813,-0.0015163002274450887
2023-08-01,-0.005256723716381306,-0.019119153294639646,0.010698762955533292,-0.028094153378891318
2023-08-02,-0.023104338208184916,-0.03376261747302489,-0.006285147204763475,-0.032421875000000044
2023-08-03,0.025915209460309452,-0.00396253602305463,0.0236351531291612,0.03552684699232955
2023-08-04,0.015573267933782997,0.006509945750452051,-0.004227642276422916,0.004678362573099504
2023-08-07,-0.010625452789181256,0.007545813869924478,-0.015022860875244848,0.05743112145906104
2023-08-08,0.011959970710275769,0.014621968616262526,0.023209549071617985,0.019082568807339495
2023-08-09,0.017848528702363753,0.029173989455184346,0.03920933246921576,0.06553835073820657
2023-08-10,-0.018720379146919597,-0.007855191256830651,-0.016838166510757646,-0.06623859411963506
2023-08-11,0.004467519922723984,0.020654044750430423,-0.009831906121154477,0.002533478103510678
2023-08-14,-0.008174059382137222,-0.019898819561551373,-0.010890454836643082,0.00902527075812265
2023-08-15,-0.018422009453399668,-0.019958706125258185,-0.01943005181347157,-0.048658318425760294
2023-08-16,-0.019878997407087318,0.0066713483146068064,-0.002311756935270859,-0.025197442647611812
2023-08-17,0.012723607961703243,-0.015695849319846467,0.02416418404501819,0.011188271604938294
2023-08-18,0.010697847991043563,0.0003543586109142627,0.02133160956690383,-0.02670736360167869
2023-08-21,-0.006523076923076965,-0.017711654268508625,-0.013924050632911356,0.03175225401803217
2023-08-22,-0.004583746283449042,0.005769924269743987,0.007381258023106518,-0.027355623100303927
2023-08-23,-0.018170504044803915,-0.007171029042667643,-0.003185727938833982,-0.024609375000000044
2023-08-24,0.0020281404487261234,0.003972553268327905,0.0086289549376799,0.008810572687224738
2023-08-25,0.00986717267552173,0.03453237410071952,0.048162230671736195,0.008336641524414379
2023-08-28,0.0033821871476888976,-0.02781641168289295,-0.031438935912938226,0.015354330708661434
2023-08-29,0.01323345817727839,-0.0017882689556508735,0.001872659176029856,-0.00891818534315636
2023-08-30,0.00579103006407089,0.006449301325689882,-0.03551401869158877,0.09389671361502328
2023-08-31,0.024500796275878978,-0.015307938768244989,0.015180878552971455,-0.010014306151645225
2023-09-01,0.022958268563912476,-0.06326825741142439,-0.012090359529112304,-0.0010838150289016468
2023-09-05,0.013325540619520737,-0.003859513701273687,0.0370370370370372,-0.06618444846292959
2023-09-06,0.00980505248586927,0.007748934521503381,-0.008385093167701863,-0.027885360185902375
2023-09-07,-0.007653644048435049,0.00845828527489445,0.005950516755402591,0.027490039840637692
2023-09-08,0.0073673304938413064,0.011818528402592232,0.027085927770859275,0.010081426909654745
2023-09-11,-0.0025139984001828486,0.024491333835719553,0.019096695968475297,0.0011516314779271841
2023-09-12,0.017756902279757014,0.0033100404560502117,-0.010113027959547938,0.051763803680981546
2023-09-13,-0.0036019810895994153,0.003665689149560114,0.03215144230769229,-0.02296755377324089
2023-09-14,0.018526886579304014,0.0018261504747991708,0.013682678311499386,0.010447761194029903
2023-09-15,0.006765749778172125,-0.012759752096244914,-0.028431935669155695,-0.02363367799113736
2023-09-18,0.00782196761044407,-0.0036927621861152504,-0.02808158439255104,0.03177004538577921
2023-09-19,-0.003060778312199419,-0.014825796886582698,0.02615571776155723,0.04398826979472137
2023-09-20,-0.01008771929824559,-0.0146726862302482,-0.013930053349140548,-0.04037921348314599
2023-09-21,-0.007199822773593323,0.00038182512409301594,0.012323414487526385,-0.04500548847420427
2023-09-22,0.004462791476068428,-0.022137404580152786,-0.018408551068883616,0.010344827586207028
2023-09-25,-0.003887593024547331,-0.007025761124121677,-0.01330913490623109,0.0007584376185056918
2023-09-26,0.007917038358608242,0.007075471698113178,-0.011649294911097452,0.006441834028040994
2023-09-27,0.03639783161854204,0.014441842310694897,0.028225806451612767,0.04066265060240948
2023-09-28,-0.021029035012809727,-0.03616775682954998,0.0009049773755656076,0.06548480463096973
2023-09-29,-0.01003162141533076,-0.02594810379241519,0.013261000602772688,-0.005432937181663822
2023-10-02,-0.021698424936667182,-0.011475409836065542,-0.04134443783462227,-0.03038579720040968
2023-10-03,0.004616077460031676,-0.021558872305140975,-0.008687558175612842,0.03838028169014085
2023-10-04,-0.056147035750308216,-0.06864406779661014,-0.05539906103286385,0.004408273991183487
2023-10-05,-0.022678698646402262,-0.0040946314831664665,-0.04937044400265067,0.06887238352464542
2023-10-06,0.005831612197788827,0.0013704888076748745,0.011153712094806423,0.054327226784586236
2023-10-09,0.043362724966783395,0.020985401459853836,0.022750775594622574,0.011384062312762122
2023-10-10,-0.004746469090067151,0.008936550491510209,0.017863161442534414,0.0017772511848341832
2023-10-11,-0.028847272304292293,-0.021257750221434946,-0.006953642384105896,-0.0014784151389710676
2023-10-12,-0.006946939753263881,-0.020361990950226172,0.015338446148716267,-0.009771986970684043
2023-10-13,0.05765287661319496,0.04618937644341803,0.05484400656814459,-0.03229665071770327
2023-10-16,-0.01174592313832823,0.0035320088300221375,-0.019613947696139555,-0.03924598269468482
2023-10-17,0.0,0.005279366476022895,0.00889171165449354,-0.009649404953361196
2023-10-18,0.0191553196399723,0.030196936542669528,-0.011960969468051696,-0.00746995777849957
2023-10-19,0.011888586956521952,0.003398470688190214,0.010831474992035739,-0.03239528795811519
2023-10-20,-0.006937451046212462,0.00508044030482635,-0.005042546485975463,-0.019614474129184933
2023-10-23,-0.03673239436619724,-0.01895534962089296,-0.019322141273360738,0.009313556398758305
2023-10-24,-0.020470230436308356,-0.026191498497209253,-0.016472868217054293,0.015379357484620604
2023-10-25,0.019703845235252038,0.007054673721340388,-0.0045977011494252595,0.013126893301918408
2023-10-26,-0.025529921536479816,-0.012259194395796813,0.0042890135268887075,0.0677740863787375
2023-10-27,0.028001442134359067,0.025265957446808596,0.0026281208935610145,-0.015556938394523878
2023-10-30,-0.03776011222819742,-0.04020752269779504,-0.028178243774574008,0.05941845764854614
2023-10-31,-0.01567245778155757,0.0013513513513512265,0.008428860418071338,0.06652744630071616
2023-11-01,-0.007158726240434454,-0.016644174538911316,-0.009695753928452011,-0.02265734265734265
2023-11-02,0.025111884634510195,0.027447392497712775,0.02160702228224154,-0.006296508299942882
2023-11-03,-0.023647829250545538,-0.020035618878005312,-0.0337078651685393,0.012384792626728203
2023-11-06,0.0038504533598309187,0.01590186278964123,0.009575923392612928,-0.07140825035561882
2023-11-07,-0.04268745360059378,-0.030411449016100156,-0.03861788617886175,-0.03799019607843124
2023-11-08,-0.026366808840636025,-0.01798892988929901,-0.03136011275546158,-0.010828025477707115
2023-11-09,0.0054427187043673,0.015030530765617778,-0.010913059294288874,-0.020927237604636217
2023-11-10,0.018880380248217588,0.013419713095788932,0.008826774549466787,-0.002630713581058819
2023-11-13,0.014124659841907583,0.02100456621004576,0.034998177178271916,0.054071876030333144
2023-11-14,0.0,-0.005813953488372214,-0.0007044734061288915,-0.028464185173600276
2023-11-15,-0.02044467160746244,-0.009446693657219951,0.01127952062037374,0.027044430135222175
2023-11-16,-0.049047743282024436,-0.045867393278837376,-0.04147786685256194,-0.04012539184952979
2023-11-17,0.04101508916323726,0.039980961446929975,0.008363636363636351,-0.03331156107119526
2023-11-20,0.022532612992488987,0.01876430205949653,0.027767760548142784,-0.02635135135135125
2023-11-21,0.0021907216494845283,0.003593890386343279,0.02631578947368407,-0.012491325468424685
2023-11-22,-0.00861514722900869,-0.0008952551477170445,-0.012307692307692353,0.017919887561489656
2023-11-24,-0.020233463035019272,-0.030017921146953452,-0.01834544825199025,-0.014497756299620246
2023-11-27,-0.009001853322743059,0.006928406466512715,0.0007052186177716191,-0.02136602451838876
2023-11-28,0.020705316590969858,0.022935779816513735,0.024312896405919604,-0.03149606299212604
2023-11-29,0.018976573746891878,0.024215246636771326,-0.006191950464396356,0.036215816703621506
2023-11-30,-0.024402774210120826,-0.03677758318739044,-0.02007615091727233,-0.0007132667617688604
2023-12-01,-0.024881516587677788,-0.035909090909091,-0.05969622041681388,0.004282655246252709
2023-12-04,-0.013905764817064736,0.006129184347006156,-0.0007513148009015147,-0.04264392324093824
2023-12-05,-0.009857612267251015,-0.011246485473289658,-0.0071428571428572285,0.005939123979213035
2023-12-06,-0.040652654867256555,-0.03791469194312802,-0.02461188943581971,-0.05202952029520291
2023-12-07,-0.0005765350245026113,-0.014285714285714235,-0.010481366459627384,0.006228104320747274
2023-12-08,0.027256994519757827,0.024487756121938986,0.012553942722636435,-0.001547388781431347
2023-12-11,0.0012635125649302914,-0.0034146341463413554,0.010848508330104645,-0.05811700891127469
2023-12-12,-0.037997756590016696,-0.030837004405286472,-0.039095438865465626,-0.0493624023035788
2023-12-13,0.012534615945197558,0.022727272727272707,0.016354208216992294,0.010385114668974404
2023-12-14,0.03037282280120923,0.04641975308641988,0.01687598116169542,0.02441113490364022
2023-12-15,-0.002095557418273164,0.008494572911750708,0.01157854110382095,0.04138795986622079
2023-12-18,0.014559708805823801,0.01029480580252673,0.019839755818390037,0.004817342432757998
2023-12-19,0.013384848902994406,0.01945345067160731,0.016460905349794164,-0.0043947263284059845
2023-12-20,0.0106209150326797,0.0,-0.002944423997055523,-0.0180577849117175
2023-12-21,-0.004446240905416343,-0.019082235347569365,-0.0044296788482834915,0.05108295872496926
2023-12-22,-0.004466098254161555,-0.013432144511347777,-0.013348164627363768,0.014774494556765161
2023-12-26,0.027324632952691497,0.013145539906103343,0.00300638857572344,-0.02298850574712641
2023-12-27,-0.019319835913722327,-0.0013901760889712955,-0.016860247283626784,0.027058823529412024
2023-12-28,-0.03157468627715565,-0.0324825986078886,-0.02591463414634143,-0.023673157693776314
2023-12-29,-0.001672007802702935,0.008633093525179936,-0.0011737089201878659,-0.01681658193195157
2024-01-02,-0.017725052337753122,-0.003804089396100774,-0.010575793184488869,0.02147971360381873
2024-01-03,0.03296391020176204,0.030071599045345954,0.030878859857482288,0.0389408099688473
2024-01-04,-0.007015130674002834,-0.022242817423540284,-0.006144393241167445,0.057346326836581696
2024-01-05,0.022440781271644283,-0.0018957345971564177,0.008114374034003058,0.025522864232541576
2024-01-08,-0.04118683105270293,-0.03703703703703698,-0.012265235722499046,0.03007258900795029
2024-01-09,0.020771513353115667,0.024161735700197307,0.028327512611563854,0.07046979865771807
2024-01-10,-0.01204318936877058,-0.004814636494944513,-0.0184905660377358,-0.047335423197492066
2024-01-11,0.009107468123861429,0.022738268021286645,0.02806612841214906,0.019085225403093098
2024-01-12,0.00916412107747866,0.0028382213812678803,-0.0018698578908002972,0.06974491443332265
2024-01-16,-0.0038525041276830096,0.0009433962264149276,-0.002997377294867043,-0.12466042861454885
2024-01-17,0.0022099447513812542,0.006126295947219473,-0.002630590003757982,-0.010344827586206806
2024-01-18,0.02094818081587646,0.022950819672131306,0.015071590052750494,-0.06027874564459934
2024-01-19,-0.009044276457883416,-0.009615384615384803,-0.01187824795842618,-0.06599925843529841
2024-01-22,0.024247377741452025,0.03467406380027738,0.012021036814425345,-0.039698292973402216
2024-01-23,-0.010905705545950162,-0.01251117068811436,-0.0011135857461025411,0.012815212897891781
2024-01-24,0.009681323114158813,0.0,-0.0033444816053511683,0.07795918367346921
2024-01-25,0.030230390198428436,0.024434389140271406,0.04213273676360929,-0.026505111700113493
2024-01-26,0.00840227507755964,0.013250883392226243,0.017173524150268404,0.05484247374562434
2024-01-29,-0.015767209332136933,-0.028334786399302536,-0.0031656700668307725,-0.08185840707964598
2024-01-30,0.013545194060953225,0.014356213548676555,-0.009527170077628822,-0.16586345381526113
2024-01-31,-0.025314829092778157,-0.034498009730208,0.0003562522265763146,0.011073663938372613
2024-02-01,-0.026763348714568203,0.005497022446175004,-0.033831908831908786,-0.023809523809523947
2024-02-02,-0.02086155513410992,-0.021412300683371188,-0.019535569480280124,0.014146341463414869
2024-02-05,0.006917542888766004,0.028398510242085617,0.02443609022556381,0.0014430014430013571
2024-02-06,0.007282220390217198,0.00362154821186067,0.006605504587155808,-0.03506243996157543
2024-02-07,0.0075023871231754136,0.020748759585024645,0.026248632883703937,-0.020905923344947674
2024-02-08,0.031952342269157885,0.03490941228457811,0.026998223801065757,-0.025419420437214013
2024-02-09,0.008134347940173203,-0.000853970964987294,0.025250778277412733,-0.03651538862806469
2024-02-12,0.0010411244143675447,0.011538461538461497,-0.014844804318488558,-0.04277206280454793
2024-02-13,0.012350494019760738,0.011829319814110617,-0.008219178082191747,-0.04468325791855199
2024-02-14,-0.015795556697059232,-0.03256784968684756,-0.02969613259668502,-0.047365304914150475
2024-02-15,0.018136743215031226,0.0004315925766076312,0.004982206405693912,-0.017402113113735296
2024-02-16,0.014866077149814139,0.007765314926660771,-0.006019830028328621,0.017710309930423884
2024-02-20,-0.012754135623184615,-0.02525684931506833,-0.026718916993231145,-0.02050963331261646
2024-02-21,-0.0034535686876440153,0.0039525691699604515,-0.009882869692532936,0.125
2024-02-22,0.008984725965857976,0.021434820647419084,0.01737523105360439,-0.023124647490129657
2024-02-23,-0.026968579061188214,-0.02483940042826549,-0.022529069767441845,-0.07448036951501158
2024-02-26,0.014250228788077024,0.01273605621431706,0.027137546468401386,0.03493449781659397
2024-02-27,0.016627996906419362,0.016478751084128218,-0.006152732537097361,-0.026522001205545487
2024-02-28,-0.004184100418409997,-0.031143344709897547,-0.03204661325564462,0.16718266253869962
2024-02-29,-0.0035650623885917776,0.014531043593130732,0.009781790820165615,-0.013262599469495928
2024-03-01,0.021850242780475204,0.13454861111111116,0.007451564828613977,-0.013440860215053863
2024-03-04,-0.015380767787920524,-0.010711553175210442,-0.021079881656804855,0.04414168937329688
2024-03-05,-0.007493014986029833,-0.020494972931167754,-0.015111446921042493,0.02139874739039671
2024-03-06,0.01253998720409455,0.008290564547966728,0.021480629075565583,-0.014307613694430232
2024-03-07,-0.002527486414760416,0.0003915426781520015,0.01201652271873832,-0.05754276827371696
2024-03-08,-0.011655897630812095,-0.010958904109588996,-0.020037105751391393,-0.007150715071507219
2024-03-11,-0.001025509550057646,0.0213692125049465,0.004165088981446408,-0.025484764542936356
2024-03-12,-0.004747850635185458,0.0019372336303757898,-0.013197586726998556,-0.025582717453098258
2024-03-13,0.02784940691077864,0.029389017788089777,0.025983951089033175,-0.03267211201866982
2024-03-14,0.01931761164074275,0.015401953418482384,0.00893854748603351,0.05006031363088059
2024-03-15,-0.002707359094265338,0.006659267480577213,0.006644518272425071,-0.04939689833429073
2024-03-18,0.02073050345508376,0.013230429988974723,0.022368903557022257,0.029003021148036323
2024-03-19,0.009066731141199158,0.0018135654697133408,-0.0096843615494977,0.024075161479741647
2024-03-20,-0.02144483047801593,-0.010499637943519158,-0.023542194856935872,-0.02580275229357798
2024-03-21,-0.007468168462292035,-0.002195389681668547,-0.01001483679525228,-0.009417304296645113
2024-03-22,-0.005427408412483015,0.0047671433810048125,-0.005994754589733975,-0.014260249554367221
2024-03-25,0.016371077762619368,0.0029197080291971655,0.009800226159065062,-0.026522001205545487
2024-03-26,-0.00402684563758382,-0.017103347889374176,-0.021276595744680882,-0.024767801857585203
2024-03-27,-0.0033080127419751193,-0.005923731951129163,-0.00877192982456132,0.09079365079365087
2024-03-28,0.02237246465888143,0.02830540037243945,0.0065409772989610815,0.026193247962747357
2024-04-01,0.006492725742455185,-0.01847156827236518,0.004204892966360729,0.041973908111174074
2024-04-02,0.01720224584876373,0.018081180811807984,0.03235629996193401,0.013609145345672369
2024-04-03,0.0032883147386963962,0.0007249003262053133,0.007374631268436627,-0.011278195488721887
2024-04-04,0.013578368254711481,0.01195219123505975,0.0032942898975110158,-0.036393264530146685
2024-04-05,0.0036955768564499447,-0.0017895490336434783,0.011674571324334249,0.006200676437429387
